任务id,车站,线路,运营公司,线路名,队伍,分配日期,状态,进度,开始日,完成日,来源,建者,备注
1,駒場東大前,井の頭線,京王,井の頭線,小川队,2026-10-03,unassigned,0,,,station,seed,
2,池ノ上,井の頭線,京王,井の頭線,小川队,2026-10-03,unassigned,0,,,station,seed,
3,新代田,井の頭線,京王,井の頭線,小川队,2026-10-03,unassigned,0,,,station,seed,
4,東松原,井の頭線,京王,井の頭線,小川队,2026-10-03,unassigned,0,,,station,seed,
5,永福町,井の頭線,京王,井の頭線,小川队,2026-10-03,unassigned,0,,,station,seed,
6,西永福,井の頭線,京王,井の頭線,小川队,2026-10-03,unassigned,0,,,station,seed,
7,浜田山,井の頭線,京王,井の頭線,小川队,2026-10-03,unassigned,0,,,station,seed,
8,高井戸,井の頭線,京王,井の頭線,小川队,2026-10-03,unassigned,0,,,station,seed,
9,富士見ヶ丘,井の頭線,京王,井の頭線,小川队,2026-10-03,unassigned,0,,,station,seed,
10,三鷹台,井の頭線,京王,井の頭線,小川队,2026-10-03,unassigned,0,,,station,seed,
11,井の頭公園,井の頭線,京王,井の頭線,小川队,2026-10-03,unassigned,0,,,station,seed,
12,代田橋,京王線,京王,京王線,小川队,2026-10-03,unassigned,0,,,station,seed,
13,下高井戸,京王線,京王,京王線,小川队,2026-10-03,unassigned,0,,,station,seed,
14,桜上水,京王線,京王,京王線,小川队,2026-10-03,unassigned,0,,,station,seed,
15,上北沢,京王線,京王,京王線,小川队,2026-10-03,unassigned,0,,,station,seed,
16,八幡山,京王線,京王,京王線,小川队,2026-10-03,unassigned,0,,,station,seed,
17,柴崎,京王線,京王,京王線,小川队,2026-10-03,unassigned,0,,,station,seed,
18,国領,京王線,京王,京王線,小川队,2026-10-03,unassigned,0,,,station,seed,
19,布田,京王線,京王,京王線,小川队,2026-10-03,unassigned,0,,,station,seed,
20,府中競馬正門前,競馬場線,京王,競馬場線,小川队,2026-10-03,unassigned,0,,,station,seed,
21,南新宿,小田原線(新宿~相模大野),小田急,小田原線,小川队,2026-10-03,unassigned,0,,,station,seed,
22,参宮橋,小田原線(新宿~相模大野),小田急,小田原線,小川队,2026-10-03,unassigned,0,,,station,seed,
23,代々木八幡,小田原線(新宿~相模大野),小田急,小田原線,小川队,2026-10-03,unassigned,0,,,station,seed,
24,代々木上原,小田原線(新宿~相模大野),小田急,小田原線,小川队,2026-10-03,unassigned,0,,,station,seed,
25,東北沢,小田原線(新宿~相模大野),小田急,小田原線,小川队,2026-10-03,unassigned,0,,,station,seed,
26,世田谷代田,小田原線(新宿~相模大野),小田急,小田原線,小川队,2026-10-03,unassigned,0,,,station,seed,
27,梅ヶ丘,小田原線(新宿~相模大野),小田急,小田原線,小川队,2026-10-03,unassigned,0,,,station,seed,
28,豪徳寺,小田原線(新宿~相模大野),小田急,小田原線,小川队,2026-10-03,unassigned,0,,,station,seed,
29,千歳船橋,小田原線(新宿~相模大野),小田急,小田原線,小川队,2026-10-03,unassigned,0,,,station,seed,
30,祖師ヶ谷大蔵,小田原線(新宿~相模大野),小田急,小田原線,小川队,2026-10-03,unassigned,0,,,station,seed,
31,喜多見,小田原線(新宿~相模大野),小田急,小田原線,小川队,2026-10-03,unassigned,0,,,station,seed,
32,狛江,小田原線(新宿~相模大野),小田急,小田原線,小川队,2026-10-03,unassigned,0,,,station,seed,
33,和泉多摩川,小田原線(新宿~相模大野),小田急,小田原線,小川队,2026-10-03,unassigned,0,,,station,seed,
34,代々木公園,千代田線,東京メトロ,9号線千代田線,小川队,2026-10-03,unassigned,0,,,station,seed,
35,西太子堂,世田谷線,東急,世田谷線,小川队,2026-10-03,unassigned,0,,,station,seed,
36,若林,世田谷線,東急,世田谷線,小川队,2026-10-03,unassigned,0,,,station,seed,
37,松陰神社前,世田谷線,東急,世田谷線,小川队,2026-10-03,unassigned,0,,,station,seed,
38,世田谷,世田谷線,東急,世田谷線,小川队,2026-10-03,unassigned,0,,,station,seed,
39,上町,世田谷線,東急,世田谷線,小川队,2026-10-03,unassigned,0,,,station,seed,
40,宮の坂,世田谷線,東急,世田谷線,小川队,2026-10-03,unassigned,0,,,station,seed,
41,山下,世田谷線,東急,世田谷線,小川队,2026-10-03,unassigned,0,,,station,seed,
42,松原,世田谷線,東急,世田谷線,小川队,2026-10-03,unassigned,0,,,station,seed,
43,池尻大橋,田園都市線,東急,田園都市線,小川队,2026-10-03,unassigned,0,,,station,seed,
44,駒沢大学,田園都市線,東急,田園都市線,小川队,2026-10-03,unassigned,0,,,station,seed,
45,矢野口,南武線(川崎~立川),JR東日本,南武線,小川队,2026-10-03,unassigned,0,,,station,seed,
46,稲城長沼,南武線(川崎~立川),JR東日本,南武線,小川队,2026-10-03,unassigned,0,,,station,seed,
47,南多摩,南武線(川崎~立川),JR東日本,南武線,小川队,2026-10-03,unassigned,0,,,station,seed,
48,新小金井,多摩川線,西武,多摩川線,小川队,2026-10-03,unassigned,0,,,station,seed,
49,尻手,南武線(川崎~立川),JR東日本,南武線,小川队,2026-10-03,unassigned,0,,,station,seed,
50,矢向,南武線(川崎~立川),JR東日本,南武線,小川队,2026-10-03,unassigned,0,,,station,seed,
51,鹿島田,南武線(川崎~立川),JR東日本,南武線,小川队,2026-10-03,unassigned,0,,,station,seed,
52,平間,南武線(川崎~立川),JR東日本,南武線,小川队,2026-10-03,unassigned,0,,,station,seed,
53,向河原,南武線(川崎~立川),JR東日本,南武線,小川队,2026-10-03,unassigned,0,,,station,seed,
54,武蔵小杉,南武線(川崎~立川),東急,東横線,小川队,2026-10-03,unassigned,0,,,station,seed,
55,武蔵中原,南武線(川崎~立川),JR東日本,南武線,小川队,2026-10-03,unassigned,0,,,station,seed,
56,武蔵新城,南武線(川崎~立川),JR東日本,南武線,小川队,2026-10-03,unassigned,0,,,station,seed,
57,武蔵溝ノ口,南武線(川崎~立川),JR東日本,南武線,小川队,2026-10-03,unassigned,0,,,station,seed,
58,津田山,南武線(川崎~立川),JR東日本,南武線,小川队,2026-10-03,unassigned,0,,,station,seed,
59,久地,南武線(川崎~立川),JR東日本,南武線,小川队,2026-10-03,unassigned,0,,,station,seed,
60,宿河原,南武線(川崎~立川),JR東日本,南武線,小川队,2026-10-03,unassigned,0,,,station,seed,
61,登戸,小田原線(新宿~相模大野),小田急,小田原線,小川队,2026-10-03,unassigned,0,,,station,seed,
62,中野島,南武線(川崎~立川),JR東日本,南武線,小川队,2026-10-03,unassigned,0,,,station,seed,
63,溝の口,田園都市線,東急,田園都市線,小川队,2026-10-03,unassigned,0,,,station,seed,
64,西国分寺,中央線沿線(東京~高尾),JR東日本,中央線,小川队,2026-10-03,unassigned,0,,,station,seed,
65,国分寺,中央線沿線(東京~高尾),西武,国分寺線,小川队,2026-10-03,unassigned,0,,,station,seed,
66,武蔵小金井,中央線沿線(東京~高尾),JR東日本,中央線,小川队,2026-10-03,unassigned,0,,,station,seed,
67,東小金井,中央線沿線(東京~高尾),JR東日本,中央線,小川队,2026-10-03,unassigned,0,,,station,seed,
68,花小金井,新宿線(西武新宿~所沢),西武,新宿線,小川队,2026-10-03,unassigned,0,,,station,seed,
69,町田,小田原線(新宿~相模大野),小田急,小田原線,小川队,2026-10-03,unassigned,0,,,station,seed,
70,南町田グランベリーパーク,田園都市線,東急,田園都市線,小川队,2026-10-03,unassigned,0,,,station,seed,
71,鶴川,小田原線(新宿~相模大野),小田急,小田原線,小川队,2026-10-03,unassigned,0,,,station,seed,
72,稲城,相模原線,京王,相模原線,小川队,2026-10-03,unassigned,0,,,station,seed,
73,京王よみうりランド,相模原線,京王,相模原線,小川队,2026-10-03,unassigned,0,,,station,seed,
74,京王多摩川,相模原線,京王,相模原線,小川队,2026-10-03,unassigned,0,,,station,seed,
75,調布,京王線,京王,京王線,小川队,2026-10-03,unassigned,0,,,station,seed,
76,東府中,京王線,京王,京王線,小川队,2026-10-03,unassigned,0,,,station,seed,
77,府中,京王線,京王,京王線,小川队,2026-10-03,unassigned,0,,,station,seed,
78,分倍河原,京王線,京王,京王線,小川队,2026-10-03,unassigned,0,,,station,seed,
79,浮間舟渡,東北線,JR東日本,東北線,小川队,2026-10-03,unassigned,0,,,station,seed,
80,北赤羽,東北線,JR東日本,東北線,小川队,2026-10-03,unassigned,0,,,station,seed,
81,赤羽岩淵,埼玉高速鉄道線,埼玉高速,埼玉高速鉄道線,小川队,2026-10-03,unassigned,0,,,station,seed,
82,赤羽,埼京線(池袋~赤羽),JR東日本,赤羽線,小川队,2026-10-03,unassigned,0,,,station,seed,
83,押上,押上線,京成,押上線,汤静队,2026-10-03,unassigned,0,,,station,seed,
84,京成曳舟,押上線,京成,押上線,汤静队,2026-10-03,unassigned,0,,,station,seed,
85,八広,押上線,京成,押上線,汤静队,2026-10-03,unassigned,0,,,station,seed,
86,京成金町,金町線,京成,金町線,汤静队,2026-10-03,unassigned,0,,,station,seed,
87,三ノ輪,日比谷線,東京メトロ,2号線日比谷線,汤静队,2026-10-03,unassigned,0,,,station,seed,
88,入谷,日比谷線,東京メトロ,2号線日比谷線,汤静队,2026-10-03,unassigned,0,,,station,seed,
89,仲御徒町,日比谷線,東京メトロ,2号線日比谷線,汤静队,2026-10-03,unassigned,0,,,station,seed,
90,田原町,銀座線,東京メトロ,3号線銀座線,汤静队,2026-10-03,unassigned,0,,,station,seed,
91,稲荷町,銀座線,東京メトロ,3号線銀座線,汤静队,2026-10-03,unassigned,0,,,station,seed,
92,馬喰横山,新宿線,都営,10号線新宿線,汤静队,2026-10-03,unassigned,0,,,station,seed,
93,両国,大江戸線,都営,12号線大江戸線,汤静队,2026-10-03,unassigned,0,,,station,seed,
94,本所吾妻橋,浅草線,都営,1号線浅草線,汤静队,2026-10-03,unassigned,0,,,station,seed,
95,蔵前,浅草線,都営,1号線浅草線,汤静队,2026-10-03,unassigned,0,,,station,seed,
96,浅草橋,浅草線,都営,1号線浅草線,汤静队,2026-10-03,unassigned,0,,,station,seed,
97,東日本橋,浅草線,都営,1号線浅草線,汤静队,2026-10-03,unassigned,0,,,station,seed,
98,栄町,東京さくらトラム,千葉モノレール,1号線,汤静队,2026-10-03,unassigned,0,,,station,seed,
99,新庚申塚,東京さくらトラム,都営,荒川線,汤静队,2026-10-03,unassigned,0,,,station,seed,
100,庚申塚,東京さくらトラム,都営,荒川線,汤静队,2026-10-03,unassigned,0,,,station,seed,
101,熊川,五日市線,JR東日本,五日市線,汤静队,2026-10-03,unassigned,0,,,station,seed,
102,東秋留,五日市線,JR東日本,五日市線,汤静队,2026-10-03,unassigned,0,,,station,seed,
103,秋川,五日市線,JR東日本,五日市線,汤静队,2026-10-03,unassigned,0,,,station,seed,
104,武蔵引田,五日市線,JR東日本,五日市線,汤静队,2026-10-03,unassigned,0,,,station,seed,
105,武蔵増戸,五日市線,JR東日本,五日市線,汤静队,2026-10-03,unassigned,0,,,station,seed,
106,武蔵五日市,五日市線,JR東日本,五日市線,汤静队,2026-10-03,unassigned,0,,,station,seed,
107,東福生,八高線(八王子~金子),JR東日本,八高線,汤静队,2026-10-03,unassigned,0,,,station,seed,
108,箱根ケ崎,八高線(八王子~金子),JR東日本,八高線,汤静队,2026-10-03,unassigned,0,,,station,seed,
109,平井,総武線各駅停車(御茶ノ水~市川),JR東日本,総武線,汤静队,2026-10-03,unassigned,0,,,station,seed,
110,新小岩,総武線各駅停車(御茶ノ水~市川),JR東日本,総武線,汤静队,2026-10-03,unassigned,0,,,station,seed,
111,小岩,総武線各駅停車(御茶ノ水~市川),JR東日本,総武線,汤静队,2026-10-03,unassigned,0,,,station,seed,
112,馬喰町,総武線快速(東京~市川),JR東日本,総武線,汤静队,2026-10-03,unassigned,0,,,station,seed,
113,板橋,埼京線(池袋~赤羽),JR東日本,赤羽線,汤静队,2026-10-03,unassigned,0,,,station,seed,
114,牛浜,青梅線,JR東日本,青梅線,汤静队,2026-10-03,unassigned,0,,,station,seed,
115,小作,青梅線,JR東日本,青梅線,汤静队,2026-10-03,unassigned,0,,,station,seed,
116,河辺,青梅線,JR東日本,青梅線,汤静队,2026-10-03,unassigned,0,,,station,seed,
117,東青梅,青梅線,JR東日本,青梅線,汤静队,2026-10-03,unassigned,0,,,station,seed,
118,青梅,青梅線,JR東日本,青梅線,汤静队,2026-10-03,unassigned,0,,,station,seed,
119,小村井,亀戸線,東武,亀戸線,汤静队,2026-10-03,unassigned,0,,,station,seed,
120,東あずま,亀戸線,東武,亀戸線,汤静队,2026-10-03,unassigned,0,,,station,seed,
121,亀戸水神,亀戸線,東武,亀戸線,汤静队,2026-10-03,unassigned,0,,,station,seed,
122,ときわ台,東武東上線(池袋~和光市),東武,東上本線,汤静队,2026-10-03,unassigned,0,,,station,seed,
123,武蔵砂川,拝島線,西武,拝島線,汤静队,2026-10-03,unassigned,0,,,station,seed,
124,西武立川,拝島線,西武,拝島線,汤静队,2026-10-03,unassigned,0,,,station,seed,
125,新御徒町,つくばエクスプレス(秋葉原~八潮),つくばEX,常磐新線,汤静队,2026-10-03,unassigned,0,,,station,seed,
126,浅草,銀座線,つくばEX,常磐新線,汤静队,2026-10-03,unassigned,0,,,station,seed,
127,表参道,千代田線,東京メトロ,3号線銀座線,汤静队,2026-10-03,unassigned,0,,,station,seed,
128,渋谷,井の頭線,京王,井の頭線,汤静队,2026-10-03,unassigned,0,,,station,seed,
129,小川町,新宿線,都営,10号線新宿線,汤静队,2026-10-03,unassigned,0,,,station,seed,
130,金子,八高線(八王子~金子),JR東日本,八高線,汤静队,2026-10-03,unassigned,0,,,station,seed,
131,市川,総武線各駅停車(御茶ノ水~市川),JR東日本,総武線,汤静队,2026-10-03,unassigned,0,,,station,seed,
132,和光市,東武東上線(池袋~和光市),東京メトロ,8号線有楽町線,汤静队,2026-10-03,unassigned,0,,,station,seed,
133,谷塚,伊勢崎線,東武,伊勢崎線,汤静队,2026-10-03,unassigned,0,,,station,seed,
134,草加,伊勢崎線,東武,伊勢崎線,汤静队,2026-10-03,unassigned,0,,,station,seed,
135,原宿,山手線,JR東日本,山手線,汤静队,2026-10-03,unassigned,0,,,station,seed,
136,明治神宮前,千代田線,東京メトロ,9号線千代田線,汤静队,2026-10-03,unassigned,0,,,station,seed,
137,志村三丁目,6号線三田線,都営,6号線三田線,汤静队,2026-10-03,unassigned,0,,,station,seed,
138,志村坂上,6号線三田線,都営,6号線三田線,汤静队,2026-10-03,unassigned,0,,,station,seed,
139,蓮根,6号線三田線,都営,6号線三田線,汤静队,2026-10-03,unassigned,0,,,station,seed,
140,西台,6号線三田線,都営,6号線三田線,汤静队,2026-10-03,unassigned,0,,,station,seed,
141,高島平,6号線三田線,都営,6号線三田線,汤静队,2026-10-03,unassigned,0,,,station,seed,
142,新高島平,6号線三田線,都営,6号線三田線,汤静队,2026-10-03,unassigned,0,,,station,seed,
143,西高島平,6号線三田線,都営,6号線三田線,汤静队,2026-10-03,unassigned,0,,,station,seed,
144,本蓮沼,三田線,都営,6号線三田線,汤静队,2026-10-03,unassigned,0,,,station,seed,
145,板橋本町,三田線,都営,6号線三田線,汤静队,2026-10-03,unassigned,0,,,station,seed,
146,板橋区役所前,三田線,都営,6号線三田線,汤静队,2026-10-03,unassigned,0,,,station,seed,
147,十条,埼京線(池袋~赤羽),JR東日本,赤羽線,汤静队,2026-10-03,unassigned,0,,,station,seed,
148,東十条,東北線,JR東日本,東北線,汤静队,2026-10-03,unassigned,0,,,station,seed,
149,王子神谷,7号線南北線,東京メトロ,7号線南北線,汤静队,2026-10-03,unassigned,0,,,station,seed,
150,志茂,7号線南北線,東京メトロ,7号線南北線,汤静队,2026-10-03,unassigned,0,,,station,seed,
151,西ヶ原,7号線南北線,東京メトロ,7号線南北線,汤静队,2026-10-03,unassigned,0,,,station,seed,
152,青井,つくばエクスプレス(秋葉原~八潮),つくばEX,常磐新線,汤静队,2026-10-03,unassigned,0,,,station,seed,
153,綾瀬,千代田線,東京メトロ,9号線千代田線,汤静队,2026-10-03,unassigned,0,,,station,seed,
154,北綾瀬,千代田線,東京メトロ,9号線千代田線,汤静队,2026-10-03,unassigned,0,,,station,seed,
155,六町,つくばエクスプレス(秋葉原~八潮),つくばEX,常磐新線,汤静队,2026-10-03,unassigned,0,,,station,seed,
156,亀有,常磐線,JR東日本,常磐線,汤静队,2026-10-03,unassigned,0,,,station,seed,
157,金町,常磐線,JR東日本,常磐線,汤静队,2026-10-03,unassigned,0,,,station,seed,
158,京成高砂,金町線,京成,金町線,汤静队,2026-10-03,unassigned,0,,,station,seed,
159,長沼,京王線,京王,京王線,甘子杰队,2026-10-03,unassigned,0,,,station,seed,
160,北野,京王線,京王,京王線,甘子杰队,2026-10-03,unassigned,0,,,station,seed,
161,京王片倉,高尾線,京王,高尾線,甘子杰队,2026-10-03,unassigned,0,,,station,seed,
162,山田,高尾線,京王,高尾線,甘子杰队,2026-10-03,unassigned,0,,,station,seed,
163,めじろ台,高尾線,京王,高尾線,甘子杰队,2026-10-03,unassigned,0,,,station,seed,
164,狭間,高尾線,京王,高尾線,甘子杰队,2026-10-03,unassigned,0,,,station,seed,
165,住吉,半蔵門線,東京メトロ,11号線半蔵門線,甘子杰队,2026-10-03,unassigned,0,,,station,seed,
166,水天宮前,半蔵門線,東京メトロ,11号線半蔵門線,甘子杰队,2026-10-03,unassigned,0,,,station,seed,
167,京橋,銀座線,東京メトロ,3号線銀座線,甘子杰队,2026-10-03,unassigned,0,,,station,seed,
168,西船橋,東西線,東京メトロ,5号線東西線,甘子杰队,2026-10-03,unassigned,0,,,station,seed,
169,原木中山,東西線,東京メトロ,5号線東西線,甘子杰队,2026-10-03,unassigned,0,,,station,seed,
170,妙典,東西線,東京メトロ,5号線東西線,甘子杰队,2026-10-03,unassigned,0,,,station,seed,
171,行徳,東西線,東京メトロ,5号線東西線,甘子杰队,2026-10-03,unassigned,0,,,station,seed,
172,南行徳,東西線,東京メトロ,5号線東西線,甘子杰队,2026-10-03,unassigned,0,,,station,seed,
173,浦安,東西線,東京メトロ,5号線東西線,甘子杰队,2026-10-03,unassigned,0,,,station,seed,
174,南砂町,東西線,東京メトロ,5号線東西線,甘子杰队,2026-10-03,unassigned,0,,,station,seed,
175,門前仲町,大江戸線,東京メトロ,5号線東西線,甘子杰队,2026-10-03,unassigned,0,,,station,seed,
176,銀座一丁目,有楽町線,東京メトロ,8号線有楽町線,甘子杰队,2026-10-03,unassigned,0,,,station,seed,
177,新富町,有楽町線,東京メトロ,8号線有楽町線,甘子杰队,2026-10-03,unassigned,0,,,station,seed,
178,豊洲,有楽町線,ゆりかもめ,東京臨海新交通臨海線,甘子杰队,2026-10-03,unassigned,0,,,station,seed,
179,辰巳,有楽町線,東京メトロ,8号線有楽町線,甘子杰队,2026-10-03,unassigned,0,,,station,seed,
180,篠崎,新宿線,都営,10号線新宿線,甘子杰队,2026-10-03,unassigned,0,,,station,seed,
181,瑞江,新宿線,都営,10号線新宿線,甘子杰队,2026-10-03,unassigned,0,,,station,seed,
182,一之江,新宿線,都営,10号線新宿線,甘子杰队,2026-10-03,unassigned,0,,,station,seed,
183,船堀,新宿線,都営,10号線新宿線,甘子杰队,2026-10-03,unassigned,0,,,station,seed,
184,東大島,新宿線,都営,10号線新宿線,甘子杰队,2026-10-03,unassigned,0,,,station,seed,
185,大島,新宿線,都営,10号線新宿線,甘子杰队,2026-10-03,unassigned,0,,,station,seed,
186,西大島,新宿線,都営,10号線新宿線,甘子杰队,2026-10-03,unassigned,0,,,station,seed,
187,菊川,新宿線,都営,10号線新宿線,甘子杰队,2026-10-03,unassigned,0,,,station,seed,
188,浜町,新宿線,都営,10号線新宿線,甘子杰队,2026-10-03,unassigned,0,,,station,seed,
189,岩本町,新宿線,都営,10号線新宿線,甘子杰队,2026-10-03,unassigned,0,,,station,seed,
190,森下,新宿線,都営,10号線新宿線,甘子杰队,2026-10-03,unassigned,0,,,station,seed,
191,清澄白河,半蔵門線,東京メトロ,11号線半蔵門線,甘子杰队,2026-10-03,unassigned,0,,,station,seed,
192,月島,大江戸線,東京メトロ,8号線有楽町線,甘子杰队,2026-10-03,unassigned,0,,,station,seed,
193,勝どき,大江戸線,都営,12号線大江戸線,甘子杰队,2026-10-03,unassigned,0,,,station,seed,
194,築地市場,大江戸線,都営,12号線大江戸線,甘子杰队,2026-10-03,unassigned,0,,,station,seed,
195,汐留,大江戸線,ゆりかもめ,東京臨海新交通臨海線,甘子杰队,2026-10-03,unassigned,0,,,station,seed,
196,宝町,浅草線,都営,1号線浅草線,甘子杰队,2026-10-03,unassigned,0,,,station,seed,
197,西八王子,中央線沿線(東京~高尾),JR東日本,中央線,甘子杰队,2026-10-03,unassigned,0,,,station,seed,
198,越中島,京葉線(東京~舞浜),JR東日本,京葉線,甘子杰队,2026-10-03,unassigned,0,,,station,seed,
199,潮見,京葉線(東京~舞浜),JR東日本,京葉線,甘子杰队,2026-10-03,unassigned,0,,,station,seed,
200,新木場,8号線有楽町線,東京メトロ,8号線有楽町線,甘子杰队,2026-10-03,unassigned,0,,,station,seed,
201,葛西臨海公園,京葉線(東京~舞浜),JR東日本,京葉線,甘子杰队,2026-10-03,unassigned,0,,,station,seed,
202,舞浜,京葉線(東京~舞浜),JR東日本,京葉線,甘子杰队,2026-10-03,unassigned,0,,,station,seed,
203,北八王子,八高線(八王子~金子),JR東日本,八高線,甘子杰队,2026-10-03,unassigned,0,,,station,seed,
204,小宮,八高線(八王子~金子),JR東日本,八高線,甘子杰队,2026-10-03,unassigned,0,,,station,seed,
205,東神奈川,横浜線(東神奈川~八王子),JR東日本,横浜線,甘子杰队,2026-10-03,unassigned,0,,,station,seed,
206,大口,横浜線(東神奈川~八王子),JR東日本,横浜線,甘子杰队,2026-10-03,unassigned,0,,,station,seed,
207,小机,横浜線(東神奈川~八王子),JR東日本,横浜線,甘子杰队,2026-10-03,unassigned,0,,,station,seed,
208,鴨居,横浜線(東神奈川~八王子),JR東日本,横浜線,甘子杰队,2026-10-03,unassigned,0,,,station,seed,
209,中山,横浜線(東神奈川~八王子),JR東日本,横浜線,甘子杰队,2026-10-03,unassigned,0,,,station,seed,
210,十日市場,横浜線(東神奈川~八王子),JR東日本,横浜線,甘子杰队,2026-10-03,unassigned,0,,,station,seed,
211,長津田,田園都市線,東急,こどもの国線,甘子杰队,2026-10-03,unassigned,0,,,station,seed,
212,古淵,横浜線(東神奈川~八王子),JR東日本,横浜線,甘子杰队,2026-10-03,unassigned,0,,,station,seed,
213,淵野辺,横浜線(東神奈川~八王子),JR東日本,横浜線,甘子杰队,2026-10-03,unassigned,0,,,station,seed,
214,矢部,横浜線(東神奈川~八王子),JR東日本,横浜線,甘子杰队,2026-10-03,unassigned,0,,,station,seed,
215,相模原,横浜線(東神奈川~八王子),JR東日本,横浜線,甘子杰队,2026-10-03,unassigned,0,,,station,seed,
216,橋本,横浜線(東神奈川~八王子),京王,相模原線,甘子杰队,2026-10-03,unassigned,0,,,station,seed,
217,相原,横浜線(東神奈川~八王子),JR東日本,横浜線,甘子杰队,2026-10-03,unassigned,0,,,station,seed,
218,八王子みなみ野,横浜線(東神奈川~八王子),JR東日本,横浜線,甘子杰队,2026-10-03,unassigned,0,,,station,seed,
219,片倉,横浜線(東神奈川~八王子),JR東日本,横浜線,甘子杰队,2026-10-03,unassigned,0,,,station,seed,
220,新日本橋,総武線快速(東京~市川),JR東日本,総武線,甘子杰队,2026-10-03,unassigned,0,,,station,seed,
221,八王子,横浜線,JR東日本,横浜線,甘子杰队,2026-10-03,unassigned,0,,,station,seed,
222,京王八王子,京王線,京王,京王線,甘子杰队,2026-10-03,unassigned,0,,,station,seed,
223,豊田,中央線,JR東日本,中央線,甘子杰队,2026-10-03,unassigned,0,,,station,seed,
224,南大沢,相模原線,京王,相模原線,甘子杰队,2026-10-03,unassigned,0,,,station,seed,
225,多摩センター,多摩都市モノレール線,多摩モノレール,多摩都市モノレール線,甘子杰队,2026-10-03,unassigned,0,,,station,seed,
226,京王永山,相模原線,京王,相模原線,甘子杰队,2026-10-03,unassigned,0,,,station,seed,
227,拝島,拝島線,西武,拝島線,甘子杰队,2026-10-03,unassigned,0,,,station,seed,
228,日暮里,本線,京成,本線,甘子杰队,2026-10-03,unassigned,0,,,station,seed,
229,三河島,常磐線,JR東日本,常磐線,甘子杰队,2026-10-03,unassigned,0,,,station,seed,
230,荒川区役所前,東京さくらトラム,都営,荒川線,甘子杰队,2026-10-03,unassigned,0,,,station,seed,
231,荒川一中前,東京さくらトラム,都営,荒川線,甘子杰队,2026-10-03,unassigned,0,,,station,seed,
232,三ノ輪橋,東京さくらトラム,都営,荒川線,甘子杰队,2026-10-03,unassigned,0,,,station,seed,
233,南千住,日比谷線,つくばEX,常磐新線,甘子杰队,2026-10-03,unassigned,0,,,station,seed,
234,千住大橋,本線,京成,本線,甘子杰队,2026-10-03,unassigned,0,,,station,seed,
235,荒川七丁目,東京さくらトラム,都営,荒川線,甘子杰队,2026-10-03,unassigned,0,,,station,seed,
236,谷在家,日暮里・舎人ライナー,都営,日暮里・舎人ライナー,甘子杰队,2026-10-03,unassigned,0,,,station,seed,
237,西新井大師西,日暮里・舎人ライナー,都営,日暮里・舎人ライナー,甘子杰队,2026-10-03,unassigned,0,,,station,seed,
238,江北,日暮里・舎人ライナー,都営,日暮里・舎人ライナー,甘子杰队,2026-10-03,unassigned,0,,,station,seed,
239,高野,日暮里・舎人ライナー,都営,日暮里・舎人ライナー,甘子杰队,2026-10-03,unassigned,0,,,station,seed,
240,西新井,伊勢崎線,東武,伊勢崎線,甘子杰队,2026-10-03,unassigned,0,,,station,seed,
241,梅島,伊勢崎線,東武,伊勢崎線,甘子杰队,2026-10-03,unassigned,0,,,station,seed,
242,竹ノ塚,伊勢崎線,東武,伊勢崎線,甘子杰队,2026-10-03,unassigned,0,,,station,seed,
243,舎人公園,日暮里・舎人ライナー,都営,日暮里・舎人ライナー,甘子杰队,2026-10-03,unassigned,0,,,station,seed,
244,舎人,日暮里・舎人ライナー,都営,日暮里・舎人ライナー,甘子杰队,2026-10-03,unassigned,0,,,station,seed,
245,見沼代親水公園,日暮里・舎人ライナー,都営,日暮里・舎人ライナー,甘子杰队,2026-10-03,unassigned,0,,,station,seed,
246,五反野,伊勢崎線,東武,伊勢崎線,甘子杰队,2026-10-03,unassigned,0,,,station,seed,
247,小菅,伊勢崎線,東武,伊勢崎線,甘子杰队,2026-10-03,unassigned,0,,,station,seed,
248,牛田,伊勢崎線,東武,伊勢崎線,甘子杰队,2026-10-03,unassigned,0,,,station,seed,
249,京成関屋,本線,京成,本線,甘子杰队,2026-10-03,unassigned,0,,,station,seed,
250,堀切,伊勢崎線,東武,伊勢崎線,甘子杰队,2026-10-03,unassigned,0,,,station,seed,
251,鐘ヶ淵,伊勢崎線,東武,伊勢崎線,甘子杰队,2026-10-03,unassigned,0,,,station,seed,
252,東向島,伊勢崎線,東武,伊勢崎線,甘子杰队,2026-10-03,unassigned,0,,,station,seed,
253,曳舟,伊勢崎線,東武,伊勢崎線,甘子杰队,2026-10-03,unassigned,0,,,station,seed,
254,とうきょうスカイツリー,伊勢崎線,東武,伊勢崎線,甘子杰队,2026-10-03,unassigned,0,,,station,seed,
255,荒川車庫前,東京さくらトラム,都営,荒川線,甘子杰队,2026-10-03,unassigned,0,,,station,seed,
256,荒川遊園地前,東京さくらトラム,都営,荒川線,甘子杰队,2026-10-03,unassigned,0,,,station,seed,
257,小台,東京さくらトラム,都営,荒川線,甘子杰队,2026-10-03,unassigned,0,,,station,seed,
258,宮ノ前,東京さくらトラム,都営,荒川線,甘子杰队,2026-10-03,unassigned,0,,,station,seed,
259,熊野前,東京さくらトラム,都営,荒川線,甘子杰队,2026-10-03,unassigned,0,,,station,seed,
260,東尾久三丁目,東京さくらトラム,都営,荒川線,甘子杰队,2026-10-03,unassigned,0,,,station,seed,
261,町屋二丁目,東京さくらトラム,都営,荒川線,甘子杰队,2026-10-03,unassigned,0,,,station,seed,
262,赤土小学校前,日暮里・舎人ライナー,都営,日暮里・舎人ライナー,甘子杰队,2026-10-03,unassigned,0,,,station,seed,
263,尾久,東北線,JR東日本,東北線,甘子杰队,2026-10-03,unassigned,0,,,station,seed,
264,田端,山手線,JR東日本,山手線,甘子杰队,2026-10-03,unassigned,0,,,station,seed,
265,西日暮里,千代田線,東京メトロ,9号線千代田線,甘子杰队,2026-10-03,unassigned,0,,,station,seed,
266,新三河島,本線,京成,本線,甘子杰队,2026-10-03,unassigned,0,,,station,seed,
267,町屋,千代田線,京成,本線,甘子杰队,2026-10-03,unassigned,0,,,station,seed,
268,町屋駅前,東京さくらトラム,都営,荒川線,甘子杰队,2026-10-03,unassigned,0,,,station,seed,
269,荒川二丁目,東京さくらトラム,都営,荒川線,甘子杰队,2026-10-03,unassigned,0,,,station,seed,
270,足立小台,日暮里・舎人ライナー,都営,日暮里・舎人ライナー,甘子杰队,2026-10-03,unassigned,0,,,station,seed,
271,扇大橋,日暮里・舎人ライナー,都営,日暮里・舎人ライナー,甘子杰队,2026-10-03,unassigned,0,,,station,seed,
272,初台,京王新線,京王,京王線,罗子傑队,2026-10-03,unassigned,0,,,station,seed,
273,幡ヶ谷,京王新線,京王,京王線,罗子傑队,2026-10-03,unassigned,0,,,station,seed,
274,要町,有楽町線,東京メトロ,8号線有楽町線,罗子傑队,2026-10-03,unassigned,0,,,station,seed,
275,西新宿,丸ノ内線,東京メトロ,4号線丸ノ内線,罗子傑队,2026-10-03,unassigned,0,,,station,seed,
276,中野富士見町,丸ノ内線分岐線,東京メトロ,4号線丸ノ内線分岐線,罗子傑队,2026-10-03,unassigned,0,,,station,seed,
277,方南町,丸ノ内線分岐線,東京メトロ,4号線丸ノ内線分岐線,罗子傑队,2026-10-03,unassigned,0,,,station,seed,
278,地下鉄成増,有楽町線,東京メトロ,8号線有楽町線,罗子傑队,2026-10-03,unassigned,0,,,station,seed,
279,地下鉄赤塚,有楽町線,東京メトロ,8号線有楽町線,罗子傑队,2026-10-03,unassigned,0,,,station,seed,
280,平和台,有楽町線,流鉄,流山線,罗子傑队,2026-10-03,unassigned,0,,,station,seed,
281,氷川台,有楽町線,東京メトロ,8号線有楽町線,罗子傑队,2026-10-03,unassigned,0,,,station,seed,
282,千川,有楽町線,東京メトロ,8号線有楽町線,罗子傑队,2026-10-03,unassigned,0,,,station,seed,
283,新宿西口,大江戸線,都営,12号線大江戸線,罗子傑队,2026-10-03,unassigned,0,,,station,seed,
284,都庁前,大江戸線,都営,12号線大江戸線,罗子傑队,2026-10-03,unassigned,0,,,station,seed,
285,西新宿五丁目,大江戸線,都営,12号線大江戸線,罗子傑队,2026-10-03,unassigned,0,,,station,seed,
286,大久保,中央線沿線(東京~高尾),JR東日本,中央線,罗子傑队,2026-10-03,unassigned,0,,,station,seed,
287,新小平,武蔵野線(府中本町~東所沢),JR東日本,武蔵野線,罗子傑队,2026-10-03,unassigned,0,,,station,seed,
288,新秋津,武蔵野線(府中本町~東所沢),JR東日本,武蔵野線,罗子傑队,2026-10-03,unassigned,0,,,station,seed,
289,東武練馬,東武東上線(池袋~和光市),東武,東上本線,罗子傑队,2026-10-03,unassigned,0,,,station,seed,
290,下赤塚,東武東上線(池袋~和光市),東武,東上本線,罗子傑队,2026-10-03,unassigned,0,,,station,seed,
291,成増,東武東上線(池袋~和光市),東武,東上本線,罗子傑队,2026-10-03,unassigned,0,,,station,seed,
292,恋ヶ窪,国分寺線,西武,国分寺線,罗子傑队,2026-10-03,unassigned,0,,,station,seed,
293,鷹の台,国分寺線,西武,国分寺線,罗子傑队,2026-10-03,unassigned,0,,,station,seed,
294,小川,拝島線,西武,国分寺線,罗子傑队,2026-10-03,unassigned,0,,,station,seed,
295,一橋学園,多摩湖線,西武,多摩湖線,罗子傑队,2026-10-03,unassigned,0,,,station,seed,
296,青梅街道,多摩湖線,西武,多摩湖線,罗子傑队,2026-10-03,unassigned,0,,,station,seed,
297,八坂,多摩湖線,西武,多摩湖線,罗子傑队,2026-10-03,unassigned,0,,,station,seed,
298,武蔵大和,多摩湖線,西武,多摩湖線,罗子傑队,2026-10-03,unassigned,0,,,station,seed,
299,多摩湖,多摩湖線,西武,山口線,罗子傑队,2026-10-03,unassigned,0,,,station,seed,
300,萩山,拝島線,西武,多摩湖線,罗子傑队,2026-10-03,unassigned,0,,,station,seed,
301,東大和市,拝島線,西武,拝島線,罗子傑队,2026-10-03,unassigned,0,,,station,seed,
302,下落合,新宿線(西武新宿~所沢),西武,新宿線,罗子傑队,2026-10-03,unassigned,0,,,station,seed,
303,新井薬師前,新宿線(西武新宿~所沢),西武,新宿線,罗子傑队,2026-10-03,unassigned,0,,,station,seed,
304,野方,新宿線(西武新宿~所沢),西武,新宿線,罗子傑队,2026-10-03,unassigned,0,,,station,seed,
305,都立家政,新宿線(西武新宿~所沢),西武,新宿線,罗子傑队,2026-10-03,unassigned,0,,,station,seed,
306,下井草,新宿線(西武新宿~所沢),西武,新宿線,罗子傑队,2026-10-03,unassigned,0,,,station,seed,
307,井荻,新宿線(西武新宿~所沢),西武,新宿線,罗子傑队,2026-10-03,unassigned,0,,,station,seed,
308,上井草,新宿線(西武新宿~所沢),西武,新宿線,罗子傑队,2026-10-03,unassigned,0,,,station,seed,
309,武蔵関,新宿線(西武新宿~所沢),西武,新宿線,罗子傑队,2026-10-03,unassigned,0,,,station,seed,
310,東伏見,新宿線(西武新宿~所沢),西武,新宿線,罗子傑队,2026-10-03,unassigned,0,,,station,seed,
311,西武柳沢,新宿線(西武新宿~所沢),西武,新宿線,罗子傑队,2026-10-03,unassigned,0,,,station,seed,
312,久米川,新宿線(西武新宿~所沢),西武,新宿線,罗子傑队,2026-10-03,unassigned,0,,,station,seed,
313,椎名町,池袋線(池袋~所沢),西武,池袋線,罗子傑队,2026-10-03,unassigned,0,,,station,seed,
314,東長崎,池袋線(池袋~所沢),西武,池袋線,罗子傑队,2026-10-03,unassigned,0,,,station,seed,
315,江古田,池袋線(池袋~所沢),西武,池袋線,罗子傑队,2026-10-03,unassigned,0,,,station,seed,
316,桜台,池袋線(池袋~所沢),西武,池袋線,罗子傑队,2026-10-03,unassigned,0,,,station,seed,
317,富士見台,池袋線(池袋~所沢),西武,池袋線,罗子傑队,2026-10-03,unassigned,0,,,station,seed,
318,保谷,池袋線(池袋~所沢),西武,池袋線,罗子傑队,2026-10-03,unassigned,0,,,station,seed,
319,西武園,西武園線,西武,西武園線,罗子傑队,2026-10-03,unassigned,0,,,station,seed,
320,小竹向原,有楽町線,西武,西武有楽町線,罗子傑队,2026-10-03,unassigned,0,,,station,seed,
321,新桜台,西武有楽町線,西武,西武有楽町線,罗子傑队,2026-10-03,unassigned,0,,,station,seed,
322,新宿,京王線,京王,京王線,罗子傑队,2026-10-03,unassigned,0,,,station,seed,
323,東所沢,武蔵野線(府中本町~東所沢),JR東日本,武蔵野線,罗子傑队,2026-10-03,unassigned,0,,,station,seed,
324,所沢,新宿線(西武新宿~所沢),西武,新宿線,罗子傑队,2026-10-03,unassigned,0,,,station,seed,
325,新大久保,山手線,JR東日本,山手線,罗子傑队,2026-10-03,unassigned,0,,,station,seed,
326,高田馬場,東西線,西武,新宿線,罗子傑队,2026-10-03,unassigned,0,,,station,seed,
327,落合,東西線,東京メトロ,5号線東西線,罗子傑队,2026-10-03,unassigned,0,,,station,seed,
328,中井,大江戸線,西武,新宿線,罗子傑队,2026-10-03,unassigned,0,,,station,seed,
329,落合南長崎,大江戸線,都営,12号線大江戸線,罗子傑队,2026-10-03,unassigned,0,,,station,seed,
330,新江古田,大江戸線,都営,12号線大江戸線,罗子傑队,2026-10-03,unassigned,0,,,station,seed,
331,中野坂上,大江戸線,東京メトロ,4号線丸ノ内線,罗子傑队,2026-10-03,unassigned,0,,,station,seed,
332,武蔵境,多摩川線,西武,多摩川線,罗子傑队,2026-10-03,unassigned,0,,,station,seed,
333,三鷹,中央線沿線(東京~高尾),JR東日本,中央線,罗子傑队,2026-10-03,unassigned,0,,,station,seed,
334,吉祥寺,井の頭線,京王,井の頭線,罗子傑队,2026-10-03,unassigned,0,,,station,seed,
335,西荻窪,中央線沿線(東京~高尾),JR東日本,中央線,罗子傑队,2026-10-03,unassigned,0,,,station,seed,
336,荻窪,丸ノ内線,東京メトロ,4号線丸ノ内線,罗子傑队,2026-10-03,unassigned,0,,,station,seed,
337,上石神井,新宿線(西武新宿~所沢),西武,新宿線,罗子傑队,2026-10-03,unassigned,0,,,station,seed,
338,千歳烏山,京王線,京王,京王線,罗子傑队,2026-10-03,unassigned,0,,,station,seed,
339,仙川,京王線,京王,京王線,罗子傑队,2026-10-03,unassigned,0,,,station,seed,
340,つつじヶ丘,京王線,京王,京王線,罗子傑队,2026-10-03,unassigned,0,,,station,seed,
341,大泉学園,池袋線(池袋~所沢),西武,池袋線,罗子傑队,2026-10-03,unassigned,0,,,station,seed,
342,石神井公園,池袋線(池袋~所沢),西武,池袋線,罗子傑队,2026-10-03,unassigned,0,,,station,seed,
343,光が丘,大江戸線,都営,12号線大江戸線,罗子傑队,2026-10-03,unassigned,0,,,station,seed,
344,練馬春日町,大江戸線,都営,12号線大江戸線,罗子傑队,2026-10-03,unassigned,0,,,station,seed,
345,豊島園,大江戸線,西武,豊島線,罗子傑队,2026-10-03,unassigned,0,,,station,seed,
346,練馬,大江戸線,西武,西武有楽町線,罗子傑队,2026-10-03,unassigned,0,,,station,seed,
347,鷺ノ宮,新宿線(西武新宿~所沢),西武,新宿線,罗子傑队,2026-10-03,unassigned,0,,,station,seed,
348,北品川,京急本線(泉岳寺~京急川崎),京急,本線,陈嘉溢队,2026-10-03,unassigned,0,,,station,seed,
349,新馬場,京急本線(泉岳寺~京急川崎),京急,本線,陈嘉溢队,2026-10-03,unassigned,0,,,station,seed,
350,青物横丁,京急本線(泉岳寺~京急川崎),京急,本線,陈嘉溢队,2026-10-03,unassigned,0,,,station,seed,
351,鮫洲,京急本線(泉岳寺~京急川崎),京急,本線,陈嘉溢队,2026-10-03,unassigned,0,,,station,seed,
352,立会川,京急本線(泉岳寺~京急川崎),京急,本線,陈嘉溢队,2026-10-03,unassigned,0,,,station,seed,
353,大森海岸,京急本線(泉岳寺~京急川崎),京急,本線,陈嘉溢队,2026-10-03,unassigned,0,,,station,seed,
354,平和島,京急本線(泉岳寺~京急川崎),京急,本線,陈嘉溢队,2026-10-03,unassigned,0,,,station,seed,
355,大森町,京急本線(泉岳寺~京急川崎),京急,本線,陈嘉溢队,2026-10-03,unassigned,0,,,station,seed,
356,梅屋敷,京急本線(泉岳寺~京急川崎),京急,本線,陈嘉溢队,2026-10-03,unassigned,0,,,station,seed,
357,京急蒲田,京急本線(泉岳寺~京急川崎),京急,空港線,陈嘉溢队,2026-10-03,unassigned,0,,,station,seed,
358,雑色,京急本線(泉岳寺~京急川崎),京急,本線,陈嘉溢队,2026-10-03,unassigned,0,,,station,seed,
359,六郷土手,京急本線(泉岳寺~京急川崎),京急,本線,陈嘉溢队,2026-10-03,unassigned,0,,,station,seed,
360,中河原,京王線,京王,京王線,陈嘉溢队,2026-10-03,unassigned,0,,,station,seed,
361,百草園,京王線,京王,京王線,陈嘉溢队,2026-10-03,unassigned,0,,,station,seed,
362,南平,京王線,京王,京王線,陈嘉溢队,2026-10-03,unassigned,0,,,station,seed,
363,平山城址公園,京王線,京王,京王線,陈嘉溢队,2026-10-03,unassigned,0,,,station,seed,
364,京王堀之内,相模原線,京王,相模原線,陈嘉溢队,2026-10-03,unassigned,0,,,station,seed,
365,多摩境,相模原線,京王,相模原線,陈嘉溢队,2026-10-03,unassigned,0,,,station,seed,
366,松が谷,多摩モノレール,多摩モノレール,多摩都市モノレール線,陈嘉溢队,2026-10-03,unassigned,0,,,station,seed,
367,大塚・帝京大学,多摩モノレール,多摩モノレール,多摩都市モノレール線,陈嘉溢队,2026-10-03,unassigned,0,,,station,seed,
368,中央大学・明星大学,多摩モノレール,多摩モノレール,多摩都市モノレール線,陈嘉溢队,2026-10-03,unassigned,0,,,station,seed,
369,多摩動物公園,多摩モノレール,京王,動物園線,陈嘉溢队,2026-10-03,unassigned,0,,,station,seed,
370,程久保,多摩モノレール,多摩モノレール,多摩都市モノレール線,陈嘉溢队,2026-10-03,unassigned,0,,,station,seed,
371,万願寺,多摩モノレール,多摩モノレール,多摩都市モノレール線,陈嘉溢队,2026-10-03,unassigned,0,,,station,seed,
372,唐木田,多摩線,小田急,多摩線,陈嘉溢队,2026-10-03,unassigned,0,,,station,seed,
373,戸越,浅草線,都営,1号線浅草線,陈嘉溢队,2026-10-03,unassigned,0,,,station,seed,
374,馬込,浅草線,都営,1号線浅草線,陈嘉溢队,2026-10-03,unassigned,0,,,station,seed,
375,西馬込,浅草線,都営,1号線浅草線,陈嘉溢队,2026-10-03,unassigned,0,,,station,seed,
376,多摩川,東急多摩川線,東急,東横線,陈嘉溢队,2026-10-03,unassigned,0,,,station,seed,
377,沼部,東急多摩川線,東急,東急多摩川線,陈嘉溢队,2026-10-03,unassigned,0,,,station,seed,
378,鵜の木,東急多摩川線,東急,東急多摩川線,陈嘉溢队,2026-10-03,unassigned,0,,,station,seed,
379,下丸子,東急多摩川線,東急,東急多摩川線,陈嘉溢队,2026-10-03,unassigned,0,,,station,seed,
380,武蔵新田,東急多摩川線,東急,東急多摩川線,陈嘉溢队,2026-10-03,unassigned,0,,,station,seed,
381,矢口渡,東急多摩川線,東急,東急多摩川線,陈嘉溢队,2026-10-03,unassigned,0,,,station,seed,
382,戸越銀座,池上線,東急,池上線,陈嘉溢队,2026-10-03,unassigned,0,,,station,seed,
383,荏原中延,池上線,東急,池上線,陈嘉溢队,2026-10-03,unassigned,0,,,station,seed,
384,石川台,池上線,東急,池上線,陈嘉溢队,2026-10-03,unassigned,0,,,station,seed,
385,雪が谷大塚,池上線,東急,池上線,陈嘉溢队,2026-10-03,unassigned,0,,,station,seed,
386,御嶽山,池上線,東急,池上線,陈嘉溢队,2026-10-03,unassigned,0,,,station,seed,
387,久が原,池上線,東急,池上線,陈嘉溢队,2026-10-03,unassigned,0,,,station,seed,
388,千鳥町,池上線,東急,池上線,陈嘉溢队,2026-10-03,unassigned,0,,,station,seed,
389,池上,池上線,東急,池上線,陈嘉溢队,2026-10-03,unassigned,0,,,station,seed,
390,蓮沼,池上線,東急,池上線,陈嘉溢队,2026-10-03,unassigned,0,,,station,seed,
391,つくし野,田園都市線,東急,田園都市線,陈嘉溢队,2026-10-03,unassigned,0,,,station,seed,
392,すずかけ台,田園都市線,東急,田園都市線,陈嘉溢队,2026-10-03,unassigned,0,,,station,seed,
393,西大井,横須賀線(東京~武蔵小杉),JR東日本,東海道線,陈嘉溢队,2026-10-03,unassigned,0,,,station,seed,
394,成瀬,横浜線(東神奈川~八王子),JR東日本,横浜線,陈嘉溢队,2026-10-03,unassigned,0,,,station,seed,
395,新百合ヶ丘,小田原線(新宿~相模大野),小田急,小田原線,陈嘉溢队,2026-10-03,unassigned,0,,,station,seed,
396,五月台,多摩線,小田急,多摩線,陈嘉溢队,2026-10-03,unassigned,0,,,station,seed,
397,栗平,多摩線,小田急,多摩線,陈嘉溢队,2026-10-03,unassigned,0,,,station,seed,
398,黒川,多摩線,小田急,多摩線,陈嘉溢队,2026-10-03,unassigned,0,,,station,seed,
399,はるひ野,多摩線,小田急,多摩線,陈嘉溢队,2026-10-03,unassigned,0,,,station,seed,
400,上野,日比谷線,東京メトロ,2号線日比谷線,陈嘉溢队,2026-10-03,unassigned,0,,,station,seed,
401,京成上野,本線,京成,本線,陈嘉溢队,2026-10-03,unassigned,0,,,station,seed,
402,御徒町,東北線,JR東日本,東北線,陈嘉溢队,2026-10-03,unassigned,0,,,station,seed,
403,秋葉原,日比谷線,つくばEX,常磐新線,陈嘉溢队,2026-10-03,unassigned,0,,,station,seed,
404,湯島,千代田線,東京メトロ,9号線千代田線,陈嘉溢队,2026-10-03,unassigned,0,,,station,seed,
405,上野広小路,銀座線,東京メトロ,3号線銀座線,陈嘉溢队,2026-10-03,unassigned,0,,,station,seed,
406,成城学園前,小田原線(新宿~相模大野),小田急,小田原線,陈嘉溢队,2026-10-03,unassigned,0,,,station,seed,
407,用賀,田園都市線,東急,田園都市線,陈嘉溢队,2026-10-03,unassigned,0,,,station,seed,
408,桜新町,田園都市線,東急,田園都市線,陈嘉溢队,2026-10-03,unassigned,0,,,station,seed,
409,経堂,小田原線(新宿~相模大野),小田急,小田原線,陈嘉溢队,2026-10-03,unassigned,0,,,station,seed,
410,明大前,井の頭線,京王,井の頭線,陈嘉溢队,2026-10-03,unassigned,0,,,station,seed,
411,笹塚,京王線,京王,京王線,陈嘉溢队,2026-10-03,unassigned,0,,,station,seed,
412,下北沢,井の頭線,京王,井の頭線,陈嘉溢队,2026-10-03,unassigned,0,,,station,seed,
413,三軒茶屋,世田谷線,東急,世田谷線,陈嘉溢队,2026-10-03,unassigned,0,,,station,seed,
414,二子玉川,田園都市線,東急,大井町線,陈嘉溢队,2026-10-03,unassigned,0,,,station,seed,
415,大森,東海道線,JR東日本,東海道線,陈嘉溢队,2026-10-03,unassigned,0,,,station,seed,
416,大井町,大井町線,東急,大井町線,陈嘉溢队,2026-10-03,unassigned,0,,,station,seed,
417,蒲田,東急多摩川線,東急,池上線,陈嘉溢队,2026-10-03,unassigned,0,,,station,seed,
418,新板橋,三田線,都営,6号線三田線,陈嘉溢队,2026-10-03,unassigned,0,,,station,seed,
419,西ヶ原四丁目,東京さくらトラム,都営,荒川線,陈嘉溢队,2026-10-03,unassigned,0,,,station,seed,
420,滝野川一丁目,東京さくらトラム,都営,荒川線,陈嘉溢队,2026-10-03,unassigned,0,,,station,seed,
421,飛鳥山,東京さくらトラム,都営,荒川線,陈嘉溢队,2026-10-03,unassigned,0,,,station,seed,
422,王子駅前,東京さくらトラム,都営,荒川線,陈嘉溢队,2026-10-03,unassigned,0,,,station,seed,
423,王子,7号線南北線,東京メトロ,7号線南北線,陈嘉溢队,2026-10-03,unassigned,0,,,station,seed,
424,梶原,東京さくらトラム,都営,荒川線,陈嘉溢队,2026-10-03,unassigned,0,,,station,seed,
425,上中里,東北線,JR東日本,東北線,陈嘉溢队,2026-10-03,unassigned,0,,,station,seed,
426,北千住,千代田線,つくばEX,常磐新線,陈嘉溢队,2026-10-03,unassigned,0,,,station,seed,
427,堀切菖蒲園,本線,京成,本線,陈嘉溢队,2026-10-03,unassigned,0,,,station,seed,
428,お花茶屋,本線,京成,本線,陈嘉溢队,2026-10-03,unassigned,0,,,station,seed,
429,京成立石,押上線,京成,押上線,陈嘉溢队,2026-10-03,unassigned,0,,,station,seed,
430,青砥,押上線,京成,押上線,陈嘉溢队,2026-10-03,unassigned,0,,,station,seed,
431,四ツ木,押上線,京成,押上線,陈嘉溢队,2026-10-03,unassigned,0,,,station,seed,
432,西葛西,東西線,東京メトロ,5号線東西線,陈嘉溢队,2026-10-03,unassigned,0,,,station,seed,
433,葛西,東西線,東京メトロ,5号線東西線,陈嘉溢队,2026-10-03,unassigned,0,,,station,seed,
434,神泉,井の頭線,京王,井の頭線,陳偉鋒队,2026-10-03,unassigned,0,,,station,seed,
435,甲州街道,多摩モノレール,多摩モノレール,多摩都市モノレール線,陳偉鋒队,2026-10-03,unassigned,0,,,station,seed,
436,柴崎体育館,多摩モノレール,多摩モノレール,多摩都市モノレール線,陳偉鋒队,2026-10-03,unassigned,0,,,station,seed,
437,立川南,多摩モノレール,多摩モノレール,多摩都市モノレール線,陳偉鋒队,2026-10-03,unassigned,0,,,station,seed,
438,立川北,多摩モノレール,多摩モノレール,多摩都市モノレール線,陳偉鋒队,2026-10-03,unassigned,0,,,station,seed,
439,高松,多摩モノレール,多摩モノレール,多摩都市モノレール線,陳偉鋒队,2026-10-03,unassigned,0,,,station,seed,
440,立飛,多摩モノレール,多摩モノレール,多摩都市モノレール線,陳偉鋒队,2026-10-03,unassigned,0,,,station,seed,
441,泉体育館,多摩モノレール,多摩モノレール,多摩都市モノレール線,陳偉鋒队,2026-10-03,unassigned,0,,,station,seed,
442,砂川七番,多摩モノレール,多摩モノレール,多摩都市モノレール線,陳偉鋒队,2026-10-03,unassigned,0,,,station,seed,
443,桜街道,多摩モノレール,多摩モノレール,多摩都市モノレール線,陳偉鋒队,2026-10-03,unassigned,0,,,station,seed,
444,上北台,多摩モノレール,多摩モノレール,多摩都市モノレール線,陳偉鋒队,2026-10-03,unassigned,0,,,station,seed,
445,中目黒,日比谷線,東急,東横線,陳偉鋒队,2026-10-03,unassigned,0,,,station,seed,
446,下神明,大井町線,東急,大井町線,陳偉鋒队,2026-10-03,unassigned,0,,,station,seed,
447,戸越公園,大井町線,東急,大井町線,陳偉鋒队,2026-10-03,unassigned,0,,,station,seed,
448,中延,浅草線,東急,大井町線,陳偉鋒队,2026-10-03,unassigned,0,,,station,seed,
449,荏原町,大井町線,東急,大井町線,陳偉鋒队,2026-10-03,unassigned,0,,,station,seed,
450,旗の台,池上線,東急,大井町線,陳偉鋒队,2026-10-03,unassigned,0,,,station,seed,
451,北千束,大井町線,東急,大井町線,陳偉鋒队,2026-10-03,unassigned,0,,,station,seed,
452,大岡山,大井町線,東急,大井町線,陳偉鋒队,2026-10-03,unassigned,0,,,station,seed,
453,緑が丘,大井町線,東急,大井町線,陳偉鋒队,2026-10-03,unassigned,0,,,station,seed,
454,自由が丘,大井町線,東急,大井町線,陳偉鋒队,2026-10-03,unassigned,0,,,station,seed,
455,九品仏,大井町線,東急,大井町線,陳偉鋒队,2026-10-03,unassigned,0,,,station,seed,
456,尾山台,大井町線,東急,大井町線,陳偉鋒队,2026-10-03,unassigned,0,,,station,seed,
457,等々力,大井町線,東急,大井町線,陳偉鋒队,2026-10-03,unassigned,0,,,station,seed,
458,上野毛,大井町線,東急,大井町線,陳偉鋒队,2026-10-03,unassigned,0,,,station,seed,
459,代官山,東横線,東急,東横線,陳偉鋒队,2026-10-03,unassigned,0,,,station,seed,
460,祐天寺,東横線,東急,東横線,陳偉鋒队,2026-10-03,unassigned,0,,,station,seed,
461,学芸大学,東横線,東急,東横線,陳偉鋒队,2026-10-03,unassigned,0,,,station,seed,
462,都立大学,東横線,東急,東横線,陳偉鋒队,2026-10-03,unassigned,0,,,station,seed,
463,田園調布,東横線,東急,東横線,陳偉鋒队,2026-10-03,unassigned,0,,,station,seed,
464,大崎広小路,池上線,東急,池上線,陳偉鋒队,2026-10-03,unassigned,0,,,station,seed,
465,長原,池上線,東急,池上線,陳偉鋒队,2026-10-03,unassigned,0,,,station,seed,
466,洗足池,池上線,東急,池上線,陳偉鋒队,2026-10-03,unassigned,0,,,station,seed,
467,不動前,目黒線,東急,目黒線,陳偉鋒队,2026-10-03,unassigned,0,,,station,seed,
468,武蔵小山,目黒線,東急,目黒線,陳偉鋒队,2026-10-03,unassigned,0,,,station,seed,
469,西小山,目黒線,東急,目黒線,陳偉鋒队,2026-10-03,unassigned,0,,,station,seed,
470,洗足,目黒線,東急,目黒線,陳偉鋒队,2026-10-03,unassigned,0,,,station,seed,
471,奥沢,目黒線,東急,目黒線,陳偉鋒队,2026-10-03,unassigned,0,,,station,seed,
472,府中本町,南武線(川崎~立川),JR東日本,南武線,陳偉鋒队,2026-10-03,unassigned,0,,,station,seed,
473,西府,南武線(川崎~立川),JR東日本,南武線,陳偉鋒队,2026-10-03,unassigned,0,,,station,seed,
474,谷保,南武線(川崎~立川),JR東日本,南武線,陳偉鋒队,2026-10-03,unassigned,0,,,station,seed,
475,矢川,南武線(川崎~立川),JR東日本,南武線,陳偉鋒队,2026-10-03,unassigned,0,,,station,seed,
476,西国立,南武線(川崎~立川),JR東日本,南武線,陳偉鋒队,2026-10-03,unassigned,0,,,station,seed,
477,北府中,武蔵野線(府中本町~東所沢),JR東日本,武蔵野線,陳偉鋒队,2026-10-03,unassigned,0,,,station,seed,
478,多磨,多摩川線,西武,多摩川線,陳偉鋒队,2026-10-03,unassigned,0,,,station,seed,
479,白糸台,多摩川線,西武,多摩川線,陳偉鋒队,2026-10-03,unassigned,0,,,station,seed,
480,競艇場前,多摩川線,西武,多摩川線,陳偉鋒队,2026-10-03,unassigned,0,,,station,seed,
481,是政,多摩川線,西武,多摩川線,陳偉鋒队,2026-10-03,unassigned,0,,,station,seed,
482,玉川上水,拝島線,西武,拝島線,陳偉鋒队,2026-10-03,unassigned,0,,,station,seed,
483,新丸子,東横線,東急,東横線,陳偉鋒队,2026-10-03,unassigned,0,,,station,seed,
484,元住吉,東横線,東急,東横線,陳偉鋒队,2026-10-03,unassigned,0,,,station,seed,
485,日吉,東横線,東急,東横線,陳偉鋒队,2026-10-03,unassigned,0,,,station,seed,
486,綱島,東横線,東急,東横線,陳偉鋒队,2026-10-03,unassigned,0,,,station,seed,
487,大倉山,東横線,東急,東横線,陳偉鋒队,2026-10-03,unassigned,0,,,station,seed,
488,菊名,横浜線(東神奈川~八王子),東急,東横線,陳偉鋒队,2026-10-03,unassigned,0,,,station,seed,
489,妙蓮寺,東横線,東急,東横線,陳偉鋒队,2026-10-03,unassigned,0,,,station,seed,
490,白楽,東横線,東急,東横線,陳偉鋒队,2026-10-03,unassigned,0,,,station,seed,
491,東白楽,東横線,東急,東横線,陳偉鋒队,2026-10-03,unassigned,0,,,station,seed,
492,南阿佐ケ谷,丸ノ内線,東京メトロ,4号線丸ノ内線,陳偉鋒队,2026-10-03,unassigned,0,,,station,seed,
493,阿佐ケ谷,中央線沿線(東京~高尾),JR東日本,中央線,陳偉鋒队,2026-10-03,unassigned,0,,,station,seed,
494,高円寺,中央線沿線(東京~高尾),JR東日本,中央線,陳偉鋒队,2026-10-03,unassigned,0,,,station,seed,
495,新高円寺,丸ノ内線,東京メトロ,4号線丸ノ内線,陳偉鋒队,2026-10-03,unassigned,0,,,station,seed,
496,東高円寺,丸ノ内線,東京メトロ,4号線丸ノ内線,陳偉鋒队,2026-10-03,unassigned,0,,,station,seed,
497,新中野,丸ノ内線,東京メトロ,4号線丸ノ内線,陳偉鋒队,2026-10-03,unassigned,0,,,station,seed,
498,中野,東西線,東京メトロ,5号線東西線,陳偉鋒队,2026-10-03,unassigned,0,,,station,seed,
499,東中野,大江戸線,都営,12号線大江戸線,陳偉鋒队,2026-10-03,unassigned,0,,,station,seed,
500,昭島,青梅線,JR東日本,青梅線,陳偉鋒队,2026-10-03,unassigned,0,,,station,seed,
501,中神,青梅線,JR東日本,青梅線,陳偉鋒队,2026-10-03,unassigned,0,,,station,seed,
502,東中神,青梅線,JR東日本,青梅線,陳偉鋒队,2026-10-03,unassigned,0,,,station,seed,
503,西立川,青梅線,JR東日本,青梅線,陳偉鋒队,2026-10-03,unassigned,0,,,station,seed,
504,立川,南武線(川崎~立川),JR東日本,青梅線,陳偉鋒队,2026-10-03,unassigned,0,,,station,seed,
505,日野,中央線沿線(東京~高尾),JR東日本,中央線,陳偉鋒队,2026-10-03,unassigned,0,,,station,seed,
506,高幡不動,京王線,京王,京王線,陳偉鋒队,2026-10-03,unassigned,0,,,station,seed,
507,聖蹟桜ヶ丘,京王線,京王,京王線,陳偉鋒队,2026-10-03,unassigned,0,,,station,seed,
508,国立,中央線沿線(東京~高尾),JR東日本,中央線,陳偉鋒队,2026-10-03,unassigned,0,,,station,seed,
509,東村山,国分寺線,西武,国分寺線,陳偉鋒队,2026-10-03,unassigned,0,,,station,seed,
510,小平,拝島線,西武,新宿線,陳偉鋒队,2026-10-03,unassigned,0,,,station,seed,
511,秋津,池袋線(池袋~所沢),西武,池袋線,陳偉鋒队,2026-10-03,unassigned,0,,,station,seed,
512,清瀬,池袋線(池袋~所沢),西武,池袋線,陳偉鋒队,2026-10-03,unassigned,0,,,station,seed,
513,東久留米,池袋線(池袋~所沢),西武,池袋線,陳偉鋒队,2026-10-03,unassigned,0,,,station,seed,
514,ひばりヶ丘,池袋線(池袋~所沢),西武,池袋線,陳偉鋒队,2026-10-03,unassigned,0,,,station,seed,
515,田無,新宿線(西武新宿~所沢),西武,新宿線,陳偉鋒队,2026-10-03,unassigned,0,,,station,seed,
516,お台場海浜公園,東京臨海新交通臨海線,ゆりかもめ,東京臨海新交通臨海線,,,unassigned,0,,,station,import:rail,
517,東京国際クルーズターミナル,東京臨海新交通臨海線,ゆりかもめ,東京臨海新交通臨海線,,,unassigned,0,,,station,import:rail,
518,テレコムセンター,東京臨海新交通臨海線,ゆりかもめ,東京臨海新交通臨海線,,,unassigned,0,,,station,import:rail,
519,台場,東京臨海新交通臨海線,ゆりかもめ,東京臨海新交通臨海線,,,unassigned,0,,,station,import:rail,
520,有明,東京臨海新交通臨海線,ゆりかもめ,東京臨海新交通臨海線,,,unassigned,0,,,station,import:rail,
521,東京ビッグサイト,東京臨海新交通臨海線,ゆりかもめ,東京臨海新交通臨海線,,,unassigned,0,,,station,import:rail,
522,新橋,東京臨海新交通臨海線,ゆりかもめ,東京臨海新交通臨海線,,,unassigned,0,,,station,import:rail,
523,竹芝,東京臨海新交通臨海線,ゆりかもめ,東京臨海新交通臨海線,,,unassigned,0,,,station,import:rail,
524,芝浦ふ頭,東京臨海新交通臨海線,ゆりかもめ,東京臨海新交通臨海線,,,unassigned,0,,,station,import:rail,
525,日の出,東京臨海新交通臨海線,ゆりかもめ,東京臨海新交通臨海線,,,unassigned,0,,,station,import:rail,
526,青海,東京臨海新交通臨海線,ゆりかもめ,東京臨海新交通臨海線,,,unassigned,0,,,station,import:rail,
527,新豊洲,東京臨海新交通臨海線,ゆりかもめ,東京臨海新交通臨海線,,,unassigned,0,,,station,import:rail,
528,市場前,東京臨海新交通臨海線,ゆりかもめ,東京臨海新交通臨海線,,,unassigned,0,,,station,import:rail,
529,上総中野,いすみ線,いすみ,いすみ線,,,unassigned,0,,,station,import:rail,
530,大多喜,いすみ線,いすみ,いすみ線,,,unassigned,0,,,station,import:rail,
531,東総元,いすみ線,いすみ,いすみ線,,,unassigned,0,,,station,import:rail,
532,上総中川,いすみ線,いすみ,いすみ線,,,unassigned,0,,,station,import:rail,
533,国吉,いすみ線,いすみ,いすみ線,,,unassigned,0,,,station,import:rail,
534,久我原,いすみ線,いすみ,いすみ線,,,unassigned,0,,,station,import:rail,
535,上総東,いすみ線,いすみ,いすみ線,,,unassigned,0,,,station,import:rail,
536,西畑,いすみ線,いすみ,いすみ線,,,unassigned,0,,,station,import:rail,
537,小谷松,いすみ線,いすみ,いすみ線,,,unassigned,0,,,station,import:rail,
538,総元,いすみ線,いすみ,いすみ線,,,unassigned,0,,,station,import:rail,
539,西大原,いすみ線,いすみ,いすみ線,,,unassigned,0,,,station,import:rail,
540,新田野,いすみ線,いすみ,いすみ線,,,unassigned,0,,,station,import:rail,
541,大原,いすみ線,いすみ,いすみ線,,,unassigned,0,,,station,import:rail,
542,穴部,大雄山線,伊豆箱根鉄道,大雄山線,,,unassigned,0,,,station,import:rail,
543,和田河原,大雄山線,伊豆箱根鉄道,大雄山線,,,unassigned,0,,,station,import:rail,
544,小田原,大雄山線,伊豆箱根鉄道,大雄山線,,,unassigned,0,,,station,import:rail,
545,岩原,大雄山線,伊豆箱根鉄道,大雄山線,,,unassigned,0,,,station,import:rail,
546,大雄山,大雄山線,伊豆箱根鉄道,大雄山線,,,unassigned,0,,,station,import:rail,
547,井細田,大雄山線,伊豆箱根鉄道,大雄山線,,,unassigned,0,,,station,import:rail,
548,緑町,大雄山線,伊豆箱根鉄道,大雄山線,,,unassigned,0,,,station,import:rail,
549,相模沼田,大雄山線,伊豆箱根鉄道,大雄山線,,,unassigned,0,,,station,import:rail,
550,五百羅漢,大雄山線,伊豆箱根鉄道,大雄山線,,,unassigned,0,,,station,import:rail,
551,塚原,大雄山線,伊豆箱根鉄道,大雄山線,,,unassigned,0,,,station,import:rail,
552,飯田岡,大雄山線,伊豆箱根鉄道,大雄山線,,,unassigned,0,,,station,import:rail,
553,富士フイルム前,大雄山線,伊豆箱根鉄道,大雄山線,,,unassigned,0,,,station,import:rail,
554,みなとみらい,みなとみらい21線,横浜高速鉄道,みなとみらい21線,,,unassigned,0,,,station,import:rail,
555,元町・中華街,みなとみらい21線,横浜高速鉄道,みなとみらい21線,,,unassigned,0,,,station,import:rail,
556,新高島,みなとみらい21線,横浜高速鉄道,みなとみらい21線,,,unassigned,0,,,station,import:rail,
557,馬車道,みなとみらい21線,横浜高速鉄道,みなとみらい21線,,,unassigned,0,,,station,import:rail,
558,日本大通り,みなとみらい21線,横浜高速鉄道,みなとみらい21線,,,unassigned,0,,,station,import:rail,
559,横浜,みなとみらい21線,横浜高速鉄道,みなとみらい21線,,,unassigned,0,,,station,import:rail,
560,吉野町,1号線,横浜市営,1号線,,,unassigned,0,,,station,import:rail,
561,阪東橋,1号線,横浜市営,1号線,,,unassigned,0,,,station,import:rail,
562,港南中央,1号線,横浜市営,1号線,,,unassigned,0,,,station,import:rail,
563,伊勢佐木長者町,1号線,横浜市営,1号線,,,unassigned,0,,,station,import:rail,
564,上大岡,1号線,横浜市営,1号線,,,unassigned,0,,,station,import:rail,
565,弘明寺,1号線,横浜市営,1号線,,,unassigned,0,,,station,import:rail,
566,蒔田,1号線,横浜市営,1号線,,,unassigned,0,,,station,import:rail,
567,関内,1号線,横浜市営,1号線,,,unassigned,0,,,station,import:rail,
568,湘南台,1号線,横浜市営,1号線,,,unassigned,0,,,station,import:rail,
569,踊場,1号線,横浜市営,1号線,,,unassigned,0,,,station,import:rail,
570,舞岡,1号線,横浜市営,1号線,,,unassigned,0,,,station,import:rail,
571,上永谷,1号線,横浜市営,1号線,,,unassigned,0,,,station,import:rail,
572,下永谷,1号線,横浜市営,1号線,,,unassigned,0,,,station,import:rail,
573,中田,1号線,横浜市営,1号線,,,unassigned,0,,,station,import:rail,
574,立場,1号線,横浜市営,1号線,,,unassigned,0,,,station,import:rail,
575,戸塚,1号線,横浜市営,1号線,,,unassigned,0,,,station,import:rail,
576,下飯田,1号線,横浜市営,1号線,,,unassigned,0,,,station,import:rail,
577,仲町台,3号線,横浜市営,3号線,,,unassigned,0,,,station,import:rail,
578,高島町,3号線,横浜市営,3号線,,,unassigned,0,,,station,import:rail,
579,北新横浜,3号線,横浜市営,3号線,,,unassigned,0,,,station,import:rail,
580,三ツ沢上町,3号線,横浜市営,3号線,,,unassigned,0,,,station,import:rail,
581,新羽,3号線,横浜市営,3号線,,,unassigned,0,,,station,import:rail,
582,岸根公園,3号線,横浜市営,3号線,,,unassigned,0,,,station,import:rail,
583,片倉町,3号線,横浜市営,3号線,,,unassigned,0,,,station,import:rail,
584,三ツ沢下町,3号線,横浜市営,3号線,,,unassigned,0,,,station,import:rail,
585,横浜,3号線,横浜市営,3号線,,,unassigned,0,,,station,import:rail,
586,センター北,3号線,横浜市営,3号線,,,unassigned,0,,,station,import:rail,
587,新横浜,3号線,横浜市営,3号線,,,unassigned,0,,,station,import:rail,
588,桜木町,3号線,横浜市営,3号線,,,unassigned,0,,,station,import:rail,
589,関内,3号線,横浜市営,3号線,,,unassigned,0,,,station,import:rail,
590,センター南,3号線,横浜市営,3号線,,,unassigned,0,,,station,import:rail,
591,あざみ野,3号線,横浜市営,3号線,,,unassigned,0,,,station,import:rail,
592,中川,3号線,横浜市営,3号線,,,unassigned,0,,,station,import:rail,
593,八景島,金沢シーサイドライン,シーサイドライン,金沢シーサイドライン,,,unassigned,0,,,station,import:rail,
594,産業振興センター,金沢シーサイドライン,シーサイドライン,金沢シーサイドライン,,,unassigned,0,,,station,import:rail,
595,幸浦,金沢シーサイドライン,シーサイドライン,金沢シーサイドライン,,,unassigned,0,,,station,import:rail,
596,海の公園柴口,金沢シーサイドライン,シーサイドライン,金沢シーサイドライン,,,unassigned,0,,,station,import:rail,
597,並木北,金沢シーサイドライン,シーサイドライン,金沢シーサイドライン,,,unassigned,0,,,station,import:rail,
598,鳥浜,金沢シーサイドライン,シーサイドライン,金沢シーサイドライン,,,unassigned,0,,,station,import:rail,
599,金沢八景,金沢シーサイドライン,シーサイドライン,金沢シーサイドライン,,,unassigned,0,,,station,import:rail,
600,並木中央,金沢シーサイドライン,シーサイドライン,金沢シーサイドライン,,,unassigned,0,,,station,import:rail,
601,新杉田,金沢シーサイドライン,シーサイドライン,金沢シーサイドライン,,,unassigned,0,,,station,import:rail,
602,海の公園南口,金沢シーサイドライン,シーサイドライン,金沢シーサイドライン,,,unassigned,0,,,station,import:rail,
603,南部市場,金沢シーサイドライン,シーサイドライン,金沢シーサイドライン,,,unassigned,0,,,station,import:rail,
604,福浦,金沢シーサイドライン,シーサイドライン,金沢シーサイドライン,,,unassigned,0,,,station,import:rail,
605,市大医学部,金沢シーサイドライン,シーサイドライン,金沢シーサイドライン,,,unassigned,0,,,station,import:rail,
606,久我山,井の頭線,京王,井の頭線,,,unassigned,0,,,station,import:rail,
607,芦花公園,京王線,京王,京王線,,,unassigned,0,,,station,import:rail,
608,明大前,京王線,京王,京王線,,,unassigned,0,,,station,import:rail,
609,飛田給,京王線,京王,京王線,,,unassigned,0,,,station,import:rail,
610,武蔵野台,京王線,京王,京王線,,,unassigned,0,,,station,import:rail,
611,多磨霊園,京王線,京王,京王線,,,unassigned,0,,,station,import:rail,
612,西調布,京王線,京王,京王線,,,unassigned,0,,,station,import:rail,
613,東府中,競馬場線,京王,競馬場線,,,unassigned,0,,,station,import:rail,
614,高尾,高尾線,京王,高尾線,,,unassigned,0,,,station,import:rail,
615,北野,高尾線,京王,高尾線,,,unassigned,0,,,station,import:rail,
616,高尾山口,高尾線,京王,高尾線,,,unassigned,0,,,station,import:rail,
617,京王多摩センター,相模原線,京王,相模原線,,,unassigned,0,,,station,import:rail,
618,若葉台,相模原線,京王,相模原線,,,unassigned,0,,,station,import:rail,
619,調布,相模原線,京王,相模原線,,,unassigned,0,,,station,import:rail,
620,京王稲田堤,相模原線,京王,相模原線,,,unassigned,0,,,station,import:rail,
621,高幡不動,動物園線,京王,動物園線,,,unassigned,0,,,station,import:rail,
622,柴又,金町線,京成,金町線,,,unassigned,0,,,station,import:rail,
623,千葉中央,千原線,京成,千原線,,,unassigned,0,,,station,import:rail,
624,千葉寺,千原線,京成,千原線,,,unassigned,0,,,station,import:rail,
625,大森台,千原線,京成,千原線,,,unassigned,0,,,station,import:rail,
626,ちはら台,千原線,京成,千原線,,,unassigned,0,,,station,import:rail,
627,学園前,千原線,京成,千原線,,,unassigned,0,,,station,import:rail,
628,おゆみ野,千原線,京成,千原線,,,unassigned,0,,,station,import:rail,
629,京成津田沼,千葉線,京成,千葉線,,,unassigned,0,,,station,import:rail,
630,新千葉,千葉線,京成,千葉線,,,unassigned,0,,,station,import:rail,
631,みどり台,千葉線,京成,千葉線,,,unassigned,0,,,station,import:rail,
632,京成稲毛,千葉線,京成,千葉線,,,unassigned,0,,,station,import:rail,
633,京成千葉,千葉線,京成,千葉線,,,unassigned,0,,,station,import:rail,
634,検見川,千葉線,京成,千葉線,,,unassigned,0,,,station,import:rail,
635,千葉中央,千葉線,京成,千葉線,,,unassigned,0,,,station,import:rail,
636,西登戸,千葉線,京成,千葉線,,,unassigned,0,,,station,import:rail,
637,京成幕張,千葉線,京成,千葉線,,,unassigned,0,,,station,import:rail,
638,京成幕張本郷,千葉線,京成,千葉線,,,unassigned,0,,,station,import:rail,
639,京成成田,東成田線,京成,東成田線,,,unassigned,0,,,station,import:rail,
640,東成田,東成田線,京成,東成田線,,,unassigned,0,,,station,import:rail,
641,成田空港,本線,京成,本線,,,unassigned,0,,,station,import:rail,
642,空港第2ビル,本線,京成,本線,,,unassigned,0,,,station,import:rail,
643,京成大和田,本線,京成,本線,,,unassigned,0,,,station,import:rail,
644,志津,本線,京成,本線,,,unassigned,0,,,station,import:rail,
645,京成西船,本線,京成,本線,,,unassigned,0,,,station,import:rail,
646,京成佐倉,本線,京成,本線,,,unassigned,0,,,station,import:rail,
647,大神宮下,本線,京成,本線,,,unassigned,0,,,station,import:rail,
648,京成八幡,本線,京成,本線,,,unassigned,0,,,station,import:rail,
649,京成大久保,本線,京成,本線,,,unassigned,0,,,station,import:rail,
650,実籾,本線,京成,本線,,,unassigned,0,,,station,import:rail,
651,谷津,本線,京成,本線,,,unassigned,0,,,station,import:rail,
652,ユーカリが丘,本線,京成,本線,,,unassigned,0,,,station,import:rail,
653,京成成田,本線,京成,本線,,,unassigned,0,,,station,import:rail,
654,京成津田沼,本線,京成,本線,,,unassigned,0,,,station,import:rail,
655,船橋競馬場,本線,京成,本線,,,unassigned,0,,,station,import:rail,
656,勝田台,本線,京成,本線,,,unassigned,0,,,station,import:rail,
657,宗吾参道,本線,京成,本線,,,unassigned,0,,,station,import:rail,
658,公津の杜,本線,京成,本線,,,unassigned,0,,,station,import:rail,
659,海神,本線,京成,本線,,,unassigned,0,,,station,import:rail,
660,東中山,本線,京成,本線,,,unassigned,0,,,station,import:rail,
661,鬼越,本線,京成,本線,,,unassigned,0,,,station,import:rail,
662,八千代台,本線,京成,本線,,,unassigned,0,,,station,import:rail,
663,京成中山,本線,京成,本線,,,unassigned,0,,,station,import:rail,
664,京成臼井,本線,京成,本線,,,unassigned,0,,,station,import:rail,
665,大佐倉,本線,京成,本線,,,unassigned,0,,,station,import:rail,
666,京成船橋,本線,京成,本線,,,unassigned,0,,,station,import:rail,
667,京成酒々井,本線,京成,本線,,,unassigned,0,,,station,import:rail,
668,菅野,本線,京成,本線,,,unassigned,0,,,station,import:rail,
669,江戸川,本線,京成,本線,,,unassigned,0,,,station,import:rail,
670,青砥,本線,京成,本線,,,unassigned,0,,,station,import:rail,
671,国府台,本線,京成,本線,,,unassigned,0,,,station,import:rail,
672,京成小岩,本線,京成,本線,,,unassigned,0,,,station,import:rail,
673,京成高砂,本線,京成,本線,,,unassigned,0,,,station,import:rail,
674,市川真間,本線,京成,本線,,,unassigned,0,,,station,import:rail,
675,三崎口,久里浜線,京急,久里浜線,,,unassigned,0,,,station,import:rail,
676,北久里浜,久里浜線,京急,久里浜線,,,unassigned,0,,,station,import:rail,
677,YRP野比,久里浜線,京急,久里浜線,,,unassigned,0,,,station,import:rail,
678,新大津,久里浜線,京急,久里浜線,,,unassigned,0,,,station,import:rail,
679,津久井浜,久里浜線,京急,久里浜線,,,unassigned,0,,,station,import:rail,
680,京急長沢,久里浜線,京急,久里浜線,,,unassigned,0,,,station,import:rail,
681,三浦海岸,久里浜線,京急,久里浜線,,,unassigned,0,,,station,import:rail,
682,堀ノ内,久里浜線,京急,久里浜線,,,unassigned,0,,,station,import:rail,
683,京急久里浜,久里浜線,京急,久里浜線,,,unassigned,0,,,station,import:rail,
684,穴守稲荷,空港線,京急,空港線,,,unassigned,0,,,station,import:rail,
685,糀谷,空港線,京急,空港線,,,unassigned,0,,,station,import:rail,
686,大鳥居,空港線,京急,空港線,,,unassigned,0,,,station,import:rail,
687,天空橋,空港線,京急,空港線,,,unassigned,0,,,station,import:rail,
688,羽田空港第1・第2ターミナル,空港線,京急,空港線,,,unassigned,0,,,station,import:rail,
689,逗子・葉山,逗子線,京急,逗子線,,,unassigned,0,,,station,import:rail,
690,神武寺,逗子線,京急,逗子線,,,unassigned,0,,,station,import:rail,
691,六浦,逗子線,京急,逗子線,,,unassigned,0,,,station,import:rail,
692,金沢八景,逗子線,京急,逗子線,,,unassigned,0,,,station,import:rail,
693,京急川崎,大師線,京急,大師線,,,unassigned,0,,,station,import:rail,
694,鈴木町,大師線,京急,大師線,,,unassigned,0,,,station,import:rail,
695,小島新田,大師線,京急,大師線,,,unassigned,0,,,station,import:rail,
696,東門前,大師線,京急,大師線,,,unassigned,0,,,station,import:rail,
697,港町,大師線,京急,大師線,,,unassigned,0,,,station,import:rail,
698,大師橋,大師線,京急,大師線,,,unassigned,0,,,station,import:rail,
699,川崎大師,大師線,京急,大師線,,,unassigned,0,,,station,import:rail,
700,品川,本線,京急,本線,,,unassigned,0,,,station,import:rail,
701,泉岳寺,本線,京急,本線,,,unassigned,0,,,station,import:rail,
702,堀ノ内,本線,京急,本線,,,unassigned,0,,,station,import:rail,
703,金沢八景,本線,京急,本線,,,unassigned,0,,,station,import:rail,
704,京急川崎,本線,京急,本線,,,unassigned,0,,,station,import:rail,
705,京急蒲田,本線,京急,本線,,,unassigned,0,,,station,import:rail,
706,安針塚,本線,京急,本線,,,unassigned,0,,,station,import:rail,
707,京急鶴見,本線,京急,本線,,,unassigned,0,,,station,import:rail,
708,杉田,本線,京急,本線,,,unassigned,0,,,station,import:rail,
709,南太田,本線,京急,本線,,,unassigned,0,,,station,import:rail,
710,汐入,本線,京急,本線,,,unassigned,0,,,station,import:rail,
711,逸見,本線,京急,本線,,,unassigned,0,,,station,import:rail,
712,京急新子安,本線,京急,本線,,,unassigned,0,,,station,import:rail,
713,八丁畷,本線,京急,本線,,,unassigned,0,,,station,import:rail,
714,追浜,本線,京急,本線,,,unassigned,0,,,station,import:rail,
715,生麦,本線,京急,本線,,,unassigned,0,,,station,import:rail,
716,弘明寺,本線,京急,本線,,,unassigned,0,,,station,import:rail,
717,花月総持寺,本線,京急,本線,,,unassigned,0,,,station,import:rail,
718,横須賀中央,本線,京急,本線,,,unassigned,0,,,station,import:rail,
719,能見台,本線,京急,本線,,,unassigned,0,,,station,import:rail,
720,上大岡,本線,京急,本線,,,unassigned,0,,,station,import:rail,
721,金沢文庫,本線,京急,本線,,,unassigned,0,,,station,import:rail,
722,馬堀海岸,本線,京急,本線,,,unassigned,0,,,station,import:rail,
723,神奈川,本線,京急,本線,,,unassigned,0,,,station,import:rail,
724,浦賀,本線,京急,本線,,,unassigned,0,,,station,import:rail,
725,黄金町,本線,京急,本線,,,unassigned,0,,,station,import:rail,
726,戸部,本線,京急,本線,,,unassigned,0,,,station,import:rail,
727,井土ヶ谷,本線,京急,本線,,,unassigned,0,,,station,import:rail,
728,京急東神奈川,本線,京急,本線,,,unassigned,0,,,station,import:rail,
729,屏風浦,本線,京急,本線,,,unassigned,0,,,station,import:rail,
730,鶴見市場,本線,京急,本線,,,unassigned,0,,,station,import:rail,
731,横浜,本線,京急,本線,,,unassigned,0,,,station,import:rail,
732,京急富岡,本線,京急,本線,,,unassigned,0,,,station,import:rail,
733,子安,本線,京急,本線,,,unassigned,0,,,station,import:rail,
734,県立大学,本線,京急,本線,,,unassigned,0,,,station,import:rail,
735,京急田浦,本線,京急,本線,,,unassigned,0,,,station,import:rail,
736,神奈川新町,本線,京急,本線,,,unassigned,0,,,station,import:rail,
737,京急大津,本線,京急,本線,,,unassigned,0,,,station,import:rail,
738,日ノ出町,本線,京急,本線,,,unassigned,0,,,station,import:rail,
739,御岳山,ケーブルカー,御岳登山,ケーブルカー,,,unassigned,0,,,station,import:rail,
740,滝本,ケーブルカー,御岳登山,ケーブルカー,,,unassigned,0,,,station,import:rail,
741,七里ヶ浜,江ノ島電鉄線,江ノ電,江ノ島電鉄線,,,unassigned,0,,,station,import:rail,
742,鎌倉,江ノ島電鉄線,江ノ電,江ノ島電鉄線,,,unassigned,0,,,station,import:rail,
743,柳小路,江ノ島電鉄線,江ノ電,江ノ島電鉄線,,,unassigned,0,,,station,import:rail,
744,鵠沼,江ノ島電鉄線,江ノ電,江ノ島電鉄線,,,unassigned,0,,,station,import:rail,
745,湘南海岸公園,江ノ島電鉄線,江ノ電,江ノ島電鉄線,,,unassigned,0,,,station,import:rail,
746,由比ヶ浜,江ノ島電鉄線,江ノ電,江ノ島電鉄線,,,unassigned,0,,,station,import:rail,
747,鎌倉高校前,江ノ島電鉄線,江ノ電,江ノ島電鉄線,,,unassigned,0,,,station,import:rail,
748,和田塚,江ノ島電鉄線,江ノ電,江ノ島電鉄線,,,unassigned,0,,,station,import:rail,
749,極楽寺,江ノ島電鉄線,江ノ電,江ノ島電鉄線,,,unassigned,0,,,station,import:rail,
750,石上,江ノ島電鉄線,江ノ電,江ノ島電鉄線,,,unassigned,0,,,station,import:rail,
751,稲村ヶ崎,江ノ島電鉄線,江ノ電,江ノ島電鉄線,,,unassigned,0,,,station,import:rail,
752,長谷,江ノ島電鉄線,江ノ電,江ノ島電鉄線,,,unassigned,0,,,station,import:rail,
753,藤沢,江ノ島電鉄線,江ノ電,江ノ島電鉄線,,,unassigned,0,,,station,import:rail,
754,腰越,江ノ島電鉄線,江ノ電,江ノ島電鉄線,,,unassigned,0,,,station,import:rail,
755,江ノ島,江ノ島電鉄線,江ノ電,江ノ島電鉄線,,,unassigned,0,,,station,import:rail,
756,高尾山,高尾鋼索線,高尾登山,高尾鋼索線,,,unassigned,0,,,station,import:rail,
757,清滝,高尾鋼索線,高尾登山,高尾鋼索線,,,unassigned,0,,,station,import:rail,
758,戸塚安行,埼玉高速鉄道線,埼玉高速,埼玉高速鉄道線,,,unassigned,0,,,station,import:rail,
759,東川口,埼玉高速鉄道線,埼玉高速,埼玉高速鉄道線,,,unassigned,0,,,station,import:rail,
760,南鳩ヶ谷,埼玉高速鉄道線,埼玉高速,埼玉高速鉄道線,,,unassigned,0,,,station,import:rail,
761,鳩ヶ谷,埼玉高速鉄道線,埼玉高速,埼玉高速鉄道線,,,unassigned,0,,,station,import:rail,
762,浦和美園,埼玉高速鉄道線,埼玉高速,埼玉高速鉄道線,,,unassigned,0,,,station,import:rail,
763,川口元郷,埼玉高速鉄道線,埼玉高速,埼玉高速鉄道線,,,unassigned,0,,,station,import:rail,
764,新井宿,埼玉高速鉄道線,埼玉高速,埼玉高速鉄道線,,,unassigned,0,,,station,import:rail,
765,内宿,伊奈線,ニューシャトル,伊奈線,,,unassigned,0,,,station,import:rail,
766,原市,伊奈線,ニューシャトル,伊奈線,,,unassigned,0,,,station,import:rail,
767,加茂宮,伊奈線,ニューシャトル,伊奈線,,,unassigned,0,,,station,import:rail,
768,沼南,伊奈線,ニューシャトル,伊奈線,,,unassigned,0,,,station,import:rail,
769,今羽,伊奈線,ニューシャトル,伊奈線,,,unassigned,0,,,station,import:rail,
770,吉野原,伊奈線,ニューシャトル,伊奈線,,,unassigned,0,,,station,import:rail,
771,大宮,伊奈線,ニューシャトル,伊奈線,,,unassigned,0,,,station,import:rail,
772,丸山,伊奈線,ニューシャトル,伊奈線,,,unassigned,0,,,station,import:rail,
773,伊奈中央,伊奈線,ニューシャトル,伊奈線,,,unassigned,0,,,station,import:rail,
774,鉄道博物館,伊奈線,ニューシャトル,伊奈線,,,unassigned,0,,,station,import:rail,
775,東宮原,伊奈線,ニューシャトル,伊奈線,,,unassigned,0,,,station,import:rail,
776,羽貫,伊奈線,ニューシャトル,伊奈線,,,unassigned,0,,,station,import:rail,
777,志久,伊奈線,ニューシャトル,伊奈線,,,unassigned,0,,,station,import:rail,
778,公園,ユーカリが丘線,山万,ユーカリが丘線,,,unassigned,0,,,station,import:rail,
779,中学校,ユーカリが丘線,山万,ユーカリが丘線,,,unassigned,0,,,station,import:rail,
780,井野,ユーカリが丘線,山万,ユーカリが丘線,,,unassigned,0,,,station,import:rail,
781,地区センター,ユーカリが丘線,山万,ユーカリが丘線,,,unassigned,0,,,station,import:rail,
782,ユーカリが丘,ユーカリが丘線,山万,ユーカリが丘線,,,unassigned,0,,,station,import:rail,
783,女子大,ユーカリが丘線,山万,ユーカリが丘線,,,unassigned,0,,,station,import:rail,
784,芝山千代田,芝山鉄道線,芝山鉄道,芝山鉄道線,,,unassigned,0,,,station,import:rail,
785,東成田,芝山鉄道線,芝山鉄道,芝山鉄道線,,,unassigned,0,,,station,import:rail,
786,柏たなか,常磐新線,つくばEX,常磐新線,,,unassigned,0,,,station,import:rail,
787,流山おおたかの森,常磐新線,つくばEX,常磐新線,,,unassigned,0,,,station,import:rail,
788,柏の葉キャンパス,常磐新線,つくばEX,常磐新線,,,unassigned,0,,,station,import:rail,
789,三郷中央,常磐新線,つくばEX,常磐新線,,,unassigned,0,,,station,import:rail,
790,八潮,常磐新線,つくばEX,常磐新線,,,unassigned,0,,,station,import:rail,
791,南流山,常磐新線,つくばEX,常磐新線,,,unassigned,0,,,station,import:rail,
792,流山セントラルパーク,常磐新線,つくばEX,常磐新線,,,unassigned,0,,,station,import:rail,
793,相模大野,江ノ島線,小田急,江ノ島線,,,unassigned,0,,,station,import:rail,
794,鶴間,江ノ島線,小田急,江ノ島線,,,unassigned,0,,,station,import:rail,
795,中央林間,江ノ島線,小田急,江ノ島線,,,unassigned,0,,,station,import:rail,
796,東林間,江ノ島線,小田急,江ノ島線,,,unassigned,0,,,station,import:rail,
797,南林間,江ノ島線,小田急,江ノ島線,,,unassigned,0,,,station,import:rail,
798,湘南台,江ノ島線,小田急,江ノ島線,,,unassigned,0,,,station,import:rail,
799,長後,江ノ島線,小田急,江ノ島線,,,unassigned,0,,,station,import:rail,
800,藤沢,江ノ島線,小田急,江ノ島線,,,unassigned,0,,,station,import:rail,
801,鵠沼海岸,江ノ島線,小田急,江ノ島線,,,unassigned,0,,,station,import:rail,
802,本鵠沼,江ノ島線,小田急,江ノ島線,,,unassigned,0,,,station,import:rail,
803,桜ヶ丘,江ノ島線,小田急,江ノ島線,,,unassigned,0,,,station,import:rail,
804,大和,江ノ島線,小田急,江ノ島線,,,unassigned,0,,,station,import:rail,
805,六会日大前,江ノ島線,小田急,江ノ島線,,,unassigned,0,,,station,import:rail,
806,藤沢本町,江ノ島線,小田急,江ノ島線,,,unassigned,0,,,station,import:rail,
807,善行,江ノ島線,小田急,江ノ島線,,,unassigned,0,,,station,import:rail,
808,片瀬江ノ島,江ノ島線,小田急,江ノ島線,,,unassigned,0,,,station,import:rail,
809,高座渋谷,江ノ島線,小田急,江ノ島線,,,unassigned,0,,,station,import:rail,
810,下北沢,小田原線,小田急,小田原線,,,unassigned,0,,,station,import:rail,
811,新宿,小田原線,小田急,小田原線,,,unassigned,0,,,station,import:rail,
812,読売ランド前,小田原線,小田急,小田原線,,,unassigned,0,,,station,import:rail,
813,生田,小田原線,小田急,小田原線,,,unassigned,0,,,station,import:rail,
814,百合ヶ丘,小田原線,小田急,小田原線,,,unassigned,0,,,station,import:rail,
815,柿生,小田原線,小田急,小田原線,,,unassigned,0,,,station,import:rail,
816,玉川学園前,小田原線,小田急,小田原線,,,unassigned,0,,,station,import:rail,
817,相模大野,小田原線,小田急,小田原線,,,unassigned,0,,,station,import:rail,
818,小田急相模原,小田原線,小田急,小田原線,,,unassigned,0,,,station,import:rail,
819,相武台前,小田原線,小田急,小田原線,,,unassigned,0,,,station,import:rail,
820,向ヶ丘遊園,小田原線,小田急,小田原線,,,unassigned,0,,,station,import:rail,
821,小田原,小田原線,小田急,小田原線,,,unassigned,0,,,station,import:rail,
822,海老名,小田原線,小田急,小田原線,,,unassigned,0,,,station,import:rail,
823,愛甲石田,小田原線,小田急,小田原線,,,unassigned,0,,,station,import:rail,
824,新松田,小田原線,小田急,小田原線,,,unassigned,0,,,station,import:rail,
825,足柄,小田原線,小田急,小田原線,,,unassigned,0,,,station,import:rail,
826,座間,小田原線,小田急,小田原線,,,unassigned,0,,,station,import:rail,
827,栢山,小田原線,小田急,小田原線,,,unassigned,0,,,station,import:rail,
828,厚木,小田原線,小田急,小田原線,,,unassigned,0,,,station,import:rail,
829,本厚木,小田原線,小田急,小田原線,,,unassigned,0,,,station,import:rail,
830,秦野,小田原線,小田急,小田原線,,,unassigned,0,,,station,import:rail,
831,鶴巻温泉,小田原線,小田急,小田原線,,,unassigned,0,,,station,import:rail,
832,開成,小田原線,小田急,小田原線,,,unassigned,0,,,station,import:rail,
833,伊勢原,小田原線,小田急,小田原線,,,unassigned,0,,,station,import:rail,
834,富水,小田原線,小田急,小田原線,,,unassigned,0,,,station,import:rail,
835,渋沢,小田原線,小田急,小田原線,,,unassigned,0,,,station,import:rail,
836,東海大学前,小田原線,小田急,小田原線,,,unassigned,0,,,station,import:rail,
837,螢田,小田原線,小田急,小田原線,,,unassigned,0,,,station,import:rail,
838,新百合ヶ丘,多摩線,小田急,多摩線,,,unassigned,0,,,station,import:rail,
839,小田急多摩センター,多摩線,小田急,多摩線,,,unassigned,0,,,station,import:rail,
840,小田急永山,多摩線,小田急,多摩線,,,unassigned,0,,,station,import:rail,
841,五井,小湊鐵道線,小湊,小湊鐵道線,,,unassigned,0,,,station,import:rail,
842,上総鶴舞,小湊鐵道線,小湊,小湊鐵道線,,,unassigned,0,,,station,import:rail,
843,里見,小湊鐵道線,小湊,小湊鐵道線,,,unassigned,0,,,station,import:rail,
844,上総久保,小湊鐵道線,小湊,小湊鐵道線,,,unassigned,0,,,station,import:rail,
845,海士有木,小湊鐵道線,小湊,小湊鐵道線,,,unassigned,0,,,station,import:rail,
846,上総山田,小湊鐵道線,小湊,小湊鐵道線,,,unassigned,0,,,station,import:rail,
847,養老渓谷,小湊鐵道線,小湊,小湊鐵道線,,,unassigned,0,,,station,import:rail,
848,馬立,小湊鐵道線,小湊,小湊鐵道線,,,unassigned,0,,,station,import:rail,
849,月崎,小湊鐵道線,小湊,小湊鐵道線,,,unassigned,0,,,station,import:rail,
850,上総村上,小湊鐵道線,小湊,小湊鐵道線,,,unassigned,0,,,station,import:rail,
851,上総牛久,小湊鐵道線,小湊,小湊鐵道線,,,unassigned,0,,,station,import:rail,
852,上総大久保,小湊鐵道線,小湊,小湊鐵道線,,,unassigned,0,,,station,import:rail,
853,飯給,小湊鐵道線,小湊,小湊鐵道線,,,unassigned,0,,,station,import:rail,
854,光風台,小湊鐵道線,小湊,小湊鐵道線,,,unassigned,0,,,station,import:rail,
855,上総中野,小湊鐵道線,小湊,小湊鐵道線,,,unassigned,0,,,station,import:rail,
856,上総三又,小湊鐵道線,小湊,小湊鐵道線,,,unassigned,0,,,station,import:rail,
857,上総川間,小湊鐵道線,小湊,小湊鐵道線,,,unassigned,0,,,station,import:rail,
858,高滝,小湊鐵道線,小湊,小湊鐵道線,,,unassigned,0,,,station,import:rail,
859,西鎌倉,江の島線,湘南モノレール,江の島線,,,unassigned,0,,,station,import:rail,
860,目白山下,江の島線,湘南モノレール,江の島線,,,unassigned,0,,,station,import:rail,
861,大船,江の島線,湘南モノレール,江の島線,,,unassigned,0,,,station,import:rail,
862,湘南深沢,江の島線,湘南モノレール,江の島線,,,unassigned,0,,,station,import:rail,
863,湘南江の島,江の島線,湘南モノレール,江の島線,,,unassigned,0,,,station,import:rail,
864,富士見町,江の島線,湘南モノレール,江の島線,,,unassigned,0,,,station,import:rail,
865,湘南町屋,江の島線,湘南モノレール,江の島線,,,unassigned,0,,,station,import:rail,
866,片瀬山,江の島線,湘南モノレール,江の島線,,,unassigned,0,,,station,import:rail,
867,高根公団,新京成線,新京成,新京成線,,,unassigned,0,,,station,import:rail,
868,鎌ヶ谷大仏,新京成線,新京成,新京成線,,,unassigned,0,,,station,import:rail,
869,新鎌ヶ谷,新京成線,新京成,新京成線,,,unassigned,0,,,station,import:rail,
870,みのり台,新京成線,新京成,新京成線,,,unassigned,0,,,station,import:rail,
871,初富,新京成線,新京成,新京成線,,,unassigned,0,,,station,import:rail,
872,北初富,新京成線,新京成,新京成線,,,unassigned,0,,,station,import:rail,
873,薬園台,新京成線,新京成,新京成線,,,unassigned,0,,,station,import:rail,
874,二和向台,新京成線,新京成,新京成線,,,unassigned,0,,,station,import:rail,
875,高根木戸,新京成線,新京成,新京成線,,,unassigned,0,,,station,import:rail,
876,元山,新京成線,新京成,新京成線,,,unassigned,0,,,station,import:rail,
877,くぬぎ山,新京成線,新京成,新京成線,,,unassigned,0,,,station,import:rail,
878,松戸新田,新京成線,新京成,新京成線,,,unassigned,0,,,station,import:rail,
879,八柱,新京成線,新京成,新京成線,,,unassigned,0,,,station,import:rail,
880,前原,新京成線,新京成,新京成線,,,unassigned,0,,,station,import:rail,
881,三咲,新京成線,新京成,新京成線,,,unassigned,0,,,station,import:rail,
882,新津田沼,新京成線,新京成,新京成線,,,unassigned,0,,,station,import:rail,
883,五香,新京成線,新京成,新京成線,,,unassigned,0,,,station,import:rail,
884,滝不動,新京成線,新京成,新京成線,,,unassigned,0,,,station,import:rail,
885,常盤平,新京成線,新京成,新京成線,,,unassigned,0,,,station,import:rail,
886,北習志野,新京成線,新京成,新京成線,,,unassigned,0,,,station,import:rail,
887,習志野,新京成線,新京成,新京成線,,,unassigned,0,,,station,import:rail,
888,京成津田沼,新京成線,新京成,新京成線,,,unassigned,0,,,station,import:rail,
889,松戸,新京成線,新京成,新京成線,,,unassigned,0,,,station,import:rail,
890,上本郷,新京成線,新京成,新京成線,,,unassigned,0,,,station,import:rail,
891,西所沢,狭山線,西武,狭山線,,,unassigned,0,,,station,import:rail,
892,下山口,狭山線,西武,狭山線,,,unassigned,0,,,station,import:rail,
893,西武球場前,狭山線,西武,狭山線,,,unassigned,0,,,station,import:rail,
894,西武球場前,山口線,西武,山口線,,,unassigned,0,,,station,import:rail,
895,西武園ゆうえんち,山口線,西武,山口線,,,unassigned,0,,,station,import:rail,
896,沼袋,新宿線,西武,新宿線,,,unassigned,0,,,station,import:rail,
897,西武新宿,新宿線,西武,新宿線,,,unassigned,0,,,station,import:rail,
898,東村山,新宿線,西武,新宿線,,,unassigned,0,,,station,import:rail,
899,狭山市,新宿線,西武,新宿線,,,unassigned,0,,,station,import:rail,
900,入曽,新宿線,西武,新宿線,,,unassigned,0,,,station,import:rail,
901,南大塚,新宿線,西武,新宿線,,,unassigned,0,,,station,import:rail,
902,航空公園,新宿線,西武,新宿線,,,unassigned,0,,,station,import:rail,
903,本川越,新宿線,西武,新宿線,,,unassigned,0,,,station,import:rail,
904,新狭山,新宿線,西武,新宿線,,,unassigned,0,,,station,import:rail,
905,新所沢,新宿線,西武,新宿線,,,unassigned,0,,,station,import:rail,
906,東村山,西武園線,西武,西武園線,,,unassigned,0,,,station,import:rail,
907,吾野,西武秩父線,西武,西武秩父線,,,unassigned,0,,,station,import:rail,
908,横瀬,西武秩父線,西武,西武秩父線,,,unassigned,0,,,station,import:rail,
909,西武秩父,西武秩父線,西武,西武秩父線,,,unassigned,0,,,station,import:rail,
910,西吾野,西武秩父線,西武,西武秩父線,,,unassigned,0,,,station,import:rail,
911,芦ヶ久保,西武秩父線,西武,西武秩父線,,,unassigned,0,,,station,import:rail,
912,正丸,西武秩父線,西武,西武秩父線,,,unassigned,0,,,station,import:rail,
913,国分寺,多摩湖線,西武,多摩湖線,,,unassigned,0,,,station,import:rail,
914,多摩湖,多摩湖線,西武,多摩湖線,,,unassigned,0,,,station,import:rail,
915,池袋,池袋線,西武,池袋線,,,unassigned,0,,,station,import:rail,
916,練馬,池袋線,西武,池袋線,,,unassigned,0,,,station,import:rail,
917,中村橋,池袋線,西武,池袋線,,,unassigned,0,,,station,import:rail,
918,練馬高野台,池袋線,西武,池袋線,,,unassigned,0,,,station,import:rail,
919,小手指,池袋線,西武,池袋線,,,unassigned,0,,,station,import:rail,
920,東吾野,池袋線,西武,池袋線,,,unassigned,0,,,station,import:rail,
921,元加治,池袋線,西武,池袋線,,,unassigned,0,,,station,import:rail,
922,仏子,池袋線,西武,池袋線,,,unassigned,0,,,station,import:rail,
923,狭山ヶ丘,池袋線,西武,池袋線,,,unassigned,0,,,station,import:rail,
924,飯能,池袋線,西武,池袋線,,,unassigned,0,,,station,import:rail,
925,武蔵横手,池袋線,西武,池袋線,,,unassigned,0,,,station,import:rail,
926,武蔵藤沢,池袋線,西武,池袋線,,,unassigned,0,,,station,import:rail,
927,高麗,池袋線,西武,池袋線,,,unassigned,0,,,station,import:rail,
928,東飯能,池袋線,西武,池袋線,,,unassigned,0,,,station,import:rail,
929,西所沢,池袋線,西武,池袋線,,,unassigned,0,,,station,import:rail,
930,稲荷山公園,池袋線,西武,池袋線,,,unassigned,0,,,station,import:rail,
931,吾野,池袋線,西武,池袋線,,,unassigned,0,,,station,import:rail,
932,入間市,池袋線,西武,池袋線,,,unassigned,0,,,station,import:rail,
933,所沢,池袋線,西武,池袋線,,,unassigned,0,,,station,import:rail,
934,萩山,拝島線,西武,拝島線,,,unassigned,0,,,station,import:rail,
935,小平,拝島線,西武,拝島線,,,unassigned,0,,,station,import:rail,
936,小川,拝島線,西武,拝島線,,,unassigned,0,,,station,import:rail,
937,練馬,豊島線,西武,豊島線,,,unassigned,0,,,station,import:rail,
938,千葉,1号線,千葉モノレール,1号線,,,unassigned,0,,,station,import:rail,
939,千葉みなと,1号線,千葉モノレール,1号線,,,unassigned,0,,,station,import:rail,
940,葭川公園,1号線,千葉モノレール,1号線,,,unassigned,0,,,station,import:rail,
941,市役所前,1号線,千葉モノレール,1号線,,,unassigned,0,,,station,import:rail,
942,県庁前,1号線,千葉モノレール,1号線,,,unassigned,0,,,station,import:rail,
943,千葉,2号線,千葉モノレール,2号線,,,unassigned,0,,,station,import:rail,
944,千城台北,2号線,千葉モノレール,2号線,,,unassigned,0,,,station,import:rail,
945,みつわ台,2号線,千葉モノレール,2号線,,,unassigned,0,,,station,import:rail,
946,天台,2号線,千葉モノレール,2号線,,,unassigned,0,,,station,import:rail,
947,千葉公園,2号線,千葉モノレール,2号線,,,unassigned,0,,,station,import:rail,
948,桜木,2号線,千葉モノレール,2号線,,,unassigned,0,,,station,import:rail,
949,穴川,2号線,千葉モノレール,2号線,,,unassigned,0,,,station,import:rail,
950,小倉台,2号線,千葉モノレール,2号線,,,unassigned,0,,,station,import:rail,
951,スポーツセンター,2号線,千葉モノレール,2号線,,,unassigned,0,,,station,import:rail,
952,動物公園,2号線,千葉モノレール,2号線,,,unassigned,0,,,station,import:rail,
953,千城台,2号線,千葉モノレール,2号線,,,unassigned,0,,,station,import:rail,
954,作草部,2号線,千葉モノレール,2号線,,,unassigned,0,,,station,import:rail,
955,都賀,2号線,千葉モノレール,2号線,,,unassigned,0,,,station,import:rail,
956,南万騎が原,いずみ野線,相鉄,いずみ野線,,,unassigned,0,,,station,import:rail,
957,いずみ野,いずみ野線,相鉄,いずみ野線,,,unassigned,0,,,station,import:rail,
958,弥生台,いずみ野線,相鉄,いずみ野線,,,unassigned,0,,,station,import:rail,
959,緑園都市,いずみ野線,相鉄,いずみ野線,,,unassigned,0,,,station,import:rail,
960,ゆめが丘,いずみ野線,相鉄,いずみ野線,,,unassigned,0,,,station,import:rail,
961,二俣川,いずみ野線,相鉄,いずみ野線,,,unassigned,0,,,station,import:rail,
962,湘南台,いずみ野線,相鉄,いずみ野線,,,unassigned,0,,,station,import:rail,
963,いずみ中央,いずみ野線,相鉄,いずみ野線,,,unassigned,0,,,station,import:rail,
964,西横浜,本線,相鉄,本線,,,unassigned,0,,,station,import:rail,
965,天王町,本線,相鉄,本線,,,unassigned,0,,,station,import:rail,
966,和田町,本線,相鉄,本線,,,unassigned,0,,,station,import:rail,
967,星川,本線,相鉄,本線,,,unassigned,0,,,station,import:rail,
968,平沼橋,本線,相鉄,本線,,,unassigned,0,,,station,import:rail,
969,横浜,本線,相鉄,本線,,,unassigned,0,,,station,import:rail,
970,上星川,本線,相鉄,本線,,,unassigned,0,,,station,import:rail,
971,三ツ境,本線,相鉄,本線,,,unassigned,0,,,station,import:rail,
972,相模大塚,本線,相鉄,本線,,,unassigned,0,,,station,import:rail,
973,鶴ヶ峰,本線,相鉄,本線,,,unassigned,0,,,station,import:rail,
974,西谷,本線,相鉄,本線,,,unassigned,0,,,station,import:rail,
975,瀬谷,本線,相鉄,本線,,,unassigned,0,,,station,import:rail,
976,かしわ台,本線,相鉄,本線,,,unassigned,0,,,station,import:rail,
977,大和,本線,相鉄,本線,,,unassigned,0,,,station,import:rail,
978,希望ヶ丘,本線,相鉄,本線,,,unassigned,0,,,station,import:rail,
979,さがみ野,本線,相鉄,本線,,,unassigned,0,,,station,import:rail,
980,海老名,本線,相鉄,本線,,,unassigned,0,,,station,import:rail,
981,二俣川,本線,相鉄,本線,,,unassigned,0,,,station,import:rail,
982,幸谷,流山線,流鉄,流山線,,,unassigned,0,,,station,import:rail,
983,鰭ヶ崎,流山線,流鉄,流山線,,,unassigned,0,,,station,import:rail,
984,馬橋,流山線,流鉄,流山線,,,unassigned,0,,,station,import:rail,
985,流山,流山線,流鉄,流山線,,,unassigned,0,,,station,import:rail,
986,小金城趾,流山線,流鉄,流山線,,,unassigned,0,,,station,import:rail,
987,高幡不動,多摩都市モノレール線,多摩モノレール,多摩都市モノレール線,,,unassigned,0,,,station,import:rail,
988,多摩動物公園,多摩都市モノレール線,多摩モノレール,多摩都市モノレール線,,,unassigned,0,,,station,import:rail,
989,玉川上水,多摩都市モノレール線,多摩モノレール,多摩都市モノレール線,,,unassigned,0,,,station,import:rail,
990,大山寺,大山鋼索線,大山観光,大山鋼索線,,,unassigned,0,,,station,import:rail,
991,大山ケーブル,大山鋼索線,大山観光,大山鋼索線,,,unassigned,0,,,station,import:rail,
992,阿夫利神社,大山鋼索線,大山観光,大山鋼索線,,,unassigned,0,,,station,import:rail,
993,羽生,秩父本線,秩父鉄道,秩父本線,,,unassigned,0,,,station,import:rail,
994,新郷,秩父本線,秩父鉄道,秩父本線,,,unassigned,0,,,station,import:rail,
995,西羽生,秩父本線,秩父鉄道,秩父本線,,,unassigned,0,,,station,import:rail,
996,樋口,秩父本線,秩父鉄道,秩父本線,,,unassigned,0,,,station,import:rail,
997,東行田,秩父本線,秩父鉄道,秩父本線,,,unassigned,0,,,station,import:rail,
998,皆野,秩父本線,秩父鉄道,秩父本線,,,unassigned,0,,,station,import:rail,
999,石原,秩父本線,秩父鉄道,秩父本線,,,unassigned,0,,,station,import:rail,
1000,寄居,秩父本線,秩父鉄道,秩父本線,,,unassigned,0,,,station,import:rail,
1001,三峰口,秩父本線,秩父鉄道,秩父本線,,,unassigned,0,,,station,import:rail,
1002,武州日野,秩父本線,秩父鉄道,秩父本線,,,unassigned,0,,,station,import:rail,
1003,波久礼,秩父本線,秩父鉄道,秩父本線,,,unassigned,0,,,station,import:rail,
1004,御花畑,秩父本線,秩父鉄道,秩父本線,,,unassigned,0,,,station,import:rail,
1005,大野原,秩父本線,秩父鉄道,秩父本線,,,unassigned,0,,,station,import:rail,
1006,持田,秩父本線,秩父鉄道,秩父本線,,,unassigned,0,,,station,import:rail,
1007,小前田,秩父本線,秩父鉄道,秩父本線,,,unassigned,0,,,station,import:rail,
1008,大麻生,秩父本線,秩父鉄道,秩父本線,,,unassigned,0,,,station,import:rail,
1009,永田,秩父本線,秩父鉄道,秩父本線,,,unassigned,0,,,station,import:rail,
1010,親鼻,秩父本線,秩父鉄道,秩父本線,,,unassigned,0,,,station,import:rail,
1011,和銅黒谷,秩父本線,秩父鉄道,秩父本線,,,unassigned,0,,,station,import:rail,
1012,武川,秩父本線,秩父鉄道,秩父本線,,,unassigned,0,,,station,import:rail,
1013,行田市,秩父本線,秩父鉄道,秩父本線,,,unassigned,0,,,station,import:rail,
1014,武州荒木,秩父本線,秩父鉄道,秩父本線,,,unassigned,0,,,station,import:rail,
1015,ひろせ野鳥の森,秩父本線,秩父鉄道,秩父本線,,,unassigned,0,,,station,import:rail,
1016,影森,秩父本線,秩父鉄道,秩父本線,,,unassigned,0,,,station,import:rail,
1017,上熊谷,秩父本線,秩父鉄道,秩父本線,,,unassigned,0,,,station,import:rail,
1018,秩父,秩父本線,秩父鉄道,秩父本線,,,unassigned,0,,,station,import:rail,
1019,明戸,秩父本線,秩父鉄道,秩父本線,,,unassigned,0,,,station,import:rail,
1020,桜沢,秩父本線,秩父鉄道,秩父本線,,,unassigned,0,,,station,import:rail,
1021,長瀞,秩父本線,秩父鉄道,秩父本線,,,unassigned,0,,,station,import:rail,
1022,上長瀞,秩父本線,秩父鉄道,秩父本線,,,unassigned,0,,,station,import:rail,
1023,浦山口,秩父本線,秩父鉄道,秩父本線,,,unassigned,0,,,station,import:rail,
1024,白久,秩父本線,秩父鉄道,秩父本線,,,unassigned,0,,,station,import:rail,
1025,熊谷,秩父本線,秩父鉄道,秩父本線,,,unassigned,0,,,station,import:rail,
1026,野上,秩父本線,秩父鉄道,秩父本線,,,unassigned,0,,,station,import:rail,
1027,武州中川,秩父本線,秩父鉄道,秩父本線,,,unassigned,0,,,station,import:rail,
1028,銚子,銚子電気鉄道線,銚子電鉄,銚子電気鉄道線,,,unassigned,0,,,station,import:rail,
1029,海鹿島,銚子電気鉄道線,銚子電鉄,銚子電気鉄道線,,,unassigned,0,,,station,import:rail,
1030,笠上黒生,銚子電気鉄道線,銚子電鉄,銚子電気鉄道線,,,unassigned,0,,,station,import:rail,
1031,犬吠,銚子電気鉄道線,銚子電鉄,銚子電気鉄道線,,,unassigned,0,,,station,import:rail,
1032,外川,銚子電気鉄道線,銚子電鉄,銚子電気鉄道線,,,unassigned,0,,,station,import:rail,
1033,仲ノ町,銚子電気鉄道線,銚子電鉄,銚子電気鉄道線,,,unassigned,0,,,station,import:rail,
1034,西海鹿島,銚子電気鉄道線,銚子電鉄,銚子電気鉄道線,,,unassigned,0,,,station,import:rail,
1035,観音,銚子電気鉄道線,銚子電鉄,銚子電気鉄道線,,,unassigned,0,,,station,import:rail,
1036,本銚子,銚子電気鉄道線,銚子電鉄,銚子電気鉄道線,,,unassigned,0,,,station,import:rail,
1037,君ヶ浜,銚子電気鉄道線,銚子電鉄,銚子電気鉄道線,,,unassigned,0,,,station,import:rail,
1038,国府津,御殿場線,JR東海,御殿場線,,,unassigned,0,,,station,import:rail,
1039,山北,御殿場線,JR東海,御殿場線,,,unassigned,0,,,station,import:rail,
1040,東山北,御殿場線,JR東海,御殿場線,,,unassigned,0,,,station,import:rail,
1041,松田,御殿場線,JR東海,御殿場線,,,unassigned,0,,,station,import:rail,
1042,上大井,御殿場線,JR東海,御殿場線,,,unassigned,0,,,station,import:rail,
1043,相模金子,御殿場線,JR東海,御殿場線,,,unassigned,0,,,station,import:rail,
1044,下曽我,御殿場線,JR東海,御殿場線,,,unassigned,0,,,station,import:rail,
1045,谷峨,御殿場線,JR東海,御殿場線,,,unassigned,0,,,station,import:rail,
1046,東京,東海道新幹線,JR東海,東海道新幹線,,,unassigned,0,,,station,import:rail,
1047,品川,東海道新幹線,JR東海,東海道新幹線,,,unassigned,0,,,station,import:rail,
1048,新横浜,東海道新幹線,JR東海,東海道新幹線,,,unassigned,0,,,station,import:rail,
1049,小田原,東海道新幹線,JR東海,東海道新幹線,,,unassigned,0,,,station,import:rail,
1050,天王洲アイル,東京モノレール羽田線,東京モノレール,東京モノレール羽田線,,,unassigned,0,,,station,import:rail,
1051,大井競馬場前,東京モノレール羽田線,東京モノレール,東京モノレール羽田線,,,unassigned,0,,,station,import:rail,
1052,モノレール浜松町,東京モノレール羽田線,東京モノレール,東京モノレール羽田線,,,unassigned,0,,,station,import:rail,
1053,羽田空港第1ターミナル,東京モノレール羽田線,東京モノレール,東京モノレール羽田線,,,unassigned,0,,,station,import:rail,
1054,天空橋,東京モノレール羽田線,東京モノレール,東京モノレール羽田線,,,unassigned,0,,,station,import:rail,
1055,整備場,東京モノレール羽田線,東京モノレール,東京モノレール羽田線,,,unassigned,0,,,station,import:rail,
1056,羽田空港第2ターミナル,東京モノレール羽田線,東京モノレール,東京モノレール羽田線,,,unassigned,0,,,station,import:rail,
1057,流通センター,東京モノレール羽田線,東京モノレール,東京モノレール羽田線,,,unassigned,0,,,station,import:rail,
1058,昭和島,東京モノレール羽田線,東京モノレール,東京モノレール羽田線,,,unassigned,0,,,station,import:rail,
1059,新整備場,東京モノレール羽田線,東京モノレール,東京モノレール羽田線,,,unassigned,0,,,station,import:rail,
1060,こどもの国,こどもの国線,東急,こどもの国線,,,unassigned,0,,,station,import:rail,
1061,恩田,こどもの国線,東急,こどもの国線,,,unassigned,0,,,station,import:rail,
1062,下高井戸,世田谷線,東急,世田谷線,,,unassigned,0,,,station,import:rail,
1063,五反田,池上線,東急,池上線,,,unassigned,0,,,station,import:rail,
1064,旗の台,池上線,東急,池上線,,,unassigned,0,,,station,import:rail,
1065,渋谷,田園都市線,東急,田園都市線,,,unassigned,0,,,station,import:rail,
1066,三軒茶屋,田園都市線,東急,田園都市線,,,unassigned,0,,,station,import:rail,
1067,二子玉川,田園都市線,東急,田園都市線,,,unassigned,0,,,station,import:rail,
1068,二子新地,田園都市線,東急,田園都市線,,,unassigned,0,,,station,import:rail,
1069,梶が谷,田園都市線,東急,田園都市線,,,unassigned,0,,,station,import:rail,
1070,高津,田園都市線,東急,田園都市線,,,unassigned,0,,,station,import:rail,
1071,宮崎台,田園都市線,東急,田園都市線,,,unassigned,0,,,station,import:rail,
1072,宮前平,田園都市線,東急,田園都市線,,,unassigned,0,,,station,import:rail,
1073,青葉台,田園都市線,東急,田園都市線,,,unassigned,0,,,station,import:rail,
1074,つきみ野,田園都市線,東急,田園都市線,,,unassigned,0,,,station,import:rail,
1075,市が尾,田園都市線,東急,田園都市線,,,unassigned,0,,,station,import:rail,
1076,中央林間,田園都市線,東急,田園都市線,,,unassigned,0,,,station,import:rail,
1077,長津田,田園都市線,東急,田園都市線,,,unassigned,0,,,station,import:rail,
1078,たまプラーザ,田園都市線,東急,田園都市線,,,unassigned,0,,,station,import:rail,
1079,あざみ野,田園都市線,東急,田園都市線,,,unassigned,0,,,station,import:rail,
1080,田奈,田園都市線,東急,田園都市線,,,unassigned,0,,,station,import:rail,
1081,藤が丘,田園都市線,東急,田園都市線,,,unassigned,0,,,station,import:rail,
1082,鷺沼,田園都市線,東急,田園都市線,,,unassigned,0,,,station,import:rail,
1083,江田,田園都市線,東急,田園都市線,,,unassigned,0,,,station,import:rail,
1084,自由が丘,東横線,東急,東横線,,,unassigned,0,,,station,import:rail,
1085,渋谷,東横線,東急,東横線,,,unassigned,0,,,station,import:rail,
1086,反町,東横線,東急,東横線,,,unassigned,0,,,station,import:rail,
1087,横浜,東横線,東急,東横線,,,unassigned,0,,,station,import:rail,
1088,多摩川,東急多摩川線,東急,東急多摩川線,,,unassigned,0,,,station,import:rail,
1089,蒲田,東急多摩川線,東急,東急多摩川線,,,unassigned,0,,,station,import:rail,
1090,目黒,目黒線,東急,目黒線,,,unassigned,0,,,station,import:rail,
1091,田園調布,目黒線,東急,目黒線,,,unassigned,0,,,station,import:rail,
1092,大岡山,目黒線,東急,目黒線,,,unassigned,0,,,station,import:rail,
1093,南千住,2号線日比谷線,東京メトロ,2号線日比谷線,,,unassigned,0,,,station,import:rail,
1094,秋葉原,2号線日比谷線,東京メトロ,2号線日比谷線,,,unassigned,0,,,station,import:rail,
1095,北千住,2号線日比谷線,東京メトロ,2号線日比谷線,,,unassigned,0,,,station,import:rail,
1096,神谷町,2号線日比谷線,東京メトロ,2号線日比谷線,,,unassigned,0,,,station,import:rail,
1097,銀座,2号線日比谷線,東京メトロ,2号線日比谷線,,,unassigned,0,,,station,import:rail,
1098,広尾,2号線日比谷線,東京メトロ,2号線日比谷線,,,unassigned,0,,,station,import:rail,
1099,東銀座,2号線日比谷線,東京メトロ,2号線日比谷線,,,unassigned,0,,,station,import:rail,
1100,霞ヶ関,2号線日比谷線,東京メトロ,2号線日比谷線,,,unassigned,0,,,station,import:rail,
1101,人形町,2号線日比谷線,東京メトロ,2号線日比谷線,,,unassigned,0,,,station,import:rail,
1102,茅場町,2号線日比谷線,東京メトロ,2号線日比谷線,,,unassigned,0,,,station,import:rail,
1103,六本木,2号線日比谷線,東京メトロ,2号線日比谷線,,,unassigned,0,,,station,import:rail,
1104,小伝馬町,2号線日比谷線,東京メトロ,2号線日比谷線,,,unassigned,0,,,station,import:rail,
1105,八丁堀,2号線日比谷線,東京メトロ,2号線日比谷線,,,unassigned,0,,,station,import:rail,
1106,築地,2号線日比谷線,東京メトロ,2号線日比谷線,,,unassigned,0,,,station,import:rail,
1107,日比谷,2号線日比谷線,東京メトロ,2号線日比谷線,,,unassigned,0,,,station,import:rail,
1108,恵比寿,2号線日比谷線,東京メトロ,2号線日比谷線,,,unassigned,0,,,station,import:rail,
1109,中目黒,2号線日比谷線,東京メトロ,2号線日比谷線,,,unassigned,0,,,station,import:rail,
1110,上野,3号線銀座線,東京メトロ,3号線銀座線,,,unassigned,0,,,station,import:rail,
1111,浅草,3号線銀座線,東京メトロ,3号線銀座線,,,unassigned,0,,,station,import:rail,
1112,末広町,3号線銀座線,東京メトロ,3号線銀座線,,,unassigned,0,,,station,import:rail,
1113,虎ノ門,3号線銀座線,東京メトロ,3号線銀座線,,,unassigned,0,,,station,import:rail,
1114,外苑前,3号線銀座線,東京メトロ,3号線銀座線,,,unassigned,0,,,station,import:rail,
1115,日本橋,3号線銀座線,東京メトロ,3号線銀座線,,,unassigned,0,,,station,import:rail,
1116,溜池山王,3号線銀座線,東京メトロ,3号線銀座線,,,unassigned,0,,,station,import:rail,
1117,銀座,3号線銀座線,東京メトロ,3号線銀座線,,,unassigned,0,,,station,import:rail,
1118,青山一丁目,3号線銀座線,東京メトロ,3号線銀座線,,,unassigned,0,,,station,import:rail,
1119,新橋,3号線銀座線,東京メトロ,3号線銀座線,,,unassigned,0,,,station,import:rail,
1120,神田,3号線銀座線,東京メトロ,3号線銀座線,,,unassigned,0,,,station,import:rail,
1121,赤坂見附,3号線銀座線,東京メトロ,3号線銀座線,,,unassigned,0,,,station,import:rail,
1122,三越前,3号線銀座線,東京メトロ,3号線銀座線,,,unassigned,0,,,station,import:rail,
1123,渋谷,3号線銀座線,東京メトロ,3号線銀座線,,,unassigned,0,,,station,import:rail,
1124,後楽園,4号線丸ノ内線,東京メトロ,4号線丸ノ内線,,,unassigned,0,,,station,import:rail,
1125,御茶ノ水,4号線丸ノ内線,東京メトロ,4号線丸ノ内線,,,unassigned,0,,,station,import:rail,
1126,本郷三丁目,4号線丸ノ内線,東京メトロ,4号線丸ノ内線,,,unassigned,0,,,station,import:rail,
1127,茗荷谷,4号線丸ノ内線,東京メトロ,4号線丸ノ内線,,,unassigned,0,,,station,import:rail,
1128,池袋,4号線丸ノ内線,東京メトロ,4号線丸ノ内線,,,unassigned,0,,,station,import:rail,
1129,新大塚,4号線丸ノ内線,東京メトロ,4号線丸ノ内線,,,unassigned,0,,,station,import:rail,
1130,東京,4号線丸ノ内線,東京メトロ,4号線丸ノ内線,,,unassigned,0,,,station,import:rail,
1131,国会議事堂前,4号線丸ノ内線,東京メトロ,4号線丸ノ内線,,,unassigned,0,,,station,import:rail,
1132,淡路町,4号線丸ノ内線,東京メトロ,4号線丸ノ内線,,,unassigned,0,,,station,import:rail,
1133,四谷三丁目,4号線丸ノ内線,東京メトロ,4号線丸ノ内線,,,unassigned,0,,,station,import:rail,
1134,銀座,4号線丸ノ内線,東京メトロ,4号線丸ノ内線,,,unassigned,0,,,station,import:rail,
1135,霞ヶ関,4号線丸ノ内線,東京メトロ,4号線丸ノ内線,,,unassigned,0,,,station,import:rail,
1136,四ツ谷,4号線丸ノ内線,東京メトロ,4号線丸ノ内線,,,unassigned,0,,,station,import:rail,
1137,大手町,4号線丸ノ内線,東京メトロ,4号線丸ノ内線,,,unassigned,0,,,station,import:rail,
1138,赤坂見附,4号線丸ノ内線,東京メトロ,4号線丸ノ内線,,,unassigned,0,,,station,import:rail,
1139,新宿三丁目,4号線丸ノ内線,東京メトロ,4号線丸ノ内線,,,unassigned,0,,,station,import:rail,
1140,新宿御苑前,4号線丸ノ内線,東京メトロ,4号線丸ノ内線,,,unassigned,0,,,station,import:rail,
1141,新宿,4号線丸ノ内線,東京メトロ,4号線丸ノ内線,,,unassigned,0,,,station,import:rail,
1142,中野坂上,4号線丸ノ内線分岐線,東京メトロ,4号線丸ノ内線分岐線,,,unassigned,0,,,station,import:rail,
1143,中野新橋,4号線丸ノ内線分岐線,東京メトロ,4号線丸ノ内線分岐線,,,unassigned,0,,,station,import:rail,
1144,飯田橋,5号線東西線,東京メトロ,5号線東西線,,,unassigned,0,,,station,import:rail,
1145,神楽坂,5号線東西線,東京メトロ,5号線東西線,,,unassigned,0,,,station,import:rail,
1146,高田馬場,5号線東西線,東京メトロ,5号線東西線,,,unassigned,0,,,station,import:rail,
1147,早稲田,5号線東西線,東京メトロ,5号線東西線,,,unassigned,0,,,station,import:rail,
1148,大手町,5号線東西線,東京メトロ,5号線東西線,,,unassigned,0,,,station,import:rail,
1149,茅場町,5号線東西線,東京メトロ,5号線東西線,,,unassigned,0,,,station,import:rail,
1150,木場,5号線東西線,東京メトロ,5号線東西線,,,unassigned,0,,,station,import:rail,
1151,九段下,5号線東西線,東京メトロ,5号線東西線,,,unassigned,0,,,station,import:rail,
1152,竹橋,5号線東西線,東京メトロ,5号線東西線,,,unassigned,0,,,station,import:rail,
1153,日本橋,5号線東西線,東京メトロ,5号線東西線,,,unassigned,0,,,station,import:rail,
1154,東陽町,5号線東西線,東京メトロ,5号線東西線,,,unassigned,0,,,station,import:rail,
1155,本駒込,7号線南北線,東京メトロ,7号線南北線,,,unassigned,0,,,station,import:rail,
1156,飯田橋,7号線南北線,東京メトロ,7号線南北線,,,unassigned,0,,,station,import:rail,
1157,後楽園,7号線南北線,東京メトロ,7号線南北線,,,unassigned,0,,,station,import:rail,
1158,駒込,7号線南北線,東京メトロ,7号線南北線,,,unassigned,0,,,station,import:rail,
1159,東大前,7号線南北線,東京メトロ,7号線南北線,,,unassigned,0,,,station,import:rail,
1160,赤羽岩淵,7号線南北線,東京メトロ,7号線南北線,,,unassigned,0,,,station,import:rail,
1161,永田町,7号線南北線,東京メトロ,7号線南北線,,,unassigned,0,,,station,import:rail,
1162,四ツ谷,7号線南北線,東京メトロ,7号線南北線,,,unassigned,0,,,station,import:rail,
1163,麻布十番,7号線南北線,東京メトロ,7号線南北線,,,unassigned,0,,,station,import:rail,
1164,溜池山王,7号線南北線,東京メトロ,7号線南北線,,,unassigned,0,,,station,import:rail,
1165,市ヶ谷,7号線南北線,東京メトロ,7号線南北線,,,unassigned,0,,,station,import:rail,
1166,六本木一丁目,7号線南北線,東京メトロ,7号線南北線,,,unassigned,0,,,station,import:rail,
1167,白金高輪,7号線南北線,東京メトロ,7号線南北線,,,unassigned,0,,,station,import:rail,
1168,飯田橋,8号線有楽町線,東京メトロ,8号線有楽町線,,,unassigned,0,,,station,import:rail,
1169,池袋,13号線副都心線,東京メトロ,13号線副都心線,,,unassigned,0,,,station,import:rail,
1170,東池袋,8号線有楽町線,東京メトロ,8号線有楽町線,,,unassigned,0,,,station,import:rail,
1171,池袋,8号線有楽町線,東京メトロ,8号線有楽町線,,,unassigned,0,,,station,import:rail,
1172,江戸川橋,8号線有楽町線,東京メトロ,8号線有楽町線,,,unassigned,0,,,station,import:rail,
1173,平和台,8号線有楽町線,東京メトロ,8号線有楽町線,,,unassigned,0,,,station,import:rail,
1174,小竹向原,8号線有楽町線,東京メトロ,8号線有楽町線,,,unassigned,0,,,station,import:rail,
1175,護国寺,8号線有楽町線,東京メトロ,8号線有楽町線,,,unassigned,0,,,station,import:rail,
1176,麹町,8号線有楽町線,東京メトロ,8号線有楽町線,,,unassigned,0,,,station,import:rail,
1177,市ヶ谷,8号線有楽町線,東京メトロ,8号線有楽町線,,,unassigned,0,,,station,import:rail,
1178,豊洲,8号線有楽町線,東京メトロ,8号線有楽町線,,,unassigned,0,,,station,import:rail,
1179,有楽町,8号線有楽町線,東京メトロ,8号線有楽町線,,,unassigned,0,,,station,import:rail,
1180,桜田門,8号線有楽町線,東京メトロ,8号線有楽町線,,,unassigned,0,,,station,import:rail,
1181,永田町,8号線有楽町線,東京メトロ,8号線有楽町線,,,unassigned,0,,,station,import:rail,
1182,千駄木,9号線千代田線,東京メトロ,9号線千代田線,,,unassigned,0,,,station,import:rail,
1183,新御茶ノ水,9号線千代田線,東京メトロ,9号線千代田線,,,unassigned,0,,,station,import:rail,
1184,町屋,9号線千代田線,東京メトロ,9号線千代田線,,,unassigned,0,,,station,import:rail,
1185,北千住,9号線千代田線,東京メトロ,9号線千代田線,,,unassigned,0,,,station,import:rail,
1186,根津,9号線千代田線,東京メトロ,9号線千代田線,,,unassigned,0,,,station,import:rail,
1187,二重橋前,9号線千代田線,東京メトロ,9号線千代田線,,,unassigned,0,,,station,import:rail,
1188,日比谷,9号線千代田線,東京メトロ,9号線千代田線,,,unassigned,0,,,station,import:rail,
1189,乃木坂,9号線千代田線,東京メトロ,9号線千代田線,,,unassigned,0,,,station,import:rail,
1190,赤坂,9号線千代田線,東京メトロ,9号線千代田線,,,unassigned,0,,,station,import:rail,
1191,大手町,9号線千代田線,東京メトロ,9号線千代田線,,,unassigned,0,,,station,import:rail,
1192,国会議事堂前,9号線千代田線,東京メトロ,9号線千代田線,,,unassigned,0,,,station,import:rail,
1193,霞ヶ関,9号線千代田線,東京メトロ,9号線千代田線,,,unassigned,0,,,station,import:rail,
1194,表参道,9号線千代田線,東京メトロ,9号線千代田線,,,unassigned,0,,,station,import:rail,
1195,代々木上原,9号線千代田線,東京メトロ,9号線千代田線,,,unassigned,0,,,station,import:rail,
1196,押上,11号線半蔵門線,東京メトロ,11号線半蔵門線,,,unassigned,0,,,station,import:rail,
1197,錦糸町,11号線半蔵門線,東京メトロ,11号線半蔵門線,,,unassigned,0,,,station,import:rail,
1198,神保町,11号線半蔵門線,東京メトロ,11号線半蔵門線,,,unassigned,0,,,station,import:rail,
1199,九段下,11号線半蔵門線,東京メトロ,11号線半蔵門線,,,unassigned,0,,,station,import:rail,
1200,永田町,11号線半蔵門線,東京メトロ,11号線半蔵門線,,,unassigned,0,,,station,import:rail,
1201,半蔵門,11号線半蔵門線,東京メトロ,11号線半蔵門線,,,unassigned,0,,,station,import:rail,
1202,三越前,11号線半蔵門線,東京メトロ,11号線半蔵門線,,,unassigned,0,,,station,import:rail,
1203,大手町,11号線半蔵門線,東京メトロ,11号線半蔵門線,,,unassigned,0,,,station,import:rail,
1204,青山一丁目,11号線半蔵門線,東京メトロ,11号線半蔵門線,,,unassigned,0,,,station,import:rail,
1205,渋谷,11号線半蔵門線,東京メトロ,11号線半蔵門線,,,unassigned,0,,,station,import:rail,
1206,表参道,11号線半蔵門線,東京メトロ,11号線半蔵門線,,,unassigned,0,,,station,import:rail,
1207,浅草,1号線浅草線,都営,1号線浅草線,,,unassigned,0,,,station,import:rail,
1208,押上,1号線浅草線,都営,1号線浅草線,,,unassigned,0,,,station,import:rail,
1209,高輪台,1号線浅草線,都営,1号線浅草線,,,unassigned,0,,,station,import:rail,
1210,三田,1号線浅草線,都営,1号線浅草線,,,unassigned,0,,,station,import:rail,
1211,日本橋,1号線浅草線,都営,1号線浅草線,,,unassigned,0,,,station,import:rail,
1212,新橋,1号線浅草線,都営,1号線浅草線,,,unassigned,0,,,station,import:rail,
1213,五反田,1号線浅草線,都営,1号線浅草線,,,unassigned,0,,,station,import:rail,
1214,泉岳寺,1号線浅草線,都営,1号線浅草線,,,unassigned,0,,,station,import:rail,
1215,東銀座,1号線浅草線,都営,1号線浅草線,,,unassigned,0,,,station,import:rail,
1216,大門,1号線浅草線,都営,1号線浅草線,,,unassigned,0,,,station,import:rail,
1217,人形町,1号線浅草線,都営,1号線浅草線,,,unassigned,0,,,station,import:rail,
1218,中延,1号線浅草線,都営,1号線浅草線,,,unassigned,0,,,station,import:rail,
1219,水道橋,6号線三田線,都営,6号線三田線,,,unassigned,0,,,station,import:rail,
1220,白山,6号線三田線,都営,6号線三田線,,,unassigned,0,,,station,import:rail,
1221,千石,6号線三田線,都営,6号線三田線,,,unassigned,0,,,station,import:rail,
1222,春日,6号線三田線,都営,6号線三田線,,,unassigned,0,,,station,import:rail,
1223,巣鴨,6号線三田線,都営,6号線三田線,,,unassigned,0,,,station,import:rail,
1224,西巣鴨,6号線三田線,都営,6号線三田線,,,unassigned,0,,,station,import:rail,
1225,目黒,6号線三田線,都営,6号線三田線,,,unassigned,0,,,station,import:rail,
1226,日比谷,6号線三田線,都営,6号線三田線,,,unassigned,0,,,station,import:rail,
1227,内幸町,6号線三田線,都営,6号線三田線,,,unassigned,0,,,station,import:rail,
1228,白金高輪,6号線三田線,都営,6号線三田線,,,unassigned,0,,,station,import:rail,
1229,白金台,6号線三田線,都営,6号線三田線,,,unassigned,0,,,station,import:rail,
1230,神保町,6号線三田線,都営,6号線三田線,,,unassigned,0,,,station,import:rail,
1231,大手町,6号線三田線,都営,6号線三田線,,,unassigned,0,,,station,import:rail,
1232,御成門,6号線三田線,都営,6号線三田線,,,unassigned,0,,,station,import:rail,
1233,芝公園,6号線三田線,都営,6号線三田線,,,unassigned,0,,,station,import:rail,
1234,三田,6号線三田線,都営,6号線三田線,,,unassigned,0,,,station,import:rail,
1235,本八幡,10号線新宿線,都営,10号線新宿線,,,unassigned,0,,,station,import:rail,
1236,神保町,10号線新宿線,都営,10号線新宿線,,,unassigned,0,,,station,import:rail,
1237,九段下,10号線新宿線,都営,10号線新宿線,,,unassigned,0,,,station,import:rail,
1238,曙橋,10号線新宿線,都営,10号線新宿線,,,unassigned,0,,,station,import:rail,
1239,市ヶ谷,10号線新宿線,都営,10号線新宿線,,,unassigned,0,,,station,import:rail,
1240,住吉,10号線新宿線,都営,10号線新宿線,,,unassigned,0,,,station,import:rail,
1241,新宿,10号線新宿線,都営,10号線新宿線,,,unassigned,0,,,station,import:rail,
1242,新宿三丁目,10号線新宿線,都営,10号線新宿線,,,unassigned,0,,,station,import:rail,
1243,本郷三丁目,12号線大江戸線,都営,12号線大江戸線,,,unassigned,0,,,station,import:rail,
1244,春日,12号線大江戸線,都営,12号線大江戸線,,,unassigned,0,,,station,import:rail,
1245,上野御徒町,12号線大江戸線,都営,12号線大江戸線,,,unassigned,0,,,station,import:rail,
1246,蔵前,12号線大江戸線,都営,12号線大江戸線,,,unassigned,0,,,station,import:rail,
1247,新御徒町,12号線大江戸線,都営,12号線大江戸線,,,unassigned,0,,,station,import:rail,
1248,飯田橋,12号線大江戸線,都営,12号線大江戸線,,,unassigned,0,,,station,import:rail,
1249,東新宿,12号線大江戸線,都営,12号線大江戸線,,,unassigned,0,,,station,import:rail,
1250,牛込柳町,12号線大江戸線,都営,12号線大江戸線,,,unassigned,0,,,station,import:rail,
1251,練馬,12号線大江戸線,都営,12号線大江戸線,,,unassigned,0,,,station,import:rail,
1252,牛込神楽坂,12号線大江戸線,都営,12号線大江戸線,,,unassigned,0,,,station,import:rail,
1253,豊島園,12号線大江戸線,都営,12号線大江戸線,,,unassigned,0,,,station,import:rail,
1254,若松河田,12号線大江戸線,都営,12号線大江戸線,,,unassigned,0,,,station,import:rail,
1255,中井,12号線大江戸線,都営,12号線大江戸線,,,unassigned,0,,,station,import:rail,
1256,中野坂上,12号線大江戸線,都営,12号線大江戸線,,,unassigned,0,,,station,import:rail,
1257,大門,12号線大江戸線,都営,12号線大江戸線,,,unassigned,0,,,station,import:rail,
1258,六本木,12号線大江戸線,都営,12号線大江戸線,,,unassigned,0,,,station,import:rail,
1259,汐留,12号線大江戸線,都営,12号線大江戸線,,,unassigned,0,,,station,import:rail,
1260,門前仲町,12号線大江戸線,都営,12号線大江戸線,,,unassigned,0,,,station,import:rail,
1261,森下,12号線大江戸線,都営,12号線大江戸線,,,unassigned,0,,,station,import:rail,
1262,青山一丁目,12号線大江戸線,都営,12号線大江戸線,,,unassigned,0,,,station,import:rail,
1263,麻布十番,12号線大江戸線,都営,12号線大江戸線,,,unassigned,0,,,station,import:rail,
1264,清澄白河,12号線大江戸線,都営,12号線大江戸線,,,unassigned,0,,,station,import:rail,
1265,月島,12号線大江戸線,都営,12号線大江戸線,,,unassigned,0,,,station,import:rail,
1266,赤羽橋,12号線大江戸線,都営,12号線大江戸線,,,unassigned,0,,,station,import:rail,
1267,新宿,12号線大江戸線,都営,12号線大江戸線,,,unassigned,0,,,station,import:rail,
1268,国立競技場,12号線大江戸線,都営,12号線大江戸線,,,unassigned,0,,,station,import:rail,
1269,代々木,12号線大江戸線,都営,12号線大江戸線,,,unassigned,0,,,station,import:rail,
1270,栄町,荒川線,都営,荒川線,,,unassigned,0,,,station,import:rail,
1271,早稲田,荒川線,都営,荒川線,,,unassigned,0,,,station,import:rail,
1272,面影橋,荒川線,都営,荒川線,,,unassigned,0,,,station,import:rail,
1273,学習院下,荒川線,都営,荒川線,,,unassigned,0,,,station,import:rail,
1274,東池袋四丁目,荒川線,都営,荒川線,,,unassigned,0,,,station,import:rail,
1275,向原,荒川線,都営,荒川線,,,unassigned,0,,,station,import:rail,
1276,大塚駅前,荒川線,都営,荒川線,,,unassigned,0,,,station,import:rail,
1277,巣鴨新田,荒川線,都営,荒川線,,,unassigned,0,,,station,import:rail,
1278,都電雑司ヶ谷,荒川線,都営,荒川線,,,unassigned,0,,,station,import:rail,
1279,鬼子母神前,荒川線,都営,荒川線,,,unassigned,0,,,station,import:rail,
1280,上野動物園西園,上野懸垂線,都営,上野懸垂線,,,unassigned,0,,,station,import:rail,
1281,上野動物園東園,上野懸垂線,都営,上野懸垂線,,,unassigned,0,,,station,import:rail,
1282,天王洲アイル,りんかい線,東京臨海高速鉄道,りんかい線,,,unassigned,0,,,station,import:rail,
1283,東京テレポート,りんかい線,東京臨海高速鉄道,りんかい線,,,unassigned,0,,,station,import:rail,
1284,大崎,りんかい線,東京臨海高速鉄道,りんかい線,,,unassigned,0,,,station,import:rail,
1285,東雲,りんかい線,東京臨海高速鉄道,りんかい線,,,unassigned,0,,,station,import:rail,
1286,新木場,りんかい線,東京臨海高速鉄道,りんかい線,,,unassigned,0,,,station,import:rail,
1287,大井町,りんかい線,東京臨海高速鉄道,りんかい線,,,unassigned,0,,,station,import:rail,
1288,国際展示場,りんかい線,東京臨海高速鉄道,りんかい線,,,unassigned,0,,,station,import:rail,
1289,品川シーサイド,りんかい線,東京臨海高速鉄道,りんかい線,,,unassigned,0,,,station,import:rail,
1290,衣笠,横須賀線,JR東日本,横須賀線,,,unassigned,0,,,station,import:rail,
1291,久里浜,横須賀線,JR東日本,横須賀線,,,unassigned,0,,,station,import:rail,
1292,横須賀,横須賀線,JR東日本,横須賀線,,,unassigned,0,,,station,import:rail,
1293,田浦,横須賀線,JR東日本,横須賀線,,,unassigned,0,,,station,import:rail,
1294,東逗子,横須賀線,JR東日本,横須賀線,,,unassigned,0,,,station,import:rail,
1295,逗子,横須賀線,JR東日本,横須賀線,,,unassigned,0,,,station,import:rail,
1296,北鎌倉,横須賀線,JR東日本,横須賀線,,,unassigned,0,,,station,import:rail,
1297,鎌倉,横須賀線,JR東日本,横須賀線,,,unassigned,0,,,station,import:rail,
1298,大船,横須賀線,JR東日本,横須賀線,,,unassigned,0,,,station,import:rail,
1299,新横浜,横浜線,JR東日本,横浜線,,,unassigned,0,,,station,import:rail,
1300,菊名,横浜線,JR東日本,横浜線,,,unassigned,0,,,station,import:rail,
1301,橋本,横浜線,JR東日本,横浜線,,,unassigned,0,,,station,import:rail,
1302,町田,横浜線,JR東日本,横浜線,,,unassigned,0,,,station,import:rail,
1303,長津田,横浜線,JR東日本,横浜線,,,unassigned,0,,,station,import:rail,
1304,本千葉,外房線,JR東日本,外房線,,,unassigned,0,,,station,import:rail,
1305,千葉,外房線,JR東日本,外房線,,,unassigned,0,,,station,import:rail,
1306,蘇我,外房線,JR東日本,外房線,,,unassigned,0,,,station,import:rail,
1307,新茂原,外房線,JR東日本,外房線,,,unassigned,0,,,station,import:rail,
1308,八積,外房線,JR東日本,外房線,,,unassigned,0,,,station,import:rail,
1309,三門,外房線,JR東日本,外房線,,,unassigned,0,,,station,import:rail,
1310,本納,外房線,JR東日本,外房線,,,unassigned,0,,,station,import:rail,
1311,安房鴨川,外房線,JR東日本,外房線,,,unassigned,0,,,station,import:rail,
1312,鵜原,外房線,JR東日本,外房線,,,unassigned,0,,,station,import:rail,
1313,鎌取,外房線,JR東日本,外房線,,,unassigned,0,,,station,import:rail,
1314,上総一ノ宮,外房線,JR東日本,外房線,,,unassigned,0,,,station,import:rail,
1315,御宿,外房線,JR東日本,外房線,,,unassigned,0,,,station,import:rail,
1316,行川アイランド,外房線,JR東日本,外房線,,,unassigned,0,,,station,import:rail,
1317,茂原,外房線,JR東日本,外房線,,,unassigned,0,,,station,import:rail,
1318,長者町,外房線,JR東日本,外房線,,,unassigned,0,,,station,import:rail,
1319,東浪見,外房線,JR東日本,外房線,,,unassigned,0,,,station,import:rail,
1320,永田,外房線,JR東日本,外房線,,,unassigned,0,,,station,import:rail,
1321,安房小湊,外房線,JR東日本,外房線,,,unassigned,0,,,station,import:rail,
1322,太東,外房線,JR東日本,外房線,,,unassigned,0,,,station,import:rail,
1323,浪花,外房線,JR東日本,外房線,,,unassigned,0,,,station,import:rail,
1324,誉田,外房線,JR東日本,外房線,,,unassigned,0,,,station,import:rail,
1325,大原,外房線,JR東日本,外房線,,,unassigned,0,,,station,import:rail,
1326,勝浦,外房線,JR東日本,外房線,,,unassigned,0,,,station,import:rail,
1327,土気,外房線,JR東日本,外房線,,,unassigned,0,,,station,import:rail,
1328,安房天津,外房線,JR東日本,外房線,,,unassigned,0,,,station,import:rail,
1329,上総興津,外房線,JR東日本,外房線,,,unassigned,0,,,station,import:rail,
1330,大網,外房線,JR東日本,外房線,,,unassigned,0,,,station,import:rail,
1331,木更津,久留里線,JR東日本,久留里線,,,unassigned,0,,,station,import:rail,
1332,東横田,久留里線,JR東日本,久留里線,,,unassigned,0,,,station,import:rail,
1333,小櫃,久留里線,JR東日本,久留里線,,,unassigned,0,,,station,import:rail,
1334,上総亀山,久留里線,JR東日本,久留里線,,,unassigned,0,,,station,import:rail,
1335,上総清川,久留里線,JR東日本,久留里線,,,unassigned,0,,,station,import:rail,
1336,久留里,久留里線,JR東日本,久留里線,,,unassigned,0,,,station,import:rail,
1337,平山,久留里線,JR東日本,久留里線,,,unassigned,0,,,station,import:rail,
1338,上総松丘,久留里線,JR東日本,久留里線,,,unassigned,0,,,station,import:rail,
1339,下郡,久留里線,JR東日本,久留里線,,,unassigned,0,,,station,import:rail,
1340,横田,久留里線,JR東日本,久留里線,,,unassigned,0,,,station,import:rail,
1341,東清川,久留里線,JR東日本,久留里線,,,unassigned,0,,,station,import:rail,
1342,馬来田,久留里線,JR東日本,久留里線,,,unassigned,0,,,station,import:rail,
1343,祇園,久留里線,JR東日本,久留里線,,,unassigned,0,,,station,import:rail,
1344,俵田,久留里線,JR東日本,久留里線,,,unassigned,0,,,station,import:rail,
1345,西船橋,京葉線,JR東日本,京葉線,,,unassigned,0,,,station,import:rail,
1346,新習志野,京葉線,JR東日本,京葉線,,,unassigned,0,,,station,import:rail,
1347,市川塩浜,京葉線,JR東日本,京葉線,,,unassigned,0,,,station,import:rail,
1348,稲毛海岸,京葉線,JR東日本,京葉線,,,unassigned,0,,,station,import:rail,
1349,検見川浜,京葉線,JR東日本,京葉線,,,unassigned,0,,,station,import:rail,
1350,南船橋,京葉線,JR東日本,京葉線,,,unassigned,0,,,station,import:rail,
1351,海浜幕張,京葉線,JR東日本,京葉線,,,unassigned,0,,,station,import:rail,
1352,千葉みなと,京葉線,JR東日本,京葉線,,,unassigned,0,,,station,import:rail,
1353,二俣新町,京葉線,JR東日本,京葉線,,,unassigned,0,,,station,import:rail,
1354,東京,京葉線,JR東日本,京葉線,,,unassigned,0,,,station,import:rail,
1355,新浦安,京葉線,JR東日本,京葉線,,,unassigned,0,,,station,import:rail,
1356,八丁堀,京葉線,JR東日本,京葉線,,,unassigned,0,,,station,import:rail,
1357,新木場,京葉線,JR東日本,京葉線,,,unassigned,0,,,station,import:rail,
1358,蘇我,京葉線,JR東日本,京葉線,,,unassigned,0,,,station,import:rail,
1359,拝島,五日市線,JR東日本,五日市線,,,unassigned,0,,,station,import:rail,
1360,籠原,高崎線,JR東日本,高崎線,,,unassigned,0,,,station,import:rail,
1361,神保原,高崎線,JR東日本,高崎線,,,unassigned,0,,,station,import:rail,
1362,深谷,高崎線,JR東日本,高崎線,,,unassigned,0,,,station,import:rail,
1363,本庄,高崎線,JR東日本,高崎線,,,unassigned,0,,,station,import:rail,
1364,岡部,高崎線,JR東日本,高崎線,,,unassigned,0,,,station,import:rail,
1365,大宮,高崎線,JR東日本,高崎線,,,unassigned,0,,,station,import:rail,
1366,上尾,高崎線,JR東日本,高崎線,,,unassigned,0,,,station,import:rail,
1367,宮原,高崎線,JR東日本,高崎線,,,unassigned,0,,,station,import:rail,
1368,北上尾,高崎線,JR東日本,高崎線,,,unassigned,0,,,station,import:rail,
1369,桶川,高崎線,JR東日本,高崎線,,,unassigned,0,,,station,import:rail,
1370,鴻巣,高崎線,JR東日本,高崎線,,,unassigned,0,,,station,import:rail,
1371,北本,高崎線,JR東日本,高崎線,,,unassigned,0,,,station,import:rail,
1372,熊谷,高崎線,JR東日本,高崎線,,,unassigned,0,,,station,import:rail,
1373,吹上,高崎線,JR東日本,高崎線,,,unassigned,0,,,station,import:rail,
1374,北鴻巣,高崎線,JR東日本,高崎線,,,unassigned,0,,,station,import:rail,
1375,行田,高崎線,JR東日本,高崎線,,,unassigned,0,,,station,import:rail,
1376,山手,根岸線,JR東日本,根岸線,,,unassigned,0,,,station,import:rail,
1377,横浜,根岸線,JR東日本,根岸線,,,unassigned,0,,,station,import:rail,
1378,石川町,根岸線,JR東日本,根岸線,,,unassigned,0,,,station,import:rail,
1379,洋光台,根岸線,JR東日本,根岸線,,,unassigned,0,,,station,import:rail,
1380,関内,根岸線,JR東日本,根岸線,,,unassigned,0,,,station,import:rail,
1381,新杉田,根岸線,JR東日本,根岸線,,,unassigned,0,,,station,import:rail,
1382,根岸,根岸線,JR東日本,根岸線,,,unassigned,0,,,station,import:rail,
1383,磯子,根岸線,JR東日本,根岸線,,,unassigned,0,,,station,import:rail,
1384,桜木町,根岸線,JR東日本,根岸線,,,unassigned,0,,,station,import:rail,
1385,本郷台,根岸線,JR東日本,根岸線,,,unassigned,0,,,station,import:rail,
1386,大船,根岸線,JR東日本,根岸線,,,unassigned,0,,,station,import:rail,
1387,港南台,根岸線,JR東日本,根岸線,,,unassigned,0,,,station,import:rail,
1388,巣鴨,山手線,JR東日本,山手線,,,unassigned,0,,,station,import:rail,
1389,駒込,山手線,JR東日本,山手線,,,unassigned,0,,,station,import:rail,
1390,池袋,山手線,JR東日本,山手線,,,unassigned,0,,,station,import:rail,
1391,高田馬場,山手線,JR東日本,山手線,,,unassigned,0,,,station,import:rail,
1392,目白,山手線,JR東日本,山手線,,,unassigned,0,,,station,import:rail,
1393,大塚,山手線,JR東日本,山手線,,,unassigned,0,,,station,import:rail,
1394,大崎,山手線,JR東日本,山手線,,,unassigned,0,,,station,import:rail,
1395,五反田,山手線,JR東日本,山手線,,,unassigned,0,,,station,import:rail,
1396,品川,山手線,JR東日本,山手線,,,unassigned,0,,,station,import:rail,
1397,目黒,山手線,JR東日本,山手線,,,unassigned,0,,,station,import:rail,
1398,恵比寿,山手線,JR東日本,山手線,,,unassigned,0,,,station,import:rail,
1399,渋谷,山手線,JR東日本,山手線,,,unassigned,0,,,station,import:rail,
1400,新宿,山手線,JR東日本,山手線,,,unassigned,0,,,station,import:rail,
1401,代々木,山手線,JR東日本,山手線,,,unassigned,0,,,station,import:rail,
1402,香取,鹿島線,JR東日本,鹿島線,,,unassigned,0,,,station,import:rail,
1403,十二橋,鹿島線,JR東日本,鹿島線,,,unassigned,0,,,station,import:rail,
1404,本庄早稲田,上越新幹線,JR東日本,上越新幹線,,,unassigned,0,,,station,import:rail,
1405,大宮,上越新幹線,JR東日本,上越新幹線,,,unassigned,0,,,station,import:rail,
1406,熊谷,上越新幹線,JR東日本,上越新幹線,,,unassigned,0,,,station,import:rail,
1407,南柏,常磐線,JR東日本,常磐線,,,unassigned,0,,,station,import:rail,
1408,柏,常磐線,JR東日本,常磐線,,,unassigned,0,,,station,import:rail,
1409,北柏,常磐線,JR東日本,常磐線,,,unassigned,0,,,station,import:rail,
1410,新松戸,常磐線,JR東日本,常磐線,,,unassigned,0,,,station,import:rail,
1411,北小金,常磐線,JR東日本,常磐線,,,unassigned,0,,,station,import:rail,
1412,天王台,常磐線,JR東日本,常磐線,,,unassigned,0,,,station,import:rail,
1413,我孫子,常磐線,JR東日本,常磐線,,,unassigned,0,,,station,import:rail,
1414,北松戸,常磐線,JR東日本,常磐線,,,unassigned,0,,,station,import:rail,
1415,日暮里,常磐線,JR東日本,常磐線,,,unassigned,0,,,station,import:rail,
1416,馬橋,常磐線,JR東日本,常磐線,,,unassigned,0,,,station,import:rail,
1417,南千住,常磐線,JR東日本,常磐線,,,unassigned,0,,,station,import:rail,
1418,北千住,常磐線,JR東日本,常磐線,,,unassigned,0,,,station,import:rail,
1419,綾瀬,常磐線,JR東日本,常磐線,,,unassigned,0,,,station,import:rail,
1420,松戸,常磐線,JR東日本,常磐線,,,unassigned,0,,,station,import:rail,
1421,松岸,成田線,JR東日本,成田線,,,unassigned,0,,,station,import:rail,
1422,佐倉,成田線,JR東日本,成田線,,,unassigned,0,,,station,import:rail,
1423,我孫子,成田線,JR東日本,成田線,,,unassigned,0,,,station,import:rail,
1424,小見川,成田線,JR東日本,成田線,,,unassigned,0,,,station,import:rail,
1425,下総神崎,成田線,JR東日本,成田線,,,unassigned,0,,,station,import:rail,
1426,滑河,成田線,JR東日本,成田線,,,unassigned,0,,,station,import:rail,
1427,酒々井,成田線,JR東日本,成田線,,,unassigned,0,,,station,import:rail,
1428,下総松崎,成田線,JR東日本,成田線,,,unassigned,0,,,station,import:rail,
1429,久住,成田線,JR東日本,成田線,,,unassigned,0,,,station,import:rail,
1430,空港第2ビル,成田線,JR東日本,成田線,,,unassigned,0,,,station,import:rail,
1431,小林,成田線,JR東日本,成田線,,,unassigned,0,,,station,import:rail,
1432,安食,成田線,JR東日本,成田線,,,unassigned,0,,,station,import:rail,
1433,佐原,成田線,JR東日本,成田線,,,unassigned,0,,,station,import:rail,
1434,布佐,成田線,JR東日本,成田線,,,unassigned,0,,,station,import:rail,
1435,笹川,成田線,JR東日本,成田線,,,unassigned,0,,,station,import:rail,
1436,香取,成田線,JR東日本,成田線,,,unassigned,0,,,station,import:rail,
1437,成田空港,成田線,JR東日本,成田線,,,unassigned,0,,,station,import:rail,
1438,東我孫子,成田線,JR東日本,成田線,,,unassigned,0,,,station,import:rail,
1439,下総豊里,成田線,JR東日本,成田線,,,unassigned,0,,,station,import:rail,
1440,湖北,成田線,JR東日本,成田線,,,unassigned,0,,,station,import:rail,
1441,水郷,成田線,JR東日本,成田線,,,unassigned,0,,,station,import:rail,
1442,大戸,成田線,JR東日本,成田線,,,unassigned,0,,,station,import:rail,
1443,新木,成田線,JR東日本,成田線,,,unassigned,0,,,station,import:rail,
1444,下総橘,成田線,JR東日本,成田線,,,unassigned,0,,,station,import:rail,
1445,成田,成田線,JR東日本,成田線,,,unassigned,0,,,station,import:rail,
1446,木下,成田線,JR東日本,成田線,,,unassigned,0,,,station,import:rail,
1447,椎柴,成田線,JR東日本,成田線,,,unassigned,0,,,station,import:rail,
1448,拝島,青梅線,JR東日本,青梅線,,,unassigned,0,,,station,import:rail,
1449,鳩ノ巣,青梅線,JR東日本,青梅線,,,unassigned,0,,,station,import:rail,
1450,古里,青梅線,JR東日本,青梅線,,,unassigned,0,,,station,import:rail,
1451,軍畑,青梅線,JR東日本,青梅線,,,unassigned,0,,,station,import:rail,
1452,白丸,青梅線,JR東日本,青梅線,,,unassigned,0,,,station,import:rail,
1453,奥多摩,青梅線,JR東日本,青梅線,,,unassigned,0,,,station,import:rail,
1454,沢井,青梅線,JR東日本,青梅線,,,unassigned,0,,,station,import:rail,
1455,川井,青梅線,JR東日本,青梅線,,,unassigned,0,,,station,import:rail,
1456,御嶽,青梅線,JR東日本,青梅線,,,unassigned,0,,,station,import:rail,
1457,日向和田,青梅線,JR東日本,青梅線,,,unassigned,0,,,station,import:rail,
1458,福生,青梅線,JR東日本,青梅線,,,unassigned,0,,,station,import:rail,
1459,二俣尾,青梅線,JR東日本,青梅線,,,unassigned,0,,,station,import:rail,
1460,宮ノ平,青梅線,JR東日本,青梅線,,,unassigned,0,,,station,import:rail,
1461,石神前,青梅線,JR東日本,青梅線,,,unassigned,0,,,station,import:rail,
1462,羽村,青梅線,JR東日本,青梅線,,,unassigned,0,,,station,import:rail,
1463,池袋,赤羽線,JR東日本,赤羽線,,,unassigned,0,,,station,import:rail,
1464,大宮,川越線,JR東日本,川越線,,,unassigned,0,,,station,import:rail,
1465,日進,川越線,JR東日本,川越線,,,unassigned,0,,,station,import:rail,
1466,指扇,川越線,JR東日本,川越線,,,unassigned,0,,,station,import:rail,
1467,南古谷,川越線,JR東日本,川越線,,,unassigned,0,,,station,import:rail,
1468,川越,川越線,JR東日本,川越線,,,unassigned,0,,,station,import:rail,
1469,笠幡,川越線,JR東日本,川越線,,,unassigned,0,,,station,import:rail,
1470,西川越,川越線,JR東日本,川越線,,,unassigned,0,,,station,import:rail,
1471,武蔵高萩,川越線,JR東日本,川越線,,,unassigned,0,,,station,import:rail,
1472,的場,川越線,JR東日本,川越線,,,unassigned,0,,,station,import:rail,
1473,高麗川,川越線,JR東日本,川越線,,,unassigned,0,,,station,import:rail,
1474,上溝,相模線,JR東日本,相模線,,,unassigned,0,,,station,import:rail,
1475,番田,相模線,JR東日本,相模線,,,unassigned,0,,,station,import:rail,
1476,南橋本,相模線,JR東日本,相模線,,,unassigned,0,,,station,import:rail,
1477,原当麻,相模線,JR東日本,相模線,,,unassigned,0,,,station,import:rail,
1478,橋本,相模線,JR東日本,相模線,,,unassigned,0,,,station,import:rail,
1479,下溝,相模線,JR東日本,相模線,,,unassigned,0,,,station,import:rail,
1480,相武台下,相模線,JR東日本,相模線,,,unassigned,0,,,station,import:rail,
1481,香川,相模線,JR東日本,相模線,,,unassigned,0,,,station,import:rail,
1482,門沢橋,相模線,JR東日本,相模線,,,unassigned,0,,,station,import:rail,
1483,社家,相模線,JR東日本,相模線,,,unassigned,0,,,station,import:rail,
1484,倉見,相模線,JR東日本,相模線,,,unassigned,0,,,station,import:rail,
1485,茅ヶ崎,相模線,JR東日本,相模線,,,unassigned,0,,,station,import:rail,
1486,北茅ヶ崎,相模線,JR東日本,相模線,,,unassigned,0,,,station,import:rail,
1487,入谷,相模線,JR東日本,相模線,,,unassigned,0,,,station,import:rail,
1488,宮山,相模線,JR東日本,相模線,,,unassigned,0,,,station,import:rail,
1489,海老名,相模線,JR東日本,相模線,,,unassigned,0,,,station,import:rail,
1490,寒川,相模線,JR東日本,相模線,,,unassigned,0,,,station,import:rail,
1491,厚木,相模線,JR東日本,相模線,,,unassigned,0,,,station,import:rail,
1492,西船橋,総武線,JR東日本,総武線,,,unassigned,0,,,station,import:rail,
1493,稲毛,総武線,JR東日本,総武線,,,unassigned,0,,,station,import:rail,
1494,西千葉,総武線,JR東日本,総武線,,,unassigned,0,,,station,import:rail,
1495,物井,総武線,JR東日本,総武線,,,unassigned,0,,,station,import:rail,
1496,成東,総武線,JR東日本,総武線,,,unassigned,0,,,station,import:rail,
1497,飯岡,総武線,JR東日本,総武線,,,unassigned,0,,,station,import:rail,
1498,横芝,総武線,JR東日本,総武線,,,unassigned,0,,,station,import:rail,
1499,新検見川,総武線,JR東日本,総武線,,,unassigned,0,,,station,import:rail,
1500,八日市場,総武線,JR東日本,総武線,,,unassigned,0,,,station,import:rail,
1501,旭,総武線,JR東日本,総武線,,,unassigned,0,,,station,import:rail,
1502,松尾,総武線,JR東日本,総武線,,,unassigned,0,,,station,import:rail,
1503,都賀,総武線,JR東日本,総武線,,,unassigned,0,,,station,import:rail,
1504,榎戸,総武線,JR東日本,総武線,,,unassigned,0,,,station,import:rail,
1505,津田沼,総武線,JR東日本,総武線,,,unassigned,0,,,station,import:rail,
1506,日向,総武線,JR東日本,総武線,,,unassigned,0,,,station,import:rail,
1507,飯倉,総武線,JR東日本,総武線,,,unassigned,0,,,station,import:rail,
1508,幕張本郷,総武線,JR東日本,総武線,,,unassigned,0,,,station,import:rail,
1509,猿田,総武線,JR東日本,総武線,,,unassigned,0,,,station,import:rail,
1510,東千葉,総武線,JR東日本,総武線,,,unassigned,0,,,station,import:rail,
1511,四街道,総武線,JR東日本,総武線,,,unassigned,0,,,station,import:rail,
1512,南酒々井,総武線,JR東日本,総武線,,,unassigned,0,,,station,import:rail,
1513,下総中山,総武線,JR東日本,総武線,,,unassigned,0,,,station,import:rail,
1514,銚子,総武線,JR東日本,総武線,,,unassigned,0,,,station,import:rail,
1515,本八幡,総武線,JR東日本,総武線,,,unassigned,0,,,station,import:rail,
1516,幕張,総武線,JR東日本,総武線,,,unassigned,0,,,station,import:rail,
1517,松岸,総武線,JR東日本,総武線,,,unassigned,0,,,station,import:rail,
1518,八街,総武線,JR東日本,総武線,,,unassigned,0,,,station,import:rail,
1519,佐倉,総武線,JR東日本,総武線,,,unassigned,0,,,station,import:rail,
1520,千葉,総武線,JR東日本,総武線,,,unassigned,0,,,station,import:rail,
1521,干潟,総武線,JR東日本,総武線,,,unassigned,0,,,station,import:rail,
1522,船橋,総武線,JR東日本,総武線,,,unassigned,0,,,station,import:rail,
1523,倉橋,総武線,JR東日本,総武線,,,unassigned,0,,,station,import:rail,
1524,東船橋,総武線,JR東日本,総武線,,,unassigned,0,,,station,import:rail,
1525,御茶ノ水,総武線,JR東日本,総武線,,,unassigned,0,,,station,import:rail,
1526,浅草橋,総武線,JR東日本,総武線,,,unassigned,0,,,station,import:rail,
1527,錦糸町,総武線,JR東日本,総武線,,,unassigned,0,,,station,import:rail,
1528,亀戸,総武線,JR東日本,総武線,,,unassigned,0,,,station,import:rail,
1529,秋葉原,総武線,JR東日本,総武線,,,unassigned,0,,,station,import:rail,
1530,東京,総武線,JR東日本,総武線,,,unassigned,0,,,station,import:rail,
1531,両国,総武線,JR東日本,総武線,,,unassigned,0,,,station,import:rail,
1532,水道橋,中央線,JR東日本,中央線,,,unassigned,0,,,station,import:rail,
1533,飯田橋,中央線,JR東日本,中央線,,,unassigned,0,,,station,import:rail,
1534,御茶ノ水,中央線,JR東日本,中央線,,,unassigned,0,,,station,import:rail,
1535,中野,中央線,JR東日本,中央線,,,unassigned,0,,,station,import:rail,
1536,東中野,中央線,JR東日本,中央線,,,unassigned,0,,,station,import:rail,
1537,吉祥寺,中央線,JR東日本,中央線,,,unassigned,0,,,station,import:rail,
1538,荻窪,中央線,JR東日本,中央線,,,unassigned,0,,,station,import:rail,
1539,神田,中央線,JR東日本,中央線,,,unassigned,0,,,station,import:rail,
1540,四ツ谷,中央線,JR東日本,中央線,,,unassigned,0,,,station,import:rail,
1541,市ヶ谷,中央線,JR東日本,中央線,,,unassigned,0,,,station,import:rail,
1542,信濃町,中央線,JR東日本,中央線,,,unassigned,0,,,station,import:rail,
1543,代々木,中央線,JR東日本,中央線,,,unassigned,0,,,station,import:rail,
1544,新宿,中央線,JR東日本,中央線,,,unassigned,0,,,station,import:rail,
1545,千駄ヶ谷,中央線,JR東日本,中央線,,,unassigned,0,,,station,import:rail,
1546,八王子,中央線,JR東日本,中央線,,,unassigned,0,,,station,import:rail,
1547,国分寺,中央線,JR東日本,中央線,,,unassigned,0,,,station,import:rail,
1548,武蔵境,中央線,JR東日本,中央線,,,unassigned,0,,,station,import:rail,
1549,藤野,中央線,JR東日本,中央線,,,unassigned,0,,,station,import:rail,
1550,相模湖,中央線,JR東日本,中央線,,,unassigned,0,,,station,import:rail,
1551,高尾,中央線,JR東日本,中央線,,,unassigned,0,,,station,import:rail,
1552,立川,中央線,JR東日本,中央線,,,unassigned,0,,,station,import:rail,
1553,鶴見,鶴見線,JR東日本,鶴見線,,,unassigned,0,,,station,import:rail,
1554,鶴見小野,鶴見線,JR東日本,鶴見線,,,unassigned,0,,,station,import:rail,
1555,扇町,鶴見線,JR東日本,鶴見線,,,unassigned,0,,,station,import:rail,
1556,浜川崎,鶴見線,JR東日本,鶴見線,,,unassigned,0,,,station,import:rail,
1557,安善,鶴見線,JR東日本,鶴見線,,,unassigned,0,,,station,import:rail,
1558,弁天橋,鶴見線,JR東日本,鶴見線,,,unassigned,0,,,station,import:rail,
1559,大川,鶴見線,JR東日本,鶴見線,,,unassigned,0,,,station,import:rail,
1560,新芝浦,鶴見線,JR東日本,鶴見線,,,unassigned,0,,,station,import:rail,
1561,昭和,鶴見線,JR東日本,鶴見線,,,unassigned,0,,,station,import:rail,
1562,浅野,鶴見線,JR東日本,鶴見線,,,unassigned,0,,,station,import:rail,
1563,国道,鶴見線,JR東日本,鶴見線,,,unassigned,0,,,station,import:rail,
1564,武蔵白石,鶴見線,JR東日本,鶴見線,,,unassigned,0,,,station,import:rail,
1565,海芝浦,鶴見線,JR東日本,鶴見線,,,unassigned,0,,,station,import:rail,
1566,品川,東海道線,JR東日本,東海道線,,,unassigned,0,,,station,import:rail,
1567,新橋,東海道線,JR東日本,東海道線,,,unassigned,0,,,station,import:rail,
1568,浜松町,東海道線,JR東日本,東海道線,,,unassigned,0,,,station,import:rail,
1569,田町,東海道線,JR東日本,東海道線,,,unassigned,0,,,station,import:rail,
1570,東京,東海道線,JR東日本,東海道線,,,unassigned,0,,,station,import:rail,
1571,大井町,東海道線,JR東日本,東海道線,,,unassigned,0,,,station,import:rail,
1572,有楽町,東海道線,JR東日本,東海道線,,,unassigned,0,,,station,import:rail,
1573,川崎,東海道線,JR東日本,東海道線,,,unassigned,0,,,station,import:rail,
1574,横浜,東海道線,JR東日本,東海道線,,,unassigned,0,,,station,import:rail,
1575,新川崎,東海道線,JR東日本,東海道線,,,unassigned,0,,,station,import:rail,
1576,新子安,東海道線,JR東日本,東海道線,,,unassigned,0,,,station,import:rail,
1577,鶴見,東海道線,JR東日本,東海道線,,,unassigned,0,,,station,import:rail,
1578,蒲田,東海道線,JR東日本,東海道線,,,unassigned,0,,,station,import:rail,
1579,保土ヶ谷,東海道線,JR東日本,東海道線,,,unassigned,0,,,station,import:rail,
1580,国府津,東海道線,JR東日本,東海道線,,,unassigned,0,,,station,import:rail,
1581,戸塚,東海道線,JR東日本,東海道線,,,unassigned,0,,,station,import:rail,
1582,平塚,東海道線,JR東日本,東海道線,,,unassigned,0,,,station,import:rail,
1583,大磯,東海道線,JR東日本,東海道線,,,unassigned,0,,,station,import:rail,
1584,早川,東海道線,JR東日本,東海道線,,,unassigned,0,,,station,import:rail,
1585,辻堂,東海道線,JR東日本,東海道線,,,unassigned,0,,,station,import:rail,
1586,茅ヶ崎,東海道線,JR東日本,東海道線,,,unassigned,0,,,station,import:rail,
1587,東戸塚,東海道線,JR東日本,東海道線,,,unassigned,0,,,station,import:rail,
1588,大船,東海道線,JR東日本,東海道線,,,unassigned,0,,,station,import:rail,
1589,二宮,東海道線,JR東日本,東海道線,,,unassigned,0,,,station,import:rail,
1590,小田原,東海道線,JR東日本,東海道線,,,unassigned,0,,,station,import:rail,
1591,根府川,東海道線,JR東日本,東海道線,,,unassigned,0,,,station,import:rail,
1592,鴨宮,東海道線,JR東日本,東海道線,,,unassigned,0,,,station,import:rail,
1593,湯河原,東海道線,JR東日本,東海道線,,,unassigned,0,,,station,import:rail,
1594,藤沢,東海道線,JR東日本,東海道線,,,unassigned,0,,,station,import:rail,
1595,真鶴,東海道線,JR東日本,東海道線,,,unassigned,0,,,station,import:rail,
1596,成東,東金線,JR東日本,東金線,,,unassigned,0,,,station,import:rail,
1597,求名,東金線,JR東日本,東金線,,,unassigned,0,,,station,import:rail,
1598,大網,東金線,JR東日本,東金線,,,unassigned,0,,,station,import:rail,
1599,福俵,東金線,JR東日本,東金線,,,unassigned,0,,,station,import:rail,
1600,東金,東金線,JR東日本,東金線,,,unassigned,0,,,station,import:rail,
1601,上野,東北新幹線,JR東日本,東北新幹線,,,unassigned,0,,,station,import:rail,
1602,大宮,東北新幹線,JR東日本,東北新幹線,,,unassigned,0,,,station,import:rail,
1603,東京,東北新幹線,JR東日本,東北新幹線,,,unassigned,0,,,station,import:rail,
1604,田端,東北線,JR東日本,東北線,,,unassigned,0,,,station,import:rail,
1605,日暮里,東北線,JR東日本,東北線,,,unassigned,0,,,station,import:rail,
1606,西日暮里,東北線,JR東日本,東北線,,,unassigned,0,,,station,import:rail,
1607,上野,東北線,JR東日本,東北線,,,unassigned,0,,,station,import:rail,
1608,秋葉原,東北線,JR東日本,東北線,,,unassigned,0,,,station,import:rail,
1609,鶯谷,東北線,JR東日本,東北線,,,unassigned,0,,,station,import:rail,
1610,王子,東北線,JR東日本,東北線,,,unassigned,0,,,station,import:rail,
1611,赤羽,東北線,JR東日本,東北線,,,unassigned,0,,,station,import:rail,
1612,大宮,東北線,JR東日本,東北線,,,unassigned,0,,,station,import:rail,
1613,浦和,東北線,JR東日本,東北線,,,unassigned,0,,,station,import:rail,
1614,栗橋,東北線,JR東日本,東北線,,,unassigned,0,,,station,import:rail,
1615,南浦和,東北線,JR東日本,東北線,,,unassigned,0,,,station,import:rail,
1616,北戸田,東北線,JR東日本,東北線,,,unassigned,0,,,station,import:rail,
1617,新白岡,東北線,JR東日本,東北線,,,unassigned,0,,,station,import:rail,
1618,北与野,東北線,JR東日本,東北線,,,unassigned,0,,,station,import:rail,
1619,与野本町,東北線,JR東日本,東北線,,,unassigned,0,,,station,import:rail,
1620,さいたま新都心,東北線,JR東日本,東北線,,,unassigned,0,,,station,import:rail,
1621,蓮田,東北線,JR東日本,東北線,,,unassigned,0,,,station,import:rail,
1622,東鷲宮,東北線,JR東日本,東北線,,,unassigned,0,,,station,import:rail,
1623,与野,東北線,JR東日本,東北線,,,unassigned,0,,,station,import:rail,
1624,久喜,東北線,JR東日本,東北線,,,unassigned,0,,,station,import:rail,
1625,白岡,東北線,JR東日本,東北線,,,unassigned,0,,,station,import:rail,
1626,東大宮,東北線,JR東日本,東北線,,,unassigned,0,,,station,import:rail,
1627,西川口,東北線,JR東日本,東北線,,,unassigned,0,,,station,import:rail,
1628,北浦和,東北線,JR東日本,東北線,,,unassigned,0,,,station,import:rail,
1629,武蔵浦和,東北線,JR東日本,東北線,,,unassigned,0,,,station,import:rail,
1630,川口,東北線,JR東日本,東北線,,,unassigned,0,,,station,import:rail,
1631,戸田公園,東北線,JR東日本,東北線,,,unassigned,0,,,station,import:rail,
1632,南与野,東北線,JR東日本,東北線,,,unassigned,0,,,station,import:rail,
1633,戸田,東北線,JR東日本,東北線,,,unassigned,0,,,station,import:rail,
1634,蕨,東北線,JR東日本,東北線,,,unassigned,0,,,station,import:rail,
1635,土呂,東北線,JR東日本,東北線,,,unassigned,0,,,station,import:rail,
1636,中浦和,東北線,JR東日本,東北線,,,unassigned,0,,,station,import:rail,
1637,東京,東北線,JR東日本,東北線,,,unassigned,0,,,station,import:rail,
1638,神田,東北線,JR東日本,東北線,,,unassigned,0,,,station,import:rail,
1639,安房鴨川,内房線,JR東日本,内房線,,,unassigned,0,,,station,import:rail,
1640,蘇我,内房線,JR東日本,内房線,,,unassigned,0,,,station,import:rail,
1641,岩井,内房線,JR東日本,内房線,,,unassigned,0,,,station,import:rail,
1642,巌根,内房線,JR東日本,内房線,,,unassigned,0,,,station,import:rail,
1643,太海,内房線,JR東日本,内房線,,,unassigned,0,,,station,import:rail,
1644,五井,内房線,JR東日本,内房線,,,unassigned,0,,,station,import:rail,
1645,保田,内房線,JR東日本,内房線,,,unassigned,0,,,station,import:rail,
1646,千歳,内房線,JR東日本,内房線,,,unassigned,0,,,station,import:rail,
1647,木更津,内房線,JR東日本,内房線,,,unassigned,0,,,station,import:rail,
1648,上総湊,内房線,JR東日本,内房線,,,unassigned,0,,,station,import:rail,
1649,大貫,内房線,JR東日本,内房線,,,unassigned,0,,,station,import:rail,
1650,袖ヶ浦,内房線,JR東日本,内房線,,,unassigned,0,,,station,import:rail,
1651,佐貫町,内房線,JR東日本,内房線,,,unassigned,0,,,station,import:rail,
1652,江見,内房線,JR東日本,内房線,,,unassigned,0,,,station,import:rail,
1653,南三原,内房線,JR東日本,内房線,,,unassigned,0,,,station,import:rail,
1654,館山,内房線,JR東日本,内房線,,,unassigned,0,,,station,import:rail,
1655,浜野,内房線,JR東日本,内房線,,,unassigned,0,,,station,import:rail,
1656,千倉,内房線,JR東日本,内房線,,,unassigned,0,,,station,import:rail,
1657,八幡宿,内房線,JR東日本,内房線,,,unassigned,0,,,station,import:rail,
1658,那古船形,内房線,JR東日本,内房線,,,unassigned,0,,,station,import:rail,
1659,九重,内房線,JR東日本,内房線,,,unassigned,0,,,station,import:rail,
1660,青堀,内房線,JR東日本,内房線,,,unassigned,0,,,station,import:rail,
1661,竹岡,内房線,JR東日本,内房線,,,unassigned,0,,,station,import:rail,
1662,浜金谷,内房線,JR東日本,内房線,,,unassigned,0,,,station,import:rail,
1663,姉ヶ崎,内房線,JR東日本,内房線,,,unassigned,0,,,station,import:rail,
1664,和田浦,内房線,JR東日本,内房線,,,unassigned,0,,,station,import:rail,
1665,安房勝山,内房線,JR東日本,内房線,,,unassigned,0,,,station,import:rail,
1666,長浦,内房線,JR東日本,内房線,,,unassigned,0,,,station,import:rail,
1667,富浦,内房線,JR東日本,内房線,,,unassigned,0,,,station,import:rail,
1668,君津,内房線,JR東日本,内房線,,,unassigned,0,,,station,import:rail,
1669,浜川崎,南武線,JR東日本,南武線,,,unassigned,0,,,station,import:rail,
1670,川崎,南武線,JR東日本,南武線,,,unassigned,0,,,station,import:rail,
1671,川崎新町,南武線,JR東日本,南武線,,,unassigned,0,,,station,import:rail,
1672,八丁畷,南武線,JR東日本,南武線,,,unassigned,0,,,station,import:rail,
1673,武蔵小杉,南武線,JR東日本,南武線,,,unassigned,0,,,station,import:rail,
1674,立川,南武線,JR東日本,南武線,,,unassigned,0,,,station,import:rail,
1675,稲田堤,南武線,JR東日本,南武線,,,unassigned,0,,,station,import:rail,
1676,登戸,南武線,JR東日本,南武線,,,unassigned,0,,,station,import:rail,
1677,分倍河原,南武線,JR東日本,南武線,,,unassigned,0,,,station,import:rail,
1678,丹荘,八高線,JR東日本,八高線,,,unassigned,0,,,station,import:rail,
1679,松久,八高線,JR東日本,八高線,,,unassigned,0,,,station,import:rail,
1680,児玉,八高線,JR東日本,八高線,,,unassigned,0,,,station,import:rail,
1681,高麗川,八高線,JR東日本,八高線,,,unassigned,0,,,station,import:rail,
1682,拝島,八高線,JR東日本,八高線,,,unassigned,0,,,station,import:rail,
1683,折原,八高線,JR東日本,八高線,,,unassigned,0,,,station,import:rail,
1684,毛呂,八高線,JR東日本,八高線,,,unassigned,0,,,station,import:rail,
1685,寄居,八高線,JR東日本,八高線,,,unassigned,0,,,station,import:rail,
1686,竹沢,八高線,JR東日本,八高線,,,unassigned,0,,,station,import:rail,
1687,明覚,八高線,JR東日本,八高線,,,unassigned,0,,,station,import:rail,
1688,東飯能,八高線,JR東日本,八高線,,,unassigned,0,,,station,import:rail,
1689,八王子,八高線,JR東日本,八高線,,,unassigned,0,,,station,import:rail,
1690,越生,八高線,JR東日本,八高線,,,unassigned,0,,,station,import:rail,
1691,用土,八高線,JR東日本,八高線,,,unassigned,0,,,station,import:rail,
1692,小川町,八高線,JR東日本,八高線,,,unassigned,0,,,station,import:rail,
1693,東松戸,武蔵野線,JR東日本,武蔵野線,,,unassigned,0,,,station,import:rail,
1694,船橋法典,武蔵野線,JR東日本,武蔵野線,,,unassigned,0,,,station,import:rail,
1695,市川大野,武蔵野線,JR東日本,武蔵野線,,,unassigned,0,,,station,import:rail,
1696,新松戸,武蔵野線,JR東日本,武蔵野線,,,unassigned,0,,,station,import:rail,
1697,西船橋,武蔵野線,JR東日本,武蔵野線,,,unassigned,0,,,station,import:rail,
1698,新八柱,武蔵野線,JR東日本,武蔵野線,,,unassigned,0,,,station,import:rail,
1699,東川口,武蔵野線,JR東日本,武蔵野線,,,unassigned,0,,,station,import:rail,
1700,三郷,武蔵野線,JR東日本,武蔵野線,,,unassigned,0,,,station,import:rail,
1701,南流山,武蔵野線,JR東日本,武蔵野線,,,unassigned,0,,,station,import:rail,
1702,吉川,武蔵野線,JR東日本,武蔵野線,,,unassigned,0,,,station,import:rail,
1703,南越谷,武蔵野線,JR東日本,武蔵野線,,,unassigned,0,,,station,import:rail,
1704,新三郷,武蔵野線,JR東日本,武蔵野線,,,unassigned,0,,,station,import:rail,
1705,北朝霞,武蔵野線,JR東日本,武蔵野線,,,unassigned,0,,,station,import:rail,
1706,武蔵浦和,武蔵野線,JR東日本,武蔵野線,,,unassigned,0,,,station,import:rail,
1707,東浦和,武蔵野線,JR東日本,武蔵野線,,,unassigned,0,,,station,import:rail,
1708,南浦和,武蔵野線,JR東日本,武蔵野線,,,unassigned,0,,,station,import:rail,
1709,西浦和,武蔵野線,JR東日本,武蔵野線,,,unassigned,0,,,station,import:rail,
1710,府中本町,武蔵野線,JR東日本,武蔵野線,,,unassigned,0,,,station,import:rail,
1711,西国分寺,武蔵野線,JR東日本,武蔵野線,,,unassigned,0,,,station,import:rail,
1712,新座,武蔵野線,JR東日本,武蔵野線,,,unassigned,0,,,station,import:rail,
1713,羽生,伊勢崎線,東武,伊勢崎線,,,unassigned,0,,,station,import:rail,
1714,大袋,伊勢崎線,東武,伊勢崎線,,,unassigned,0,,,station,import:rail,
1715,一ノ割,伊勢崎線,東武,伊勢崎線,,,unassigned,0,,,station,import:rail,
1716,新田,伊勢崎線,東武,伊勢崎線,,,unassigned,0,,,station,import:rail,
1717,姫宮,伊勢崎線,東武,伊勢崎線,,,unassigned,0,,,station,import:rail,
1718,せんげん台,伊勢崎線,東武,伊勢崎線,,,unassigned,0,,,station,import:rail,
1719,浅草,伊勢崎線,東武,伊勢崎線,,,unassigned,0,,,station,import:rail,
1720,北越谷,伊勢崎線,東武,伊勢崎線,,,unassigned,0,,,station,import:rail,
1721,春日部,伊勢崎線,東武,伊勢崎線,,,unassigned,0,,,station,import:rail,
1722,新越谷,伊勢崎線,東武,伊勢崎線,,,unassigned,0,,,station,import:rail,
1723,北春日部,伊勢崎線,東武,伊勢崎線,,,unassigned,0,,,station,import:rail,
1724,蒲生,伊勢崎線,東武,伊勢崎線,,,unassigned,0,,,station,import:rail,
1725,武里,伊勢崎線,東武,伊勢崎線,,,unassigned,0,,,station,import:rail,
1726,越谷,伊勢崎線,東武,伊勢崎線,,,unassigned,0,,,station,import:rail,
1727,獨協大学前,伊勢崎線,東武,伊勢崎線,,,unassigned,0,,,station,import:rail,
1728,北千住,伊勢崎線,東武,伊勢崎線,,,unassigned,0,,,station,import:rail,
1729,和戸,伊勢崎線,東武,伊勢崎線,,,unassigned,0,,,station,import:rail,
1730,加須,伊勢崎線,東武,伊勢崎線,,,unassigned,0,,,station,import:rail,
1731,東武動物公園,伊勢崎線,東武,伊勢崎線,,,unassigned,0,,,station,import:rail,
1732,久喜,伊勢崎線,東武,伊勢崎線,,,unassigned,0,,,station,import:rail,
1733,花崎,伊勢崎線,東武,伊勢崎線,,,unassigned,0,,,station,import:rail,
1734,鷲宮,伊勢崎線,東武,伊勢崎線,,,unassigned,0,,,station,import:rail,
1735,南羽生,伊勢崎線,東武,伊勢崎線,,,unassigned,0,,,station,import:rail,
1736,西大家,越生線,東武,越生線,,,unassigned,0,,,station,import:rail,
1737,坂戸,越生線,東武,越生線,,,unassigned,0,,,station,import:rail,
1738,武州唐沢,越生線,東武,越生線,,,unassigned,0,,,station,import:rail,
1739,越生,越生線,東武,越生線,,,unassigned,0,,,station,import:rail,
1740,東毛呂,越生線,東武,越生線,,,unassigned,0,,,station,import:rail,
1741,川角,越生線,東武,越生線,,,unassigned,0,,,station,import:rail,
1742,武州長瀬,越生線,東武,越生線,,,unassigned,0,,,station,import:rail,
1743,一本松,越生線,東武,越生線,,,unassigned,0,,,station,import:rail,
1744,曳舟,亀戸線,東武,亀戸線,,,unassigned,0,,,station,import:rail,
1745,亀戸,亀戸線,東武,亀戸線,,,unassigned,0,,,station,import:rail,
1746,西新井,大師線,東武,大師線,,,unassigned,0,,,station,import:rail,
1747,大師前,大師線,東武,大師線,,,unassigned,0,,,station,import:rail,
1748,池袋,東上本線,東武,東上本線,,,unassigned,0,,,station,import:rail,
1749,大山,東上本線,東武,東上本線,,,unassigned,0,,,station,import:rail,
1750,北池袋,東上本線,東武,東上本線,,,unassigned,0,,,station,import:rail,
1751,上板橋,東上本線,東武,東上本線,,,unassigned,0,,,station,import:rail,
1752,中板橋,東上本線,東武,東上本線,,,unassigned,0,,,station,import:rail,
1753,朝霞台,東上本線,東武,東上本線,,,unassigned,0,,,station,import:rail,
1754,朝霞,東上本線,東武,東上本線,,,unassigned,0,,,station,import:rail,
1755,下板橋,東上本線,東武,東上本線,,,unassigned,0,,,station,import:rail,
1756,和光市,東上本線,東武,東上本線,,,unassigned,0,,,station,import:rail,
1757,森林公園,東上本線,東武,東上本線,,,unassigned,0,,,station,import:rail,
1758,川越市,東上本線,東武,東上本線,,,unassigned,0,,,station,import:rail,
1759,柳瀬川,東上本線,東武,東上本線,,,unassigned,0,,,station,import:rail,
1760,鶴瀬,東上本線,東武,東上本線,,,unassigned,0,,,station,import:rail,
1761,若葉,東上本線,東武,東上本線,,,unassigned,0,,,station,import:rail,
1762,東武竹沢,東上本線,東武,東上本線,,,unassigned,0,,,station,import:rail,
1763,北坂戸,東上本線,東武,東上本線,,,unassigned,0,,,station,import:rail,
1764,寄居,東上本線,東武,東上本線,,,unassigned,0,,,station,import:rail,
1765,川越,東上本線,東武,東上本線,,,unassigned,0,,,station,import:rail,
1766,東松山,東上本線,東武,東上本線,,,unassigned,0,,,station,import:rail,
1767,鶴ヶ島,東上本線,東武,東上本線,,,unassigned,0,,,station,import:rail,
1768,高坂,東上本線,東武,東上本線,,,unassigned,0,,,station,import:rail,
1769,みずほ台,東上本線,東武,東上本線,,,unassigned,0,,,station,import:rail,
1770,志木,東上本線,東武,東上本線,,,unassigned,0,,,station,import:rail,
1771,武蔵嵐山,東上本線,東武,東上本線,,,unassigned,0,,,station,import:rail,
1772,鉢形,東上本線,東武,東上本線,,,unassigned,0,,,station,import:rail,
1773,玉淀,東上本線,東武,東上本線,,,unassigned,0,,,station,import:rail,
1774,男衾,東上本線,東武,東上本線,,,unassigned,0,,,station,import:rail,
1775,ふじみ野,東上本線,東武,東上本線,,,unassigned,0,,,station,import:rail,
1776,上福岡,東上本線,東武,東上本線,,,unassigned,0,,,station,import:rail,
1777,霞ヶ関,東上本線,東武,東上本線,,,unassigned,0,,,station,import:rail,
1778,新河岸,東上本線,東武,東上本線,,,unassigned,0,,,station,import:rail,
1779,つきのわ,東上本線,東武,東上本線,,,unassigned,0,,,station,import:rail,
1780,小川町,東上本線,東武,東上本線,,,unassigned,0,,,station,import:rail,
1781,坂戸,東上本線,東武,東上本線,,,unassigned,0,,,station,import:rail,
1782,新古河,日光線,東武,日光線,,,unassigned,0,,,station,import:rail,
1783,柳生,日光線,東武,日光線,,,unassigned,0,,,station,import:rail,
1784,東武動物公園,日光線,東武,日光線,,,unassigned,0,,,station,import:rail,
1785,幸手,日光線,東武,日光線,,,unassigned,0,,,station,import:rail,
1786,南栗橋,日光線,東武,日光線,,,unassigned,0,,,station,import:rail,
1787,杉戸高野台,日光線,東武,日光線,,,unassigned,0,,,station,import:rail,
1788,栗橋,日光線,東武,日光線,,,unassigned,0,,,station,import:rail,
1789,柏,野田線,東武,野田線,,,unassigned,0,,,station,import:rail,
1790,馬込沢,野田線,東武,野田線,,,unassigned,0,,,station,import:rail,
1791,増尾,野田線,東武,野田線,,,unassigned,0,,,station,import:rail,
1792,鎌ヶ谷,野田線,東武,野田線,,,unassigned,0,,,station,import:rail,
1793,逆井,野田線,東武,野田線,,,unassigned,0,,,station,import:rail,
1794,六実,野田線,東武,野田線,,,unassigned,0,,,station,import:rail,
1795,高柳,野田線,東武,野田線,,,unassigned,0,,,station,import:rail,
1796,塚田,野田線,東武,野田線,,,unassigned,0,,,station,import:rail,
1797,新船橋,野田線,東武,野田線,,,unassigned,0,,,station,import:rail,
1798,新柏,野田線,東武,野田線,,,unassigned,0,,,station,import:rail,
1799,船橋,野田線,東武,野田線,,,unassigned,0,,,station,import:rail,
1800,流山おおたかの森,野田線,東武,野田線,,,unassigned,0,,,station,import:rail,
1801,豊四季,野田線,東武,野田線,,,unassigned,0,,,station,import:rail,
1802,七光台,野田線,東武,野田線,,,unassigned,0,,,station,import:rail,
1803,梅郷,野田線,東武,野田線,,,unassigned,0,,,station,import:rail,
1804,運河,野田線,東武,野田線,,,unassigned,0,,,station,import:rail,
1805,川間,野田線,東武,野田線,,,unassigned,0,,,station,import:rail,
1806,南桜井,野田線,東武,野田線,,,unassigned,0,,,station,import:rail,
1807,藤の牛島,野田線,東武,野田線,,,unassigned,0,,,station,import:rail,
1808,春日部,野田線,東武,野田線,,,unassigned,0,,,station,import:rail,
1809,清水公園,野田線,東武,野田線,,,unassigned,0,,,station,import:rail,
1810,八木崎,野田線,東武,野田線,,,unassigned,0,,,station,import:rail,
1811,初石,野田線,東武,野田線,,,unassigned,0,,,station,import:rail,
1812,野田市,野田線,東武,野田線,,,unassigned,0,,,station,import:rail,
1813,愛宕,野田線,東武,野田線,,,unassigned,0,,,station,import:rail,
1814,江戸川台,野田線,東武,野田線,,,unassigned,0,,,station,import:rail,
1815,大宮,野田線,東武,野田線,,,unassigned,0,,,station,import:rail,
1816,大和田,野田線,東武,野田線,,,unassigned,0,,,station,import:rail,
1817,七里,野田線,東武,野田線,,,unassigned,0,,,station,import:rail,
1818,北大宮,野田線,東武,野田線,,,unassigned,0,,,station,import:rail,
1819,岩槻,野田線,東武,野田線,,,unassigned,0,,,station,import:rail,
1820,東岩槻,野田線,東武,野田線,,,unassigned,0,,,station,import:rail,
1821,豊春,野田線,東武,野田線,,,unassigned,0,,,station,import:rail,
1822,大宮公園,野田線,東武,野田線,,,unassigned,0,,,station,import:rail,
1823,西船橋,東葉高速線,東葉高速,東葉高速線,,,unassigned,0,,,station,import:rail,
1824,飯山満,東葉高速線,東葉高速,東葉高速線,,,unassigned,0,,,station,import:rail,
1825,東海神,東葉高速線,東葉高速,東葉高速線,,,unassigned,0,,,station,import:rail,
1826,東葉勝田台,東葉高速線,東葉高速,東葉高速線,,,unassigned,0,,,station,import:rail,
1827,船橋日大前,東葉高速線,東葉高速,東葉高速線,,,unassigned,0,,,station,import:rail,
1828,八千代中央,東葉高速線,東葉高速,東葉高速線,,,unassigned,0,,,station,import:rail,
1829,村上,東葉高速線,東葉高速,東葉高速線,,,unassigned,0,,,station,import:rail,
1830,北習志野,東葉高速線,東葉高速,東葉高速線,,,unassigned,0,,,station,import:rail,
1831,八千代緑が丘,東葉高速線,東葉高速,東葉高速線,,,unassigned,0,,,station,import:rail,
1832,公園上,鋼索線,箱根登山,鋼索線,,,unassigned,0,,,station,import:rail,
1833,強羅,鋼索線,箱根登山,鋼索線,,,unassigned,0,,,station,import:rail,
1834,公園下,鋼索線,箱根登山,鋼索線,,,unassigned,0,,,station,import:rail,
1835,中強羅,鋼索線,箱根登山,鋼索線,,,unassigned,0,,,station,import:rail,
1836,早雲山,鋼索線,箱根登山,鋼索線,,,unassigned,0,,,station,import:rail,
1837,上強羅,鋼索線,箱根登山,鋼索線,,,unassigned,0,,,station,import:rail,
1838,宮ノ下,鉄道線,箱根登山,鉄道線,,,unassigned,0,,,station,import:rail,
1839,箱根湯本,鉄道線,箱根登山,鉄道線,,,unassigned,0,,,station,import:rail,
1840,大平台,鉄道線,箱根登山,鉄道線,,,unassigned,0,,,station,import:rail,
1841,彫刻の森,鉄道線,箱根登山,鉄道線,,,unassigned,0,,,station,import:rail,
1842,強羅,鉄道線,箱根登山,鉄道線,,,unassigned,0,,,station,import:rail,
1843,塔ノ沢,鉄道線,箱根登山,鉄道線,,,unassigned,0,,,station,import:rail,
1844,入生田,鉄道線,箱根登山,鉄道線,,,unassigned,0,,,station,import:rail,
1845,小田原,鉄道線,箱根登山,鉄道線,,,unassigned,0,,,station,import:rail,
1846,小涌谷,鉄道線,箱根登山,鉄道線,,,unassigned,0,,,station,import:rail,
1847,箱根板橋,鉄道線,箱根登山,鉄道線,,,unassigned,0,,,station,import:rail,
1848,風祭,鉄道線,箱根登山,鉄道線,,,unassigned,0,,,station,import:rail,
1849,東京ディズニーシー･ステーション,ディズニーリゾートライン,ディズニーライン,ディズニーリゾートライン,,,unassigned,0,,,station,import:rail,
1850,リゾートゲートウェイ･ステーション,ディズニーリゾートライン,ディズニーライン,ディズニーリゾートライン,,,unassigned,0,,,station,import:rail,
1851,東京ディズニーランド･ステーション,ディズニーリゾートライン,ディズニーライン,ディズニーリゾートライン,,,unassigned,0,,,station,import:rail,
1852,ベイサイド･ステーション,ディズニーリゾートライン,ディズニーライン,ディズニーリゾートライン,,,unassigned,0,,,station,import:rail,
1853,白井,北総線,北総,北総線,,,unassigned,0,,,station,import:rail,
1854,秋山,北総線,北総,北総線,,,unassigned,0,,,station,import:rail,
1855,大町,北総線,北総,北総線,,,unassigned,0,,,station,import:rail,
1856,小室,北総線,北総,北総線,,,unassigned,0,,,station,import:rail,
1857,印旛日本医大,北総線,北総,北総線,,,unassigned,0,,,station,import:rail,
1858,印西牧の原,北総線,北総,北総線,,,unassigned,0,,,station,import:rail,
1859,東松戸,北総線,北総,北総線,,,unassigned,0,,,station,import:rail,
1860,千葉ニュータウン中央,北総線,北総,北総線,,,unassigned,0,,,station,import:rail,
1861,新鎌ヶ谷,北総線,北総,北総線,,,unassigned,0,,,station,import:rail,
1862,松飛台,北総線,北総,北総線,,,unassigned,0,,,station,import:rail,
1863,西白井,北総線,北総,北総線,,,unassigned,0,,,station,import:rail,
1864,京成高砂,北総線,北総,北総線,,,unassigned,0,,,station,import:rail,
1865,北国分,北総線,北総,北総線,,,unassigned,0,,,station,import:rail,
1866,新柴又,北総線,北総,北総線,,,unassigned,0,,,station,import:rail,
1867,矢切,北総線,北総,北総線,,,unassigned,0,,,station,import:rail,
1868,新鎌ヶ谷,野田線,東武,野田線,,,unassigned,0,,,station,import:rail,
1869,押上,伊勢崎線,東武,伊勢崎線,,,unassigned,0,,,station,import:rail,
1870,白金台,7号線南北線,東京メトロ,7号線南北線,,,unassigned,0,,,station,import:rail,
1871,目黒,7号線南北線,東京メトロ,7号線南北線,,,unassigned,0,,,station,import:rail,
1872,渋谷,13号線副都心線,東京メトロ,13号線副都心線,,,unassigned,0,,,station,import:rail,
1873,明治神宮前,13号線副都心線,東京メトロ,13号線副都心線,,,unassigned,0,,,station,import:rail,
1874,新宿三丁目,13号線副都心線,東京メトロ,13号線副都心線,,,unassigned,0,,,station,import:rail,
1875,東新宿,13号線副都心線,東京メトロ,13号線副都心線,,,unassigned,0,,,station,import:rail,
1876,北参道,13号線副都心線,東京メトロ,13号線副都心線,,,unassigned,0,,,station,import:rail,
1877,西早稲田,13号線副都心線,東京メトロ,13号線副都心線,,,unassigned,0,,,station,import:rail,
1878,雑司が谷,13号線副都心線,東京メトロ,13号線副都心線,,,unassigned,0,,,station,import:rail,
1879,日吉,4号線,横浜市営,4号線,,,unassigned,0,,,station,import:rail,
1880,日吉本町,4号線,横浜市営,4号線,,,unassigned,0,,,station,import:rail,
1881,高田,4号線,横浜市営,4号線,,,unassigned,0,,,station,import:rail,
1882,東山田,4号線,横浜市営,4号線,,,unassigned,0,,,station,import:rail,
1883,北山田,4号線,横浜市営,4号線,,,unassigned,0,,,station,import:rail,
1884,センター北,4号線,横浜市営,4号線,,,unassigned,0,,,station,import:rail,
1885,センター南,4号線,横浜市営,4号線,,,unassigned,0,,,station,import:rail,
1886,川和町,4号線,横浜市営,4号線,,,unassigned,0,,,station,import:rail,
1887,中山,4号線,横浜市営,4号線,,,unassigned,0,,,station,import:rail,
1888,西日暮里,日暮里・舎人ライナー,都営,日暮里・舎人ライナー,,,unassigned,0,,,station,import:rail,
1889,熊野前,日暮里・舎人ライナー,都営,日暮里・舎人ライナー,,,unassigned,0,,,station,import:rail,
1890,日暮里,日暮里・舎人ライナー,都営,日暮里・舎人ライナー,,,unassigned,0,,,station,import:rail,
1891,西大宮,川越線,JR東日本,川越線,,,unassigned,0,,,station,import:rail,
1892,城見ヶ丘,いすみ線,いすみ,いすみ線,,,unassigned,0,,,station,import:rail,
1893,越谷レイクタウン,武蔵野線,JR東日本,武蔵野線,,,unassigned,0,,,station,import:rail,
1894,都筑ふれあいの丘,4号線,横浜市営,4号線,,,unassigned,0,,,station,import:rail,
1895,武蔵小杉,東海道線,JR東日本,東海道線,,,unassigned,0,,,station,import:rail,
1896,成田湯川,成田空港線,京成,成田空港線,,,unassigned,0,,,station,import:rail,
1897,羽田空港第3ターミナル,空港線,京急,空港線,,,unassigned,0,,,station,import:rail,
1898,羽田空港第3ターミナル,東京モノレール羽田線,東京モノレール,東京モノレール羽田線,,,unassigned,0,,,station,import:rail,
1899,成田空港,成田空港線,京成,成田空港線,,,unassigned,0,,,station,import:rail,
1900,空港第2ビル,成田空港線,京成,成田空港線,,,unassigned,0,,,station,import:rail,
1901,印旛日本医大,成田空港線,京成,成田空港線,,,unassigned,0,,,station,import:rail,
1902,千葉ニュータウン中央,成田空港線,京成,成田空港線,,,unassigned,0,,,station,import:rail,
1903,新鎌ヶ谷,成田空港線,京成,成田空港線,,,unassigned,0,,,station,import:rail,
1904,東松戸,成田空港線,京成,成田空港線,,,unassigned,0,,,station,import:rail,
1905,京成高砂,成田空港線,京成,成田空港線,,,unassigned,0,,,station,import:rail,
1906,東神奈川,東海道線,JR東日本,東海道線,,,unassigned,0,,,station,import:rail,
1907,吉川美南,武蔵野線,JR東日本,武蔵野線,,,unassigned,0,,,station,import:rail,
1908,小田栄,南武線,JR東日本,南武線,,,unassigned,0,,,station,import:rail,
1909,ソシオ流通センター,秩父本線,秩父鉄道,秩父本線,,,unassigned,0,,,station,import:rail,
1910,ふかや花園,秩父本線,秩父鉄道,秩父本線,,,unassigned,0,,,station,import:rail,
1911,虎ノ門ヒルズ,2号線日比谷線,東京メトロ,2号線日比谷線,,,unassigned,0,,,station,import:rail,
1912,羽沢横浜国大,相鉄新横浜線,相鉄,相鉄新横浜線,,,unassigned,0,,,station,import:rail,
1913,羽沢横浜国大,東海道線,JR東日本,東海道線,,,unassigned,0,,,station,import:rail,
1914,高輪ゲートウェイ,東海道線,JR東日本,東海道線,,,unassigned,0,,,station,import:rail,
1915,与野,武蔵野線,JR東日本,武蔵野線,,,unassigned,0,,,station,import:rail,
1916,みなみ寄居,東上本線,東武,東上本線,,,unassigned,0,,,station,import:rail,
1917,要町,13号線副都心線,東京メトロ,13号線副都心線,,,unassigned,0,,,station,import:rail,
1918,小竹向原,13号線副都心線,東京メトロ,13号線副都心線,,,unassigned,0,,,station,import:rail,
1919,千川,13号線副都心線,東京メトロ,13号線副都心線,,,unassigned,0,,,station,import:rail,
1920,西谷,相鉄新横浜線,相鉄,相鉄新横浜線,,,unassigned,0,,,station,import:rail,
