物理车站id,站名,归一化站名,都道府県,市区町村,纬度,经度,线路数,运营商数,运营商,经过的线路,駅グループコード,来源
1352,さいたま新都心,さいたま新都心,11,,35.89241,139.63472,1,1,JR東日本,東北線,002934,mlit
1423,せんげん台,せんげん台,11,,35.93519,139.77482,1,1,東武,伊勢崎線,002856,mlit
1473,つきのわ,つきのわ,11,,36.04338,139.34516,1,1,東武,東上本線,002710,mlit
963,ひろせ野鳥の森,ひろせ野鳥の森,11,,36.14608,139.35137,1,1,秩父鉄道,秩父本線,002581,mlit
1564,ふかや花園,ふかや花園,11,,36.130562,139.248024,1,1,秩父鉄道,秩父本線,002601,mlit
1469,ふじみ野,ふじみ野,11,,35.85991,139.52382,1,1,東武,東上本線,002987,mlit
1463,みずほ台,みずほ台,11,,35.83754,139.5518,1,1,東武,東上本線,003025,mlit
1568,みなみ寄居,みなみ寄居,11,,36.090976,139.236437,1,1,東武,東上本線,002640,mlit
1563,ソシオ流通センター,ソシオ流通センター,11,,36.136503,139.424131,1,1,秩父鉄道,秩父本線,002594,mlit
1420,一ノ割,一ノ割,11,,35.96413,139.76626,1,1,東武,伊勢崎線,002810,mlit
1444,一本松,一本松,11,,35.94048,139.37046,1,1,東武,越生線,002848,mlit
1502,七里,七里,11,,35.93688,139.66657,1,1,東武,野田線,002854,mlit
949,三峰口,三峰口,11,,35.96028,138.97732,1,1,秩父鉄道,秩父本線,002817,mlit
1411,三郷,三郷,11,,35.84476,139.88763,1,1,JR東日本,武蔵野線,003010,mlit
768,三郷中央,三郷中央,11,,35.82396,139.87804,1,1,つくばEX,常磐新線,003047,mlit
1190,上尾,上尾,11,,35.97419,139.58781,1,1,JR東日本,高崎線,002796,mlit
965,上熊谷,上熊谷,11,,36.14285,139.38137,1,1,秩父鉄道,秩父本線,002584,mlit
1470,上福岡,上福岡,11,,35.87321,139.51245,1,1,東武,東上本線,002964,mlit
970,上長瀞,上長瀞,11,,36.08553,139.11341,1,1,秩父鉄道,秩父本線,002650,mlit
862,下山口,下山口,11,,35.77928,139.44084,1,1,西武,狭山線,003148,mlit
1355,与野,与野,11,,35.88361,139.63934,2,1,JR東日本,東北線、武蔵野線,002947,mlit
1351,与野本町,与野本町,11,,35.88177,139.62568,1,1,JR東日本,東北線,002951,mlit
1368,中浦和,中浦和,11,,35.85455,139.63671,1,1,JR東日本,東北線,002995,mlit
753,丸山,丸山,11,,35.97991,139.62455,1,1,ニューシャトル,伊奈線,002787,mlit
1397,丹荘,丹荘,11,,36.21599,139.10329,1,1,JR東日本,八高線,002527,mlit
1356,久喜,久喜,11,,36.064775,139.67702500000001,2,2,JR東日本、東武,伊勢崎線、東北線,002683,mlit
750,今羽,今羽,11,,35.94965,139.61955,1,1,ニューシャトル,伊奈線,002835,mlit
886,仏子,仏子,11,,35.83769,139.36093,1,1,西武,池袋線,003028,mlit
754,伊奈中央,伊奈中央,11,,35.99919,139.61726,1,1,ニューシャトル,伊奈線,002756,mlit
885,元加治,元加治,11,,35.84025,139.34621,1,1,西武,池袋線,003020,mlit
1399,児玉,児玉,11,,36.19222,139.13626,1,1,JR東日本,八高線,002549,mlit
868,入曽,入曽,11,,35.83185,139.42779,1,1,西武,新宿線,003033,mlit
894,入間市,入間市,11,,35.84375,139.39097,1,1,西武,池袋線,003018,mlit
1496,八木崎,八木崎,11,,35.97887,139.74273,1,1,東武,野田線,002790,mlit
769,八潮,八潮,11,,35.80737,139.84418,1,1,つくばEX,常磐新線,003073,mlit
746,内宿,内宿,11,,36.01404,139.59968,1,1,ニューシャトル,伊奈線,002742,mlit
748,加茂宮,加茂宮,11,,35.93545,139.61687,1,1,ニューシャトル,伊奈線,002857,mlit
1433,加須,加須,11,,36.12266,139.59621,1,1,東武,伊勢崎線,002606,mlit
1192,北上尾,北上尾,11,,35.98625,139.57652,1,1,JR東日本,高崎線,002775,mlit
1350,北与野,北与野,11,,35.89148,139.629,1,1,JR東日本,東北線,002938,mlit
1459,北坂戸,北坂戸,11,,35.97264,139.39739,1,1,東武,東上本線,002800,mlit
1503,北大宮,北大宮,11,,35.91739,139.6245,1,1,東武,野田線,002887,mlit
1348,北戸田,北戸田,11,,35.82621,139.66231,1,1,JR東日本,東北線,003044,mlit
1427,北春日部,北春日部,11,,35.99069,139.74405,1,1,東武,伊勢崎線,002772,mlit
1415,北朝霞,北朝霞,11,,35.81504,139.58656,1,1,JR東日本,武蔵野線,003056,mlit
1195,北本,北本,11,,36.03377,139.53261,1,1,JR東日本,高崎線,002720,mlit
1360,北浦和,北浦和,11,,35.8715,139.64652,1,1,JR東日本,東北線,002968,mlit
1424,北越谷,北越谷,11,,35.90244,139.77972,1,1,東武,伊勢崎線,002920,mlit
1197,北鴻巣,北鴻巣,11,,36.0864,139.47607,1,1,JR東日本,高崎線,002652,mlit
1364,南与野,南与野,11,,35.86819,139.63074,1,1,JR東日本,東北線,002975,mlit
1258,南古谷,南古谷,11,,35.90327,139.52007,1,1,JR東日本,川越線,002919,mlit
869,南大塚,南大塚,11,,35.89004,139.45465,1,1,西武,新宿線,002940,mlit
1477,南栗橋,南栗橋,11,,36.11249,139.71357,1,1,東武,日光線,002621,mlit
1493,南桜井,南桜井,11,,35.98068,139.80921,1,1,東武,野田線,002783,mlit
1347,南浦和,南浦和,11,,35.848585,139.66854999999998,2,1,JR東日本,東北線、武蔵野線,003004,mlit
1437,南羽生,南羽生,11,,36.14999,139.55643,1,1,東武,伊勢崎線,002577,mlit
1413,南越谷,南越谷,11,,35.87604,139.79048,1,1,JR東日本,武蔵野線,002958,mlit
741,南鳩ヶ谷,南鳩ヶ谷,11,,35.81527,139.73588,1,1,埼玉高速,埼玉高速鉄道線,003054,mlit
747,原市,原市,11,,35.96417,139.62225,1,1,ニューシャトル,伊奈線,002812,mlit
1412,吉川,吉川,11,,35.87672,139.8425,1,1,JR東日本,武蔵野線,002955,mlit
1561,吉川美南,吉川美南,11,,35.868607,139.857455,1,1,JR東日本,武蔵野線,002974,mlit
751,吉野原,吉野原,11,,35.95667,139.62083,1,1,ニューシャトル,伊奈線,002824,mlit
1196,吹上,吹上,11,,36.10217,139.45533,1,1,JR東日本,高崎線,002627,mlit
874,吾野,吾野,11,,35.90831,139.22645,2,1,西武,池袋線、西武秩父線,002904,mlit
132,和光市,和光市,11,,35.78877,139.61182,2,2,東京メトロ、東武,8号線有楽町線、東上本線,003123,mlit
1432,和戸,和戸,11,,36.03927,139.70162,1,1,東武,伊勢崎線,002713,mlit
959,和銅黒谷,和銅黒谷,11,,36.04642,139.10174,1,1,秩父鉄道,秩父本線,002707,mlit
1367,土呂,土呂,11,,35.93316,139.63285,1,1,JR東日本,東北線,002859,mlit
1439,坂戸,坂戸,11,,35.957184999999996,139.394915,2,1,東武,東上本線、越生線,002822,mlit
1501,大和田,大和田,11,,35.92947,139.65165,1,1,東武,野田線,002869,mlit
752,大宮,大宮,11,,35.90553,139.62398285714286,7,3,JR東日本、ニューシャトル、東武,上越新幹線、伊奈線、川越線、東北新幹線、東北線、野田線、高崎線,002914,mlit
1507,大宮公園,大宮公園,11,,35.92404,139.63376,1,1,東武,野田線,002876,mlit
1419,大袋,大袋,11,,35.92382,139.77816,1,1,東武,伊勢崎線,002875,mlit
953,大野原,大野原,11,,36.01836,139.09388,1,1,秩父鉄道,秩父本線,002734,mlit
956,大麻生,大麻生,11,,36.14458,139.33137,1,1,秩父鉄道,秩父本線,002582,mlit
1422,姫宮,姫宮,11,,36.00391,139.73891,1,1,東武,伊勢崎線,002750,mlit
1191,宮原,宮原,11,,35.94168,139.60931,1,1,JR東日本,高崎線,002847,mlit
948,寄居,寄居,11,,36.11762000000001,139.19379,3,3,JR東日本、東武、秩父鉄道,八高線、東上本線、秩父本線,002611,mlit
955,小前田,小前田,11,,36.12894,139.22282,1,1,秩父鉄道,秩父本線,002603,mlit
1406,小川町,小川町,11,,36.058655,139.261275,2,2,JR東日本、東武,八高線、東上本線,002692,mlit
883,小手指,小手指,11,,35.80013,139.43903,1,1,西武,池袋線,003088,mlit
1189,岡部,岡部,11,,36.20496,139.23926,1,1,JR東日本,高崎線,002541,mlit
1504,岩槻,岩槻,11,,35.95066,139.69366,1,1,東武,野田線,002833,mlit
1362,川口,川口,11,,35.80093,139.71793,1,1,JR東日本,東北線,003086,mlit
744,川口元郷,川口元郷,11,,35.7995,139.72946,1,1,埼玉高速,埼玉高速鉄道線,003092,mlit
1442,川角,川角,11,,35.93751,139.347,1,1,東武,越生線,002850,mlit
1259,川越,川越,11,,35.907685,139.48248,2,2,JR東日本、東武,川越線、東上本線,002909,mlit
1454,川越市,川越市,11,,35.91488,139.47642,1,1,東武,東上本線,002893,mlit
1476,幸手,幸手,11,,36.07322,139.71482,1,1,東武,日光線,002672,mlit
964,影森,影森,11,,35.97161,139.06811,1,1,秩父鉄道,秩父本線,002799,mlit
952,御花畑,御花畑,11,,35.99202,139.08352,1,1,秩父鉄道,秩父本線,002768,mlit
758,志久,志久,11,,35.99135,139.62208,1,1,ニューシャトル,伊奈線,002770,mlit
1464,志木,志木,11,,35.82263,139.57459,1,1,東武,東上本線,003049,mlit
739,戸塚安行,戸塚安行,11,,35.85818,139.75376,1,1,埼玉高速,埼玉高速鉄道線,002988,mlit
1365,戸田,戸田,11,,35.8168,139.67009,1,1,JR東日本,東北線,003052,mlit
1363,戸田公園,戸田公園,11,,35.80712,139.67912,1,1,JR東日本,東北線,003072,mlit
324,所沢,所沢,11,,35.78682,139.473375,2,1,西武,新宿線、池袋線,003131,mlit
1400,折原,折原,11,,36.09589,139.19556,1,1,JR東日本,八高線,002633,mlit
954,持田,持田,11,,36.13773,139.44203,1,1,秩父鉄道,秩父本線,002593,mlit
1257,指扇,指扇,11,,35.91719,139.56559,1,1,JR東日本,川越線,002891,mlit
1414,新三郷,新三郷,11,,35.85894,139.86894,1,1,JR東日本,武蔵野線,002990,mlit
745,新井宿,新井宿,11,,35.84286,139.73712,1,1,埼玉高速,埼玉高速鉄道線,003017,mlit
1474,新古河,新古河,11,,36.19227,139.68746,1,1,東武,日光線,002550,mlit
1418,新座,新座,11,,35.80368,139.55546,1,1,JR東日本,武蔵野線,003081,mlit
873,新所沢,新所沢,11,,35.80499,139.45808,1,1,西武,新宿線,003077,mlit
1472,新河岸,新河岸,11,,35.89056,139.49768,1,1,東武,東上本線,002937,mlit
872,新狭山,新狭山,11,,35.87458,139.43434,1,1,西武,新宿線,002963,mlit
1421,新田,新田,11,,35.85462,139.79518,1,1,東武,伊勢崎線,002994,mlit
1349,新白岡,新白岡,11,,36.03683,139.67168,1,1,JR東日本,東北線,002716,mlit
1426,新越谷,新越谷,11,,35.87491,139.78996,1,1,東武,伊勢崎線,002960,mlit
942,新郷,新郷,11,,36.17144,139.51094,1,1,秩父鉄道,秩父本線,002564,mlit
1256,日進,日進,11,,35.93128,139.60532,1,1,JR東日本,川越線,002862,mlit
967,明戸,明戸,11,,36.14289,139.30277,1,1,秩父鉄道,秩父本線,002585,mlit
1403,明覚,明覚,11,,36.00327,139.28895,1,1,JR東日本,八高線,002752,mlit
1425,春日部,春日部,11,,35.97974,139.75329499999998,2,1,東武,伊勢崎線、野田線,002785,mlit
1451,朝霞,朝霞,11,,35.79757,139.60006,1,1,東武,東上本線,003097,mlit
1450,朝霞台,朝霞台,11,,35.81479,139.58664,1,1,東武,東上本線,003061,mlit
871,本川越,本川越,11,,35.9153,139.48189,1,1,西武,新宿線,002895,mlit
1188,本庄,本庄,11,,36.23558,139.18975,1,1,JR東日本,高崎線,002503,mlit
1210,本庄早稲田,本庄早稲田,11,,36.21958,139.1779,1,1,JR東日本,上越新幹線,002525,mlit
1478,杉戸高野台,杉戸高野台,11,,36.05041,139.71481,1,1,東武,日光線,002700,mlit
884,東吾野,東吾野,11,,35.89205,139.26053,1,1,西武,池袋線,002936,mlit
1358,東大宮,東大宮,11,,35.94976,139.6407,1,1,JR東日本,東北線,002838,mlit
756,東宮原,東宮原,11,,35.94233,139.61815,1,1,ニューシャトル,伊奈線,002844,mlit
1505,東岩槻,東岩槻,11,,35.96351,139.71291,1,1,東武,野田線,002813,mlit
740,東川口,東川口,11,,35.87563,139.74439999999998,2,2,JR東日本、埼玉高速,埼玉高速鉄道線、武蔵野線,002956,mlit
323,東所沢,東所沢,11,,35.79451,139.51368,1,1,JR東日本,武蔵野線,003100,mlit
1460,東松山,東松山,11,,36.03392,139.40187,1,1,東武,東上本線,002717,mlit
1434,東武動物公園,東武動物公園,11,,36.02424,139.72777,2,1,東武,伊勢崎線、日光線,002728,mlit
1458,東武竹沢,東武竹沢,11,,36.07594,139.23764,1,1,東武,東上本線,002666,mlit
1441,東毛呂,東毛呂,11,,35.94682,139.31575,1,1,東武,越生線,002839,mlit
1416,東浦和,東浦和,11,,35.86422,139.70496,1,1,JR東日本,武蔵野線,002980,mlit
945,東行田,東行田,11,,36.1476,139.46863,1,1,秩父鉄道,秩父本線,002580,mlit
892,東飯能,東飯能,11,,35.852495000000005,139.32604500000002,2,2,JR東日本、西武,八高線、池袋線,002997,mlit
1354,東鷲宮,東鷲宮,11,,36.09068,139.67961,1,1,JR東日本,東北線,002643,mlit
1398,松久,松久,11,,36.17273,139.18251,1,1,JR東日本,八高線,002563,mlit
1455,柳瀬川,柳瀬川,11,,35.83102,139.56176,1,1,東武,東上本線,003038,mlit
1475,柳生,柳生,11,,36.20628,139.66045,1,1,東武,日光線,002539,mlit
1346,栗橋,栗橋,11,,36.13725,139.694115,2,2,JR東日本、東武,日光線、東北線,002592,mlit
968,桜沢,桜沢,11,,36.12872,139.20866,1,1,秩父鉄道,秩父本線,002604,mlit
1193,桶川,桶川,11,,35.99929,139.56328,1,1,JR東日本,高崎線,002761,mlit
1453,森林公園,森林公園,11,,36.04496,139.37636,1,1,東武,東上本線,002708,mlit
944,樋口,樋口,11,,36.13132,139.12302,1,1,秩父鉄道,秩父本線,002600,mlit
875,横瀬,横瀬,11,,35.98387,139.09876,1,1,西武,西武秩父線,002778,mlit
879,正丸,正丸,11,,35.9386,139.18085,1,1,西武,西武秩父線,002849,mlit
960,武川,武川,11,,36.14217,139.28114,1,1,秩父鉄道,秩父本線,002586,mlit
975,武州中川,武州中川,11,,35.95819,139.03494,1,1,秩父鉄道,秩父本線,002820,mlit
1440,武州唐沢,武州唐沢,11,,35.95186,139.30963,1,1,東武,越生線,002829,mlit
950,武州日野,武州日野,11,,35.95387,139.02151,1,1,秩父鉄道,秩父本線,002826,mlit
962,武州荒木,武州荒木,11,,36.16269,139.48899,1,1,秩父鉄道,秩父本線,002571,mlit
1443,武州長瀬,武州長瀬,11,,35.94187,139.32671,1,1,東武,越生線,002845,mlit
1465,武蔵嵐山,武蔵嵐山,11,,36.04403,139.32853,1,1,東武,東上本線,002709,mlit
889,武蔵横手,武蔵横手,11,,35.88476,139.28121,1,1,西武,池袋線,002945,mlit
1361,武蔵浦和,武蔵浦和,11,,35.846014999999994,139.64747,2,1,JR東日本,東北線、武蔵野線,003006,mlit
890,武蔵藤沢,武蔵藤沢,11,,35.8199,139.41296,1,1,西武,池袋線,003050,mlit
1262,武蔵高萩,武蔵高萩,11,,35.90158,139.37028,1,1,JR東日本,川越線,002921,mlit
1429,武里,武里,11,,35.94825,139.77095,1,1,東武,伊勢崎線,002836,mlit
1401,毛呂,毛呂,11,,35.9402,139.30957,1,1,JR東日本,八高線,002846,mlit
957,永田,永田,11,,36.1352,139.25907,1,1,秩父鉄道,秩父本線,002597,mlit
749,沼南,沼南,11,,35.97072,139.62347,1,1,ニューシャトル,伊奈線,002802,mlit
951,波久礼,波久礼,11,,36.12639,139.15808,1,1,秩父鉄道,秩父本線,002605,mlit
1345,浦和,浦和,11,,35.85777,139.65763,1,1,JR東日本,東北線,002989,mlit
743,浦和美園,浦和美園,11,,35.89304,139.72827,1,1,埼玉高速,埼玉高速鉄道線,002933,mlit
971,浦山口,浦山口,11,,35.9639,139.05772,1,1,秩父鉄道,秩父本線,002811,mlit
1187,深谷,深谷,11,,36.19097,139.28287,1,1,JR東日本,高崎線,002553,mlit
973,熊谷,熊谷,11,,36.13923,139.39040333333332,3,2,JR東日本、秩父鉄道,上越新幹線、秩父本線、高崎線,002589,mlit
887,狭山ヶ丘,狭山ヶ丘,11,,35.81001,139.41775,1,1,西武,池袋線,003068,mlit
867,狭山市,狭山市,11,,35.858,139.41365,1,1,西武,新宿線,002991,mlit
1431,獨協大学前,獨協大学前,11,,35.84398,139.80035,1,1,東武,伊勢崎線,003016,mlit
1467,玉淀,玉淀,11,,36.1167,139.20057,1,1,東武,東上本線,002614,mlit
1405,用土,用土,11,,36.15354,139.20082,1,1,JR東日本,八高線,002573,mlit
1468,男衾,男衾,11,,36.10728,139.23421,1,1,東武,東上本線,002626,mlit
972,白久,白久,11,,35.95879,138.9929,1,1,秩父鉄道,秩父本線,002818,mlit
1357,白岡,白岡,11,,36.01633,139.6668,1,1,JR東日本,東北線,002737,mlit
1263,的場,的場,11,,35.91732,139.43479,1,1,JR東日本,川越線,002889,mlit
946,皆野,皆野,11,,36.06813,139.094,1,1,秩父鉄道,秩父本線,002681,mlit
947,石原,石原,11,,36.14782,139.36833,1,1,秩父鉄道,秩父本線,002579,mlit
1186,神保原,神保原,11,,36.25421,139.14761,1,1,JR東日本,高崎線,002484,mlit
966,秩父,秩父,11,,35.99824,139.08581,1,1,秩父鉄道,秩父本線,002758,mlit
893,稲荷山公園,稲荷山公園,11,,35.84431,139.40047,1,1,西武,池袋線,003011,mlit
1402,竹沢,竹沢,11,,36.07567,139.22938,1,1,JR東日本,八高線,002665,mlit
1260,笠幡,笠幡,11,,35.90739,139.40566,1,1,JR東日本,川越線,002908,mlit
1185,籠原,籠原,11,,36.17369,139.332,1,1,JR東日本,高崎線,002561,mlit
941,羽生,羽生,11,,36.170615,139.533735,2,2,東武、秩父鉄道,伊勢崎線、秩父本線,002565,mlit
757,羽貫,羽貫,11,,36.00741,139.60822,1,1,ニューシャトル,伊奈線,002747,mlit
870,航空公園,航空公園,11,,35.79774,139.46627,1,1,西武,新宿線,003094,mlit
878,芦ヶ久保,芦ヶ久保,11,,35.97628,139.13498,1,1,西武,西武秩父線,002791,mlit
1435,花崎,花崎,11,,36.10964,139.63449,1,1,東武,伊勢崎線,002623,mlit
1457,若葉,若葉,11,,35.94945,139.40803,1,1,東武,東上本線,002837,mlit
134,草加,草加,11,,35.82762,139.80339,1,1,東武,伊勢崎線,003040,mlit
1428,蒲生,蒲生,11,,35.86751,139.79163,1,1,東武,伊勢崎線,002977,mlit
1353,蓮田,蓮田,11,,35.98241,139.65367,1,1,JR東日本,東北線,002781,mlit
1366,蕨,蕨,11,,35.82721,139.69116,1,1,JR東日本,東北線,003041,mlit
1494,藤の牛島,藤の牛島,11,,35.98037,139.77856,1,1,東武,野田線,002784,mlit
1198,行田,行田,11,,36.11275,139.43322,1,1,JR東日本,高崎線,002619,mlit
961,行田市,行田市,11,,36.14359,139.45997,1,1,秩父鉄道,秩父本線,002583,mlit
877,西吾野,西吾野,11,,35.92757,139.20252,1,1,西武,西武秩父線,002871,mlit
1554,西大宮,西大宮,11,,35.9218,139.57845,1,1,JR東日本,川越線,002877,mlit
1438,西大家,西大家,11,,35.93191,139.35702,1,1,東武,越生線,002860,mlit
1359,西川口,西川口,11,,35.8149,139.70497,1,1,JR東日本,東北線,003055,mlit
1261,西川越,西川越,11,,35.91921,139.45925,1,1,JR東日本,川越線,002885,mlit
861,西所沢,西所沢,11,,35.78839,139.45673,2,1,西武,池袋線、狭山線,003118,mlit
864,西武園ゆうえんち,西武園ゆうえんち,11,,35.76876,139.44037,1,1,西武,山口線,003192,mlit
863,西武球場前,西武球場前,11,,35.77126,139.420395,2,1,西武,山口線、狭山線,003181,mlit
876,西武秩父,西武秩父,11,,35.98896,139.08262,1,1,西武,西武秩父線,002771,mlit
1417,西浦和,西浦和,11,,35.84452,139.62831,1,1,JR東日本,武蔵野線,003014,mlit
943,西羽生,西羽生,11,,36.17666,139.52489,1,1,秩父鉄道,秩父本線,002560,mlit
958,親鼻,親鼻,11,,36.07745,139.10543,1,1,秩父鉄道,秩父本線,002661,mlit
133,谷塚,谷塚,11,,35.8141,139.80107,1,1,東武,伊勢崎線,003059,mlit
1506,豊春,豊春,11,,35.96827,139.72671,1,1,東武,野田線,002807,mlit
1404,越生,越生,11,,35.96277,139.29944999999998,2,2,JR東日本、東武,八高線、越生線,002814,mlit
1430,越谷,越谷,11,,35.8883,139.78587,1,1,東武,伊勢崎線,002942,mlit
1556,越谷レイクタウン,越谷レイクタウン,11,,35.87607,139.82125,1,1,JR東日本,武蔵野線,002957,mlit
974,野上,野上,11,,36.11198,139.1109,1,1,秩父鉄道,秩父本線,002622,mlit
130,金子,金子,11,,35.81033,139.32885,1,1,JR東日本,八高線,003067,mlit
755,鉄道博物館,鉄道博物館,11,,35.91995,139.61795,1,1,ニューシャトル,伊奈線,002881,mlit
1466,鉢形,鉢形,11,,36.11381,139.20929,1,1,東武,東上本線,002620,mlit
969,長瀞,長瀞,11,,36.09594,139.11202,1,1,秩父鉄道,秩父本線,002635,mlit
1471,霞ヶ関,霞ヶ関,11,,35.92511,139.44521,1,1,東武,東上本線,002874,mlit
888,飯能,飯能,11,,35.85071,139.32013,1,1,西武,池袋線,002999,mlit
1462,高坂,高坂,11,,36.00191,139.398,1,1,東武,東上本線,002753,mlit
891,高麗,高麗,11,,35.88172,139.30516,1,1,西武,池袋線,002950,mlit
1264,高麗川,高麗川,11,,35.89586,139.33842,2,1,JR東日本,八高線、川越線,002927,mlit
742,鳩ヶ谷,鳩ヶ谷,11,,35.83,139.73653,1,1,埼玉高速,埼玉高速鉄道線,003036,mlit
1194,鴻巣,鴻巣,11,,36.05763,139.51077,1,1,JR東日本,高崎線,002691,mlit
1461,鶴ヶ島,鶴ヶ島,11,,35.93609,139.42502,1,1,東武,東上本線,002852,mlit
1456,鶴瀬,鶴瀬,11,,35.84489,139.54057,1,1,東武,東上本線,003007,mlit
1436,鷲宮,鷲宮,11,,36.09585,139.65739,1,1,東武,伊勢崎線,002632,mlit
621,おゆみ野,おゆみ野,12,,35.54975,140.16708,1,1,京成,千原線,004365,mlit
848,くぬぎ山,くぬぎ山,12,,35.78279,139.97582,1,1,新京成,新京成線,003143,mlit
619,ちはら台,ちはら台,12,,35.53259,140.16995,1,1,京成,千原線,004423,mlit
901,みつわ台,みつわ台,12,,35.63849,140.13521,1,1,千葉モノレール,2号線,004041,mlit
624,みどり台,みどり台,12,,35.62572,140.097,1,1,京成,千葉線,004115,mlit
841,みのり台,みのり台,12,,35.78947,139.92815,1,1,新京成,新京成線,003116,mlit
907,スポーツセンター,スポーツセンター,12,,35.64305,140.11609,1,1,千葉モノレール,2号線,004023,mlit
1533,ベイサイド･ステーション,ベイサイド・ステーション,12,,35.62799,139.87584,1,1,ディズニーライン,ディズニーリゾートライン,004098,mlit
644,ユーカリが丘,ユーカリが丘,12,,35.722245,140.156975,2,2,京成、山万,ユーカリが丘線、本線,003452,mlit
1531,リゾートゲートウェイ･ステーション,リゾートゲートウェイ・ステーション,12,,35.63531,139.88433,1,1,ディズニーライン,ディズニーリゾートライン,004063,mlit
1489,七光台,七光台,12,,35.97034,139.85326,1,1,東武,野田線,002803,mlit
852,三咲,三咲,12,,35.74964,140.02845,1,1,新京成,新京成線,003265,mlit
1141,三門,三門,12,,35.28258,140.39156,1,1,JR東日本,外房線,005153,mlit
860,上本郷,上本郷,12,,35.78915,139.9155,1,1,新京成,新京成線,003115,mlit
1146,上総一ノ宮,上総一ノ宮,12,,35.37331,140.36526,1,1,JR東日本,外房線,004901,mlit
827,上総三又,上総三又,12,,35.46558,140.12684,1,1,小湊,小湊鐵道線,004632,mlit
532,上総中川,上総中川,12,,35.28269,140.28097,1,1,いすみ,いすみ線,005154,mlit
529,上総中野,上総中野,12,,35.24986,140.19998,2,2,いすみ、小湊,いすみ線、小湊鐵道線,005238,mlit
816,上総久保,上総久保,12,,35.3672,140.15415,1,1,小湊,小湊鐵道線,004921,mlit
1165,上総亀山,上総亀山,12,,35.2334,140.08917,1,1,JR東日本,久留里線,005274,mlit
824,上総大久保,上総大久保,12,,35.28338,140.14551,1,1,小湊,小湊鐵道線,005151,mlit
818,上総山田,上総山田,12,,35.45377,140.12606,1,1,小湊,小湊鐵道線,004667,mlit
828,上総川間,上総川間,12,,35.38809,140.15135,1,1,小湊,小湊鐵道線,004867,mlit
822,上総村上,上総村上,12,,35.49577,140.10066,1,1,小湊,小湊鐵道線,004535,mlit
535,上総東,上総東,12,,35.26333,140.34531,1,1,いすみ,いすみ線,005198,mlit
1169,上総松丘,上総松丘,12,,35.25788,140.06406,1,1,JR東日本,久留里線,005209,mlit
1166,上総清川,上総清川,12,,35.39084,139.96609,1,1,JR東日本,久留里線,004857,mlit
1374,上総湊,上総湊,12,,35.22095,139.87075,1,1,JR東日本,内房線,005302,mlit
823,上総牛久,上総牛久,12,,35.40011,140.14266,1,1,小湊,小湊鐵道線,004826,mlit
1160,上総興津,上総興津,12,,35.13749,140.25117,1,1,JR東日本,外房線,005566,mlit
814,上総鶴舞,上総鶴舞,12,,35.3816,140.16477,1,1,小湊,小湊鐵道線,004884,mlit
1299,下総中山,下総中山,12,,35.71391,139.94395,1,1,JR東日本,総武線,003498,mlit
1225,下総松崎,下総松崎,12,,35.80717,140.27849,1,1,JR東日本,成田線,003071,mlit
1238,下総橘,下総橘,12,,35.81822,140.70236,1,1,JR東日本,成田線,003051,mlit
1222,下総神崎,下総神崎,12,,35.89458,140.40971,1,1,JR東日本,成田線,002932,mlit
1233,下総豊里,下総豊里,12,,35.79245,140.72145,1,1,JR東日本,成田線,003103,mlit
1170,下郡,下郡,12,,35.35463,140.0554,1,1,JR東日本,久留里線,004957,mlit
760,中学校,中学校,12,,35.74046,140.14854,1,1,山万,ユーカリが丘線,003316,mlit
1226,久住,久住,12,,35.83249,140.33967,1,1,JR東日本,成田線,003034,mlit
534,久我原,久我原,12,,35.25053,140.24745,1,1,いすみ,いすみ線,005236,mlit
1167,久留里,久留里,12,,35.29523,140.07574,1,1,JR東日本,久留里線,005127,mlit
1385,九重,九重,12,,34.9977,139.91023,1,1,JR東日本,内房線,006018,mlit
1182,二俣新町,二俣新町,12,,35.6915,139.9604,1,1,JR東日本,京葉線,003682,mlit
845,二和向台,二和向台,12,,35.75365,140.02431,1,1,新京成,新京成線,003238,mlit
813,五井,五井,12,,35.51218,140.08849,2,2,JR東日本、小湊,内房線、小湊鐵道線,004479,mlit
854,五香,五香,12,,35.79778,139.96556,1,1,新京成,新京成線,003095,mlit
761,井野,井野,12,,35.73318,140.14844,1,1,山万,ユーカリが丘線,003366,mlit
653,京成中山,京成中山,12,,35.71673,139.94493,1,1,京成,本線,003485,mlit
638,京成佐倉,京成佐倉,12,,35.72524,140.23072,1,1,京成,本線,003438,mlit
640,京成八幡,京成八幡,12,,35.72362,139.92854,1,1,京成,本線,003445,mlit
626,京成千葉,京成千葉,12,,35.6117,140.11406,1,1,京成,千葉線,004176,mlit
641,京成大久保,京成大久保,12,,35.68592,140.04917,1,1,京成,本線,003725,mlit
635,京成大和田,京成大和田,12,,35.71259,140.10925,1,1,京成,本線,003511,mlit
629,京成幕張,京成幕張,12,,35.66098,140.05574,1,1,京成,千葉線,003913,mlit
630,京成幕張本郷,京成幕張本郷,12,,35.67278,140.04184,1,1,京成,千葉線,003814,mlit
631,京成成田,京成成田,12,,35.77671,140.31612,2,1,京成,本線、東成田線,003166,mlit
622,京成津田沼,京成津田沼,12,,35.68349,140.02558,3,2,京成、新京成,千葉線、新京成線、本線,003747,mlit
625,京成稲毛,京成稲毛,12,,35.63771,140.08565,1,1,京成,千葉線,004048,mlit
654,京成臼井,京成臼井,12,,35.73053,140.1813,1,1,京成,本線,003392,mlit
656,京成船橋,京成船橋,12,,35.70029,139.98591,1,1,京成,本線,003609,mlit
637,京成西船,京成西船,12,,35.71146,139.95927,1,1,京成,本線,003516,mlit
657,京成酒々井,京成酒々井,12,,35.73644,140.2697,1,1,京成,本線,003342,mlit
981,仲ノ町,仲ノ町,12,,35.72887,140.83415,1,1,銚子電鉄,銚子電気鉄道線,003405,mlit
1220,佐倉,佐倉,12,,35.70959,140.22555,2,1,JR東日本,成田線、総武線,003531,mlit
1229,佐原,佐原,12,,35.89573,140.49261,1,1,JR東日本,成田線,002931,mlit
1377,佐貫町,佐貫町,12,,35.25905,139.87648,1,1,JR東日本,内房線,005205,mlit
910,作草部,作草部,12,,35.62546,140.11551,1,1,千葉モノレール,2号線,004113,mlit
1372,保田,保田,12,,35.14086,139.83859,1,1,JR東日本,内房線,005558,mlit
1175,俵田,俵田,12,,35.31438,140.06175,1,1,JR東日本,久留里線,005074,mlit
1304,倉橋,倉橋,12,,35.73807,140.71458,1,1,JR東日本,総武線,003332,mlit
847,元山,元山,12,,35.79065,139.97525,1,1,新京成,新京成線,003111,mlit
826,光風台,光風台,12,,35.43919,140.11407,1,1,小湊,小湊鐵道線,004713,mlit
1512,八千代中央,八千代中央,12,,35.72764,140.10442,1,1,東葉高速,東葉高速線,003416,mlit
652,八千代台,八千代台,12,,35.70182,140.09135,1,1,京成,本線,003597,mlit
1514,八千代緑が丘,八千代緑が丘,12,,35.72902,140.07426,1,1,東葉高速,東葉高速線,003401,mlit
1383,八幡宿,八幡宿,12,,35.53545,140.11924,1,1,JR東日本,内房線,004411,mlit
1287,八日市場,八日市場,12,,35.69974,140.55323,1,1,JR東日本,総武線,003621,mlit
850,八柱,八柱,12,,35.79107,139.93707,1,1,新京成,新京成線,003105,mlit
1140,八積,八積,12,,35.40337,140.34642,1,1,JR東日本,外房線,004803,mlit
1301,八街,八街,12,,35.66272,140.31834,1,1,JR東日本,総武線,003895,mlit
759,公園,公園,12,,35.73109,140.15373,1,1,山万,ユーカリが丘線,003386,mlit
648,公津の杜,公津の杜,12,,35.76009,140.29403,1,1,京成,本線,003219,mlit
1483,六実,六実,12,,35.79421,139.99924,1,1,東武,野田線,003102,mlit
842,初富,初富,12,,35.77148,140.00026,1,1,新京成,新京成線,003178,mlit
1497,初石,初石,12,,35.88329,139.91824,1,1,東武,野田線,002949,mlit
851,前原,前原,12,,35.70096,140.02802,1,1,新京成,新京成線,003603,mlit
908,動物公園,動物公園,12,,35.6425,140.12587,1,1,千葉モノレール,2号線,004028,mlit
1157,勝浦,勝浦,12,,35.15309,140.31283,1,1,JR東日本,外房線,005520,mlit
646,勝田台,勝田台,12,,35.71547,140.12685,1,1,京成,本線,003492,mlit
843,北初富,北初富,12,,35.77639,139.98924,1,1,新京成,新京成線,003164,mlit
1543,北国分,北国分,12,,35.76302,139.91513,1,1,北総,北総線,003213,mlit
1215,北小金,北小金,12,,35.83368,139.93183,1,1,JR東日本,常磐線,003032,mlit
1218,北松戸,北松戸,12,,35.7997,139.911,1,1,JR東日本,常磐線,003089,mlit
1213,北柏,北柏,12,,35.87562,139.98868,1,1,JR東日本,常磐線,002959,mlit
857,北習志野,北習志野,12,,35.72179,140.04253,2,2,新京成、東葉高速,新京成線、東葉高速線,003459,mlit
1209,十二橋,十二橋,12,,35.91648,140.5458,1,1,JR東日本,鹿島線,002890,mlit
1382,千倉,千倉,12,,34.97671,139.95321,1,1,JR東日本,内房線,006115,mlit
909,千城台,千城台,12,,35.62212,140.18884,1,1,千葉モノレール,2号線,004126,mlit
900,千城台北,千城台北,12,,35.6274,140.18238,1,1,千葉モノレール,2号線,004103,mlit
1373,千歳,千歳,12,,34.99043,139.96595,1,1,JR東日本,内房線,006049,mlit
895,千葉,千葉,12,,35.612235,140.114045,4,2,JR東日本、千葉モノレール,1号線、2号線、外房線、総武線,004173,mlit
896,千葉みなと,千葉みなと,12,,35.60684,140.10285,2,2,JR東日本、千葉モノレール,1号線、京葉線,004201,mlit
1540,千葉ニュータウン中央,千葉ニュータウン中央,12,,35.79994,140.11538,2,2,京成、北総,北総線、成田空港線,003090,mlit
616,千葉中央,千葉中央,12,,35.60821,140.11739,2,1,京成,千原線、千葉線,004194,mlit
903,千葉公園,千葉公園,12,,35.61937,140.1181,1,1,千葉モノレール,2号線,004137,mlit
617,千葉寺,千葉寺,12,,35.5902,140.13274,1,1,京成,千原線,004260,mlit
1379,南三原,南三原,12,,35.02162,139.98003,1,1,JR東日本,内房線,005909,mlit
1211,南柏,南柏,12,,35.84517,139.95519,1,1,JR東日本,常磐線,003012,mlit
770,南流山,南流山,12,,35.838145,139.904045,2,2,JR東日本、つくばEX,常磐新線、武蔵野線,003024,mlit
1180,南船橋,南船橋,12,,35.68131,139.99643,1,1,JR東日本,京葉線,003761,mlit
172,南行徳,南行徳,12,,35.67339,139.90306,1,1,東京メトロ,5号線東西線,003819,mlit
1298,南酒々井,南酒々井,12,,35.70454,140.26689,1,1,JR東日本,総武線,003576,mlit
1538,印旛日本医大,印旛日本医大,12,,35.787721,140.203038,2,2,京成、北総,北総線、成田空港線,003125,mlit
1539,印西牧の原,印西牧の原,12,,35.80348,140.16778,1,1,北総,北総線,003083,mlit
169,原木中山,原木中山,12,,35.70264,139.94123,1,1,東京メトロ,5号線東西線,003582,mlit
985,君ヶ浜,君ヶ浜,12,,35.71375,140.86046,1,1,銚子電鉄,銚子電気鉄道線,003500,mlit
1394,君津,君津,12,,35.33324,139.89699,1,1,JR東日本,内房線,005014,mlit
1390,和田浦,和田浦,12,,35.04211,140.01986,1,1,JR東日本,内房線,005853,mlit
1297,四街道,四街道,12,,35.66323,140.16599,1,1,JR東日本,総武線,003898,mlit
533,国吉,国吉,12,,35.28039,140.31468,1,1,いすみ,いすみ線,005160,mlit
660,国府台,国府台,12,,35.73618,139.90426,1,1,京成,本線,003346,mlit
1158,土気,土気,12,,35.53043,140.27125,1,1,JR東日本,外房線,004436,mlit
762,地区センター,地区センター,12,,35.72651,140.15511,1,1,山万,ユーカリが丘線,003429,mlit
1555,城見ヶ丘,城見ヶ丘,12,,35.29169,140.25204,1,1,いすみ,いすみ線,005136,mlit
1485,塚田,塚田,12,,35.72168,139.98251,1,1,東武,野田線,003454,mlit
1480,増尾,増尾,12,,35.82956,139.9766,1,1,東武,野田線,003039,mlit
980,外川,外川,12,,35.69903,140.85711,1,1,銚子電鉄,銚子電気鉄道線,003620,mlit
655,大佐倉,大佐倉,12,,35.72978,140.25042,1,1,京成,本線,003394,mlit
541,大原,大原,12,,35.25185,140.39099,2,2,JR東日本、いすみ,いすみ線、外房線,005229,mlit
530,大多喜,大多喜,12,,35.28619,140.24378,1,1,いすみ,いすみ線,005145,mlit
1236,大戸,大戸,12,,35.88944,140.45673,1,1,JR東日本,成田線,002939,mlit
618,大森台,大森台,12,,35.58371,140.14992,1,1,京成,千原線,004276,mlit
1536,大町,大町,12,,35.77518,139.9743,1,1,北総,北総線,003170,mlit
639,大神宮下,大神宮下,12,,35.69365,139.99155,1,1,京成,本線,003664,mlit
1161,大網,大網,12,,35.522155,140.31227,2,1,JR東日本,外房線、東金線,004450,mlit
1375,大貫,大貫,12,,35.29076,139.85587,1,1,JR東日本,内房線,005137,mlit
902,天台,天台,12,,35.63113,140.11293,1,1,千葉モノレール,2号線,004080,mlit
1216,天王台,天王台,12,,35.87248,140.04213,1,1,JR東日本,常磐線,002967,mlit
1154,太東,太東,12,,35.32066,140.38119,1,1,JR東日本,外房線,005051,mlit
1371,太海,太海,12,,35.08233,140.096,1,1,JR東日本,内房線,005739,mlit
763,女子大,女子大,12,,35.73788,140.15541,1,1,山万,ユーカリが丘線,003326,mlit
170,妙典,妙典,12,,35.69029,139.92343,1,1,東京メトロ,5号線東西線,003686,mlit
1389,姉ヶ崎,姉ヶ崎,12,,35.47779,140.04024,1,1,JR東日本,内房線,004591,mlit
620,学園前,学園前,12,,35.55982,140.15828,1,1,京成,千原線,004338,mlit
1391,安房勝山,安房勝山,12,,35.11322,139.83374,1,1,JR東日本,内房線,005656,mlit
1159,安房天津,安房天津,12,,35.12546,140.15384,1,1,JR東日本,外房線,005604,mlit
1153,安房小湊,安房小湊,12,,35.12885,140.19102,1,1,JR東日本,外房線,005590,mlit
1143,安房鴨川,安房鴨川,12,,35.10702,140.10311,2,1,JR東日本,内房線、外房線,005673,mlit
1228,安食,安食,12,,35.83526,140.24343,1,1,JR東日本,成田線,003030,mlit
647,宗吾参道,宗吾参道,12,,35.75196,140.28031,1,1,京成,本線,003240,mlit
642,実籾,実籾,12,,35.68697,140.06875,1,1,京成,本線,003718,mlit
1393,富浦,富浦,12,,35.04716,139.8375,1,1,JR東日本,内房線,005843,mlit
906,小倉台,小倉台,12,,35.62798,140.17222,1,1,千葉モノレール,2号線,004099,mlit
1537,小室,小室,12,,35.78694,140.07517,1,1,北総,北総線,003129,mlit
1227,小林,小林,12,,35.83005,140.19411,1,1,JR東日本,成田線,003037,mlit
1164,小櫃,小櫃,12,,35.32791,140.05985,1,1,JR東日本,久留里線,005030,mlit
1221,小見川,小見川,12,,35.84969,140.60544,1,1,JR東日本,成田線,003001,mlit
537,小谷松,小谷松,12,,35.26877,140.25137,1,1,いすみ,いすみ線,005182,mlit
937,小金城趾,小金城趾,12,,35.83627,139.91656,1,1,流鉄,流山線,003029,mlit
1369,岩井,岩井,12,,35.09214,139.85,1,1,JR東日本,内房線,005717,mlit
1370,巌根,巌根,12,,35.41399,139.93322,1,1,JR東日本,内房線,004774,mlit
1492,川間,川間,12,,35.97921,139.83548,1,1,東武,野田線,002788,mlit
131,市川,市川,12,,35.72835,139.90948,1,1,JR東日本,総武線,003403,mlit
1177,市川塩浜,市川塩浜,12,,35.66742,139.92413,1,1,JR東日本,京葉線,003870,mlit
1409,市川大野,市川大野,12,,35.7548,139.95176,1,1,JR東日本,武蔵野線,003234,mlit
662,市川真間,市川真間,12,,35.73095,139.91233,1,1,京成,本線,003380,mlit
898,市役所前,市役所前,12,,35.6067,140.10718,1,1,千葉モノレール,1号線,004203,mlit
1230,布佐,布佐,12,,35.84839,140.13339,1,1,JR東日本,成田線,003002,mlit
856,常盤平,常盤平,12,,35.80299,139.94889,1,1,新京成,新京成線,003085,mlit
1300,幕張,幕張,12,,35.65896,140.05849,1,1,JR東日本,総武線,003919,mlit
1294,幕張本郷,幕張本郷,12,,35.67199,140.04316,1,1,JR東日本,総武線,003815,mlit
1302,干潟,干潟,12,,35.71813,140.60239,1,1,JR東日本,総武線,003478,mlit
280,平和台,平和台,12,,35.85079,139.90119,1,1,流鉄,流山線,003000,mlit
1168,平山,平山,12,,35.27402,140.06439,1,1,JR東日本,久留里線,005173,mlit
933,幸谷,幸谷,12,,35.82741,139.92012,1,1,流鉄,流山線,003043,mlit
1147,御宿,御宿,12,,35.18675,140.35082,1,1,JR東日本,外房線,005404,mlit
636,志津,志津,12,,35.71734,140.14453,1,1,京成,本線,003482,mlit
1499,愛宕,愛宕,12,,35.95019,139.86498,1,1,東武,野田線,002832,mlit
1283,成東,成東,12,,35.60855,140.41218,2,1,JR東日本,東金線、総武線,004189,mlit
1239,成田,成田,12,,35.77553,140.31278,1,1,JR東日本,成田線,003161,mlit
1559,成田湯川,成田湯川,12,,35.799577,140.292302,1,1,京成,成田空港線,003093,mlit
633,成田空港,成田空港,12,,35.76452,140.38551,3,2,JR東日本、京成,成田空港線、成田線、本線,003203,mlit
1217,我孫子,我孫子,12,,35.87292,140.01224,2,1,JR東日本,常磐線、成田線,002965,mlit
1410,新八柱,新八柱,12,,35.79077,139.93867,1,1,JR東日本,武蔵野線,003106,mlit
623,新千葉,新千葉,12,,35.61255,140.10824,1,1,京成,千葉線,004172,mlit
1237,新木,新木,12,,35.8625,140.10804,1,1,JR東日本,成田線,002983,mlit
1214,新松戸,新松戸,12,,35.82484,139.921175,2,1,JR東日本,常磐線、武蔵野線,003045,mlit
1487,新柏,新柏,12,,35.83758,139.96763,1,1,東武,野田線,003026,mlit
1286,新検見川,新検見川,12,,35.65167,140.07449,1,1,JR東日本,総武線,003965,mlit
853,新津田沼,新津田沼,12,,35.69046,140.02298,1,1,新京成,新京成線,003694,mlit
1184,新浦安,新浦安,12,,35.65021,139.91336,1,1,JR東日本,京葉線,003978,mlit
540,新田野,新田野,12,,35.27573,140.32877,1,1,いすみ,いすみ線,005169,mlit
1176,新習志野,新習志野,12,,35.66685,140.01392,1,1,JR東日本,京葉線,003863,mlit
1486,新船橋,新船橋,12,,35.71098,139.97973,1,1,東武,野田線,003518,mlit
1139,新茂原,新茂原,12,,35.44845,140.29945,1,1,JR東日本,外房線,004683,mlit
840,新鎌ヶ谷,新鎌ヶ谷,12,,35.77986,139.9983775,4,4,京成、北総、新京成、東武,北総線、成田空港線、新京成線、野田線,003146,mlit
1292,日向,日向,12,,35.62797,140.36312,1,1,JR東日本,総武線,004096,mlit
1288,旭,旭,12,,35.72199,140.65587,1,1,JR東日本,総武線,003457,mlit
821,月崎,月崎,12,,35.30189,140.13927,1,1,小湊,小湊鐵道線,005108,mlit
1240,木下,木下,12,,35.83898,140.1493,1,1,JR東日本,成田線,003022,mlit
1162,木更津,木更津,12,,35.38036,139.92599,2,1,JR東日本,久留里線、内房線,004882,mlit
1103,本八幡,本八幡,12,,35.722274999999996,139.927885,2,2,JR東日本、都営,10号線新宿線、総武線,003449,mlit
1137,本千葉,本千葉,12,,35.60167,140.12093,1,1,JR東日本,外房線,004236,mlit
1142,本納,本納,12,,35.48115,140.30741,1,1,JR東日本,外房線,004575,mlit
984,本銚子,本銚子,12,,35.73095,140.84777,1,1,銚子電鉄,銚子電気鉄道線,003384,mlit
1513,村上,村上,12,,35.72337,140.11967,1,1,東葉高速,東葉高速線,003446,mlit
650,東中山,東中山,12,,35.7143,139.9531,1,1,京成,本線,003496,mlit
1530,東京ディズニーシー･ステーション,東京ディズニーシー・ステーション,12,,35.62755,139.88909,1,1,ディズニーライン,ディズニーリゾートライン,004106,mlit
1532,東京ディズニーランド･ステーション,東京ディズニーランド・ステーション,12,,35.6357,139.87802,1,1,ディズニーライン,ディズニーリゾートライン,004058,mlit
1296,東千葉,東千葉,12,,35.6177,140.1233,1,1,JR東日本,総武線,004151,mlit
632,東成田,東成田,12,,35.76902,140.38774,2,2,京成、芝山鉄道,東成田線、芝山鉄道線,003189,mlit
1232,東我孫子,東我孫子,12,,35.86907,140.04873,1,1,JR東日本,成田線,002972,mlit
1407,東松戸,東松戸,12,,35.77017666666667,139.94387333333333,3,3,JR東日本、京成、北総,北総線、成田空港線、武蔵野線,003187,mlit
1163,東横田,東横田,12,,35.38615,140.0364,1,1,JR東日本,久留里線,004875,mlit
1151,東浪見,東浪見,12,,35.3459,140.37715,1,1,JR東日本,外房線,004976,mlit
1509,東海神,東海神,12,,35.70647,139.98169,1,1,東葉高速,東葉高速線,003566,mlit
1172,東清川,東清川,12,,35.39002,139.98631,1,1,JR東日本,久留里線,004860,mlit
531,東総元,東総元,12,,35.25929,140.24727,1,1,いすみ,いすみ線,005207,mlit
1305,東船橋,東船橋,12,,35.69996,140.00277,1,1,JR東日本,総武線,003613,mlit
1510,東葉勝田台,東葉勝田台,12,,35.71561,140.1262,1,1,東葉高速,東葉高速線,003487,mlit
1343,東金,東金,12,,35.55965,140.36272,1,1,JR東日本,東金線,004339,mlit
1289,松尾,松尾,12,,35.63718,140.45887,1,1,JR東日本,総武線,004054,mlit
1219,松岸,松岸,12,,35.73905,140.79597,2,1,JR東日本,成田線、総武線,003317,mlit
859,松戸,松戸,12,,35.78349,139.90039,2,2,JR東日本、新京成,常磐線、新京成線,003136,mlit
849,松戸新田,松戸新田,12,,35.79074,139.92173,1,1,新京成,新京成線,003109,mlit
1541,松飛台,松飛台,12,,35.77538,139.95844,1,1,北総,北総線,003169,mlit
1212,柏,柏,12,,35.86177,139.97048999999998,2,2,JR東日本、東武,常磐線、野田線,002984,mlit
765,柏たなか,柏たなか,12,,35.91027,139.95734,1,1,つくばEX,常磐新線,002900,mlit
767,柏の葉キャンパス,柏の葉キャンパス,12,,35.89276,139.95238,1,1,つくばEX,常磐新線,002935,mlit
98,栄町,栄町,12,,35.61323,140.11859,1,1,千葉モノレール,1号線,004169,mlit
904,桜木,桜木,12,,35.63124,140.16135,1,1,千葉モノレール,2号線,004081,mlit
1490,梅郷,梅郷,12,,35.93113,139.89154,1,1,東武,野田線,002861,mlit
1241,椎柴,椎柴,12,,35.76481,140.75978,1,1,JR東日本,成田線,003208,mlit
627,検見川,検見川,12,,35.65267,140.06631,1,1,京成,千葉線,003964,mlit
1179,検見川浜,検見川浜,12,,35.63649,140.06002,1,1,JR東日本,京葉線,004049,mlit
1290,榎戸,榎戸,12,,35.68471,140.28755,1,1,JR東日本,総武線,003741,mlit
1171,横田,横田,12,,35.38621,140.02067,1,1,JR東日本,久留里線,004874,mlit
1285,横芝,横芝,12,,35.66233,140.49187,1,1,JR東日本,総武線,003907,mlit
1235,水郷,水郷,12,,35.88491,140.57076,1,1,JR東日本,成田線,002943,mlit
1152,永田,永田,12,,35.50425,140.31144,1,1,JR東日本,外房線,004513,mlit
1341,求名,求名,12,,35.57938,140.39564,1,1,JR東日本,東金線,004289,mlit
1500,江戸川台,江戸川台,12,,35.8968,139.91077,1,1,東武,野田線,002926,mlit
1378,江見,江見,12,,35.0626,140.06221,1,1,JR東日本,内房線,005792,mlit
1291,津田沼,津田沼,12,,35.69222,140.01922,1,1,JR東日本,総武線,003681,mlit
936,流山,流山,12,,35.85522,139.90176,1,1,流鉄,流山線,002992,mlit
766,流山おおたかの森,流山おおたかの森,12,,35.871635,139.925275,2,2,つくばEX、東武,常磐新線、野田線,002969,mlit
771,流山セントラルパーク,流山セントラルパーク,12,,35.85519,139.91529,1,1,つくばEX,常磐新線,002993,mlit
1381,浜野,浜野,12,,35.55114,140.1318,1,1,JR東日本,内房線,004357,mlit
1388,浜金谷,浜金谷,12,,35.16766,139.82331,1,1,JR東日本,内房線,005471,mlit
173,浦安,浦安,12,,35.66642,139.89427,1,1,東京メトロ,5号線東西線,003875,mlit
1155,浪花,浪花,12,,35.22206,140.37868,1,1,JR東日本,外房線,005300,mlit
817,海士有木,海士有木,12,,35.48152,140.12466,1,1,小湊,小湊鐵道線,004577,mlit
1181,海浜幕張,海浜幕張,12,,35.64785,140.04291,1,1,JR東日本,京葉線,003984,mlit
649,海神,海神,12,,35.70569,139.97213,1,1,京成,本線,003567,mlit
977,海鹿島,海鹿島,12,,35.7218,140.86341,1,1,銚子電鉄,銚子電気鉄道線,003456,mlit
1495,清水公園,清水公園,12,,35.95823,139.86065,1,1,東武,野田線,002819,mlit
1234,湖北,湖北,12,,35.86703,140.07914,1,1,JR東日本,成田線,002976,mlit
1223,滑河,滑河,12,,35.87646,140.34728,1,1,JR東日本,成田線,002954,mlit
855,滝不動,滝不動,12,,35.73844,140.02665,1,1,新京成,新京成線,003327,mlit
1282,物井,物井,12,,35.68626,140.20076,1,1,JR東日本,総武線,003727,mlit
979,犬吠,犬吠,12,,35.70657,140.86096,1,1,銚子電鉄,銚子電気鉄道線,003564,mlit
1295,猿田,猿田,12,,35.74748,140.73832,1,1,JR東日本,総武線,003275,mlit
1534,白井,白井,12,,35.78472,140.05288,1,1,北総,北総線,003135,mlit
899,県庁前,県庁前,12,,35.60357,140.12225,1,1,千葉モノレール,1号線,004226,mlit
1545,矢切,矢切,12,,35.75775,139.90138,1,1,北総,北総線,003229,mlit
1174,祇園,祇園,12,,35.3917,139.94875,1,1,JR東日本,久留里線,004856,mlit
1342,福俵,福俵,12,,35.54662,140.34239,1,1,JR東日本,東金線,004376,mlit
1535,秋山,秋山,12,,35.76554,139.93222,1,1,北総,北総線,003206,mlit
1280,稲毛,稲毛,12,,35.63606,140.09345,1,1,JR東日本,総武線,004047,mlit
1178,稲毛海岸,稲毛海岸,12,,35.62943,140.07499,1,1,JR東日本,京葉線,004093,mlit
905,穴川,穴川,12,,35.63928,140.11162,1,1,千葉モノレール,2号線,004039,mlit
634,空港第2ビル,空港第2ビル,12,,35.77178,140.38846,3,2,JR東日本、京成,成田空港線、成田線、本線,003173,mlit
1387,竹岡,竹岡,12,,35.1981,139.83091,1,1,JR東日本,内房線,005359,mlit
978,笠上黒生,笠上黒生,12,,35.72809,140.8572,1,1,銚子電鉄,銚子電気鉄道線,003410,mlit
1231,笹川,笹川,12,,35.83993,140.65527,1,1,JR東日本,成田線,003021,mlit
538,総元,総元,12,,35.24055,140.23994,1,1,いすみ,いすみ線,005257,mlit
858,習志野,習志野,12,,35.71586,140.04295,1,1,新京成,新京成線,003493,mlit
202,舞浜,舞浜,12,,35.63579,139.88473,1,1,JR東日本,京葉線,004055,mlit
1303,船橋,船橋,12,,35.70182,139.985505,2,2,JR東日本、東武,総武線、野田線,003589,mlit
1511,船橋日大前,船橋日大前,12,,35.72701,140.05931,1,1,東葉高速,東葉高速線,003421,mlit
1408,船橋法典,船橋法典,12,,35.72977,139.9671,1,1,JR東日本,武蔵野線,003387,mlit
645,船橋競馬場,船橋競馬場,12,,35.68993,139.99733,1,1,京成,本線,003699,mlit
764,芝山千代田,芝山千代田,12,,35.75429,140.39895,1,1,芝山鉄道,芝山鉄道線,003237,mlit
1149,茂原,茂原,12,,35.426,140.30555,1,1,JR東日本,外房線,004751,mlit
658,菅野,菅野,12,,35.72802,139.91994,1,1,京成,本線,003412,mlit
897,葭川公園,葭川公園,12,,35.60918,140.12007,1,1,千葉モノレール,1号線,004187,mlit
844,薬園台,薬園台,12,,35.70943,140.03708,1,1,新京成,新京成線,003535,mlit
1138,蘇我,蘇我,12,,35.58113,140.13124,3,1,JR東日本,京葉線、内房線、外房線,004281,mlit
1148,行川アイランド,行川アイランド,12,,35.11821,140.22531,1,1,JR東日本,外房線,005634,mlit
171,行徳,行徳,12,,35.68194,139.91336,1,1,東京メトロ,5号線東西線,003755,mlit
1376,袖ヶ浦,袖ヶ浦,12,,35.43228,139.95826,1,1,JR東日本,内房線,004730,mlit
1281,西千葉,西千葉,12,,35.6219,140.10398,1,1,JR東日本,総武線,004124,mlit
539,西大原,西大原,12,,35.26051,140.37839,1,1,いすみ,いすみ線,005204,mlit
982,西海鹿島,西海鹿島,12,,35.72482,140.86048,1,1,銚子電鉄,銚子電気鉄道線,003439,mlit
536,西畑,西畑,12,,35.25064,140.21555,1,1,いすみ,いすみ線,005233,mlit
628,西登戸,西登戸,12,,35.61804,140.10258,1,1,京成,千葉線,004145,mlit
1542,西白井,西白井,12,,35.78442,140.0309,1,1,北総,北総線,003137,mlit
168,西船橋,西船橋,12,,35.706952,139.959196,5,3,JR東日本、東京メトロ、東葉高速,5号線東西線、京葉線、東葉高速線、武蔵野線、総武線,003547,mlit
983,観音,観音,12,,35.72897,140.84027,1,1,銚子電鉄,銚子電気鉄道線,003402,mlit
1156,誉田,誉田,12,,35.54727,140.21288,1,1,JR東日本,外房線,004375,mlit
643,谷津,谷津,12,,35.68566,140.00695,1,1,京成,本線,003731,mlit
1488,豊四季,豊四季,12,,35.86629,139.93988,1,1,東武,野田線,002978,mlit
1482,逆井,逆井,12,,35.82291,139.98412,1,1,東武,野田線,003048,mlit
1491,運河,運河,12,,35.91379,139.90615,1,1,東武,野田線,002892,mlit
1384,那古船形,那古船形,12,,35.03,139.85077,1,1,JR東日本,内房線,005880,mlit
911,都賀,都賀,12,,35.63632,140.14977,2,2,JR東日本、千葉モノレール,2号線、総武線,004057,mlit
1224,酒々井,酒々井,12,,35.73119,140.27495,1,1,JR東日本,成田線,003374,mlit
815,里見,里見,12,,35.33694,140.14546,1,1,小湊,小湊鐵道線,005002,mlit
1498,野田市,野田市,12,,35.94319,139.87152,1,1,東武,野田線,002841,mlit
976,銚子,銚子,12,,35.72915,140.82883,2,2,JR東日本、銚子電鉄,総武線、銚子電気鉄道線,003397,mlit
1481,鎌ヶ谷,鎌ヶ谷,12,,35.76412,139.99738,1,1,東武,野田線,003211,mlit
839,鎌ヶ谷大仏,鎌ヶ谷大仏,12,,35.75754,140.0147,1,1,新京成,新京成線,003227,mlit
1145,鎌取,鎌取,12,,35.56307,140.17825,1,1,JR東日本,外房線,004327,mlit
1392,長浦,長浦,12,,35.4508,139.99642,1,1,JR東日本,内房線,004677,mlit
1150,長者町,長者町,12,,35.29558,140.38519,1,1,JR東日本,外房線,005126,mlit
1386,青堀,青堀,12,,35.33105,139.85967,1,1,JR東日本,内房線,005026,mlit
1293,飯倉,飯倉,12,,35.68561,140.52241,1,1,JR東日本,総武線,003732,mlit
1508,飯山満,飯山満,12,,35.71445,140.02334,1,1,東葉高速,東葉高速線,003501,mlit
1284,飯岡,飯岡,12,,35.72969,140.6846,1,1,JR東日本,総武線,003396,mlit
825,飯給,飯給,12,,35.32018,140.14257,1,1,小湊,小湊鐵道線,005050,mlit
819,養老渓谷,養老渓谷,12,,35.2662,140.15975,1,1,小湊,小湊鐵道線,005187,mlit
1380,館山,館山,12,,34.995,139.86195,1,1,JR東日本,内房線,006028,mlit
1208,香取,香取,12,,35.89795,140.5337,2,1,JR東日本,成田線、鹿島線,002923,mlit
1173,馬来田,馬来田,12,,35.36649,140.05845,1,1,JR東日本,久留里線,004926,mlit
935,馬橋,馬橋,12,,35.8116,139.91710999999998,2,2,JR東日本、流鉄,常磐線、流山線,003064,mlit
820,馬立,馬立,12,,35.42348,140.1149,1,1,小湊,小湊鐵道線,004757,mlit
1479,馬込沢,馬込沢,12,,35.74132,139.99218,1,1,東武,野田線,003307,mlit
1484,高柳,高柳,12,,35.80864,139.99898,1,1,東武,野田線,003070,mlit
838,高根公団,高根公団,12,,35.73084,140.02886,1,1,新京成,新京成線,003388,mlit
846,高根木戸,高根木戸,12,,35.72697,140.03438,1,1,新京成,新京成線,003425,mlit
829,高滝,高滝,12,,35.35335,140.15051,1,1,小湊,小湊鐵道線,004963,mlit
651,鬼越,鬼越,12,,35.71955,139.9383,1,1,京成,本線,003472,mlit
934,鰭ヶ崎,鰭ヶ崎,12,,35.84073,139.91138,1,1,流鉄,流山線,003019,mlit
1144,鵜原,鵜原,12,,35.14152,140.27946,1,1,JR東日本,外房線,005559,mlit
516,お台場海浜公園,お台場海浜公園,13,,35.62961,139.77818,1,1,ゆりかもめ,東京臨海新交通臨海線,004091,mlit
428,お花茶屋,お花茶屋,13,,35.74768,139.83944,1,1,京成,本線,003274,mlit
392,すずかけ台,すずかけ台,13,,35.51649,139.4813,1,1,東急,田園都市線,004466,mlit
391,つくし野,つくし野,13,,35.52621,139.48472,1,1,東急,田園都市線,004441,mlit
340,つつじヶ丘,つつじヶ丘,13,,35.65762,139.57434,1,1,京王,京王線,003933,mlit
254,とうきょうスカイツリー,とうきょうスカイツリー,13,,35.71027,139.80863,1,1,東武,伊勢崎線,003524,mlit
122,ときわ台,ときわ台,13,,35.75865,139.68964,1,1,東武,東上本線,003223,mlit
514,ひばりヶ丘,ひばりヶ丘,13,,35.75183,139.54481,1,1,西武,池袋線,003242,mlit
163,めじろ台,めじろ台,13,,35.6434,139.30777,1,1,京王,高尾線,004019,mlit
518,テレコムセンター,テレコムセンター,13,,35.61791,139.78001,1,1,ゆりかもめ,東京臨海新交通臨海線,004144,mlit
997,モノレール浜松町,モノレール浜松町,13,,35.65514,139.75661,1,1,東京モノレール,東京モノレール羽田線,003946,mlit
182,一之江,一之江,13,,35.68608,139.8839,1,1,都営,10号線新宿線,003724,mlit
295,一橋学園,一橋学園,13,,35.7217,139.4801,1,1,西武,多摩湖線,003455,mlit
371,万願寺,万願寺,13,,35.67159,139.41962,1,1,多摩モノレール,多摩都市モノレール線,003829,mlit
87,三ノ輪,三ノ輪,13,,35.7299,139.79182,1,1,東京メトロ,2号線日比谷線,003399,mlit
232,三ノ輪橋,三ノ輪橋,13,,35.73209,139.79174,1,1,都営,荒川線,003370,mlit
229,三河島,三河島,13,,35.73354,139.77598,1,1,JR東日本,常磐線,003359,mlit
1091,三田,三田,13,,35.64842,139.74956,2,1,都営,1号線浅草線、6号線三田線,003986,mlit
1044,三越前,三越前,13,,35.68597,139.77261499999997,2,1,東京メトロ,11号線半蔵門線、3号線銀座線,003716,mlit
413,三軒茶屋,三軒茶屋,13,,35.6434,139.670005,2,1,東急,世田谷線、田園都市線,004016,mlit
333,三鷹,三鷹,13,,35.70268,139.55959,1,1,JR東日本,中央線,003587,mlit
10,三鷹台,三鷹台,13,,35.6922,139.58874,1,1,京王,井の頭線,003674,mlit
425,上中里,上中里,13,,35.74773,139.74475,1,1,JR東日本,東北線,003277,mlit
308,上井草,上井草,13,,35.72521,139.60369,1,1,西武,新宿線,003437,mlit
444,上北台,上北台,13,,35.74549,139.41586,1,1,多摩モノレール,多摩都市モノレール線,003283,mlit
15,上北沢,上北沢,13,,35.66897,139.62263,1,1,京王,京王線,003849,mlit
1448,上板橋,上板橋,13,,35.7633,139.67692,1,1,東武,東上本線,003212,mlit
39,上町,上町,13,,35.64338,139.64667,1,1,東急,世田谷線,004020,mlit
337,上石神井,上石神井,13,,35.72611,139.593,1,1,西武,新宿線,003427,mlit
400,上野,上野,13,,35.71306,139.77671249999997,4,2,JR東日本、東京メトロ,2号線日比谷線、3号線銀座線、東北新幹線、東北線,003505,mlit
1124,上野動物園東園,上野動物園東園,13,,35.71606,139.77002,1,1,都営,上野懸垂線,003488,mlit
1123,上野動物園西園,上野動物園西園,13,,35.71444,139.76947,1,1,都営,上野懸垂線,003497,mlit
405,上野広小路,上野広小路,13,,35.70838,139.77315,1,1,東京メトロ,3号線銀座線,003545,mlit
1105,上野御徒町,上野御徒町,13,,35.70804,139.77226,1,1,都営,12号線大江戸線,003543,mlit
458,上野毛,上野毛,13,,35.61171,139.63945,1,1,東急,大井町線,004175,mlit
379,下丸子,下丸子,13,,35.57149,139.68514,1,1,東急,東急多摩川線,004310,mlit
306,下井草,下井草,13,,35.72379,139.62538,1,1,西武,新宿線,003444,mlit
412,下北沢,下北沢,13,,35.661225,139.66692,2,2,京王、小田急,井の頭線、小田原線,003908,mlit
1452,下板橋,下板橋,13,,35.74551,139.71495,1,1,東武,東上本線,003285,mlit
446,下神明,下神明,13,,35.60884,139.72594,1,1,東急,大井町線,004188,mlit
302,下落合,下落合,13,,35.71573,139.69586,1,1,西武,新宿線,003491,mlit
290,下赤塚,下赤塚,13,,35.7703,139.64537,1,1,東武,東上本線,003184,mlit
13,下高井戸,下高井戸,13,,35.666065,139.64107,2,2,京王、東急,世田谷線、京王線,003874,mlit
467,不動前,不動前,13,,35.62522,139.71279,1,1,東急,目黒線,004114,mlit
38,世田谷,世田谷,13,,35.64353,139.65126,1,1,東急,世田谷線,004021,mlit
26,世田谷代田,世田谷代田,13,,35.65814,139.66076,1,1,小田急,小田原線,003931,mlit
93,両国,両国,13,,35.69751,139.79737,1,1,都営,12号線大江戸線,003646,mlit
1307,両国,両国,13,,35.69584,139.79221,1,1,JR東日本,総武線,003654,mlit
328,中井,中井,13,,35.714169999999996,139.686675,2,2,西武、都営,12号線大江戸線、新宿線,003495,mlit
368,中央大学・明星大学,中央大学・明星大学,13,,35.64173,139.40908,1,1,多摩モノレール,多摩都市モノレール線,004031,mlit
448,中延,中延,13,,35.60495,139.71282,2,2,東急、都営,1号線浅草線、大井町線,004215,mlit
881,中村橋,中村橋,13,,35.73677,139.63801,1,1,西武,池袋線,003345,mlit
1449,中板橋,中板橋,13,,35.75587,139.69521,1,1,東武,東上本線,003233,mlit
360,中河原,中河原,13,,35.65941,139.45694,1,1,京王,京王線,003920,mlit
445,中目黒,中目黒,13,,35.64352,139.69815,2,2,東京メトロ、東急,2号線日比谷線、東横線,004014,mlit
501,中神,中神,13,,35.70867,139.37679,1,1,JR東日本,青梅線,003536,mlit
498,中野,中野,13,,35.70579,139.66688,2,2,JR東日本、東京メトロ,5号線東西線、中央線,003568,mlit
331,中野坂上,中野坂上,13,,35.69706333333333,139.68287,3,2,東京メトロ、都営,12号線大江戸線、4号線丸ノ内線、4号線丸ノ内線分岐線,003643,mlit
276,中野富士見町,中野富士見町,13,,35.69089,139.6689,1,1,東京メトロ,4号線丸ノ内線分岐線,003688,mlit
1057,中野新橋,中野新橋,13,,35.69207,139.67448,1,1,東京メトロ,4号線丸ノ内線分岐線,003679,mlit
1085,乃木坂,乃木坂,13,,35.6673,139.72701,1,1,東京メトロ,9号線千代田線,003868,mlit
387,久が原,久が原,13,,35.57915,139.68589,1,1,東急,池上線,004292,mlit
604,久我山,久我山,13,,35.6884,139.59888,1,1,京王,井の頭線,003710,mlit
312,久米川,久米川,13,,35.74902,139.4733,1,1,西武,新宿線,003262,mlit
455,九品仏,九品仏,13,,35.60531,139.66144,1,1,東急,大井町線,004216,mlit
1062,九段下,九段下,13,,35.69612,139.75177,3,2,東京メトロ、都営,10号線新宿線、11号線半蔵門線、5号線東西線,003657,mlit
1306,亀戸,亀戸,13,,35.69751,139.82603,2,2,JR東日本、東武,亀戸線、総武線,003635,mlit
121,亀戸水神,亀戸水神,13,,35.6996,139.83325,1,1,東武,亀戸線,003610,mlit
156,亀有,亀有,13,,35.76697,139.8486,1,1,JR東日本,常磐線,003199,mlit
1252,二俣尾,二俣尾,13,,35.80369,139.21645,1,1,JR東日本,青梅線,003080,mlit
414,二子玉川,二子玉川,13,,35.61036,139.6255,2,1,東急,大井町線、田園都市線,004177,mlit
1084,二重橋前,二重橋前,13,,35.68145,139.7621,1,1,東京メトロ,9号線千代田線,003772,mlit
1006,五反田,五反田,13,,35.62551,139.72392666666664,3,3,JR東日本、東急、都営,1号線浅草線、山手線、池上線,004110,mlit
246,五反野,五反野,13,,35.76534,139.81062,1,1,東武,伊勢崎線,003200,mlit
11,井の頭公園,井の頭公園,13,,35.69755,139.58282,1,1,京王,井の頭線,003642,mlit
307,井荻,井荻,13,,35.72462,139.61658,1,1,西武,新宿線,003440,mlit
357,京急蒲田,京急蒲田,13,,35.562867,139.725157,2,1,京急,本線、空港線,004331,mlit
401,京成上野,京成上野,13,,35.71081,139.77362,1,1,京成,本線,003521,mlit
661,京成小岩,京成小岩,13,,35.74182,139.88419,1,1,京成,本線,003303,mlit
84,京成曳舟,京成曳舟,13,,35.71812,139.81963,1,1,京成,押上線,003477,mlit
429,京成立石,京成立石,13,,35.73804,139.84734,1,1,京成,押上線,003323,mlit
86,京成金町,京成金町,13,,35.76815,139.87049,1,1,京成,金町線,003195,mlit
249,京成関屋,京成関屋,13,,35.74393,139.81144,1,1,京成,本線,003290,mlit
158,京成高砂,京成高砂,13,,35.75091,139.86746,4,2,京成、北総,北総線、成田空港線、本線、金町線,003248,mlit
167,京橋,京橋,13,,35.67619,139.7698,1,1,東京メトロ,3号線銀座線,003792,mlit
73,京王よみうりランド,京王よみうりランド,13,,35.63303,139.51865,1,1,京王,相模原線,004070,mlit
222,京王八王子,京王八王子,13,,35.65849,139.34246,1,1,京王,京王線,003934,mlit
364,京王堀之内,京王堀之内,13,,35.62497,139.40131,1,1,京王,相模原線,004120,mlit
612,京王多摩センター,京王多摩センター,13,,35.62558,139.42516,1,1,京王,相模原線,004116,mlit
74,京王多摩川,京王多摩川,13,,35.64339,139.53572,1,1,京王,相模原線,004013,mlit
226,京王永山,京王永山,13,,35.62993,139.44935,1,1,京王,相模原線,004086,mlit
161,京王片倉,京王片倉,13,,35.64448,139.33653,1,1,京王,高尾線,004009,mlit
1027,人形町,人形町,13,,35.68676,139.78221000000002,2,2,東京メトロ、都営,1号線浅草線、2号線日比谷線,003721,mlit
339,仙川,仙川,13,,35.66218,139.58468,1,1,京王,京王線,003903,mlit
1112,代々木,代々木,13,,35.684000000000005,139.70193333333336,3,2,JR東日本、都営,12号線大江戸線、中央線、山手線,003743,mlit
24,代々木上原,代々木上原,13,,35.66849,139.67877,2,2,小田急、東京メトロ,9号線千代田線、小田原線,003847,mlit
23,代々木八幡,代々木八幡,13,,35.66945,139.68843,1,1,小田急,小田原線,003837,mlit
34,代々木公園,代々木公園,13,,35.66926,139.68868,1,1,東京メトロ,9号線千代田線,003845,mlit
459,代官山,代官山,13,,35.64805,139.70316,1,1,東急,東横線,003985,mlit
12,代田橋,代田橋,13,,35.67131,139.66005,1,1,京王,京王線,003830,mlit
89,仲御徒町,仲御徒町,13,,35.7074,139.77626,1,1,東京メトロ,2号線日比谷線,003560,mlit
165,住吉,住吉,13,,35.68845,139.81621,2,2,東京メトロ、都営,10号線新宿線、11号線半蔵門線,003704,mlit
318,保谷,保谷,13,,35.74814,139.56712,1,1,西武,池袋線,003271,mlit
1308,信濃町,信濃町,13,,35.67987,139.72241,1,1,JR東日本,中央線,003774,mlit
343,光が丘,光が丘,13,,35.75848,139.62997,1,1,都営,12号線大江戸線,003225,mlit
88,入谷,入谷,13,,35.72131,139.78504,1,1,東京メトロ,2号線日比谷線,003469,mlit
1031,八丁堀,八丁堀,13,,35.67534,139.7783,2,2,JR東日本、東京メトロ,2号線日比谷線、京葉線,003797,mlit
297,八坂,八坂,13,,35.74459,139.46844,1,1,西武,多摩湖線,003287,mlit
16,八幡山,八幡山,13,,35.66999,139.61506,1,1,京王,京王線,003836,mlit
85,八広,八広,13,,35.72774,139.82889,1,1,京成,押上線,003422,mlit
221,八王子,八王子,13,,35.65524333333334,139.33986333333334,3,1,JR東日本,中央線、八高線、横浜線,003947,mlit
218,八王子みなみ野,八王子みなみ野,13,,35.63201,139.33131,1,1,JR東日本,横浜線,004082,mlit
1029,六本木,六本木,13,,35.663415,139.730505,2,2,東京メトロ、都営,12号線大江戸線、2号線日比谷線,003892,mlit
1071,六本木一丁目,六本木一丁目,13,,35.66579,139.73902,1,1,東京メトロ,7号線南北線,003884,mlit
155,六町,六町,13,,35.78394,139.82171,1,1,つくばEX,常磐新線,003133,mlit
359,六郷土手,六郷土手,13,,35.54081,139.70781,1,1,京急,本線,004399,mlit
1099,内幸町,内幸町,13,,35.66983,139.75567,1,1,都営,6号線三田線,003842,mlit
78,分倍河原,分倍河原,13,,35.66795,139.46882,2,2,JR東日本、京王,京王線、南武線,003853,mlit
272,初台,初台,13,,35.6817,139.68862,1,1,京王,京王線,003764,mlit
193,勝どき,勝どき,13,,35.65938,139.77778,1,1,都営,12号線大江戸線,003927,mlit
203,北八王子,北八王子,13,,35.66959,139.36361,1,1,JR東日本,八高線,003841,mlit
426,北千住,北千住,13,,35.748832,139.80485200000004,5,4,JR東日本、つくばEX、東京メトロ、東武,2号線日比谷線、9号線千代田線、伊勢崎線、常磐新線、常磐線,003260,mlit
451,北千束,北千束,13,,35.60615,139.69366,1,1,東急,大井町線,004212,mlit
1546,北参道,北参道,13,,35.67947,139.70473,1,1,東京メトロ,13号線副都心線,003780,mlit
348,北品川,北品川,13,,35.62205,139.73941,1,1,京急,本線,004125,mlit
477,北府中,北府中,13,,35.68023,139.47201,1,1,JR東日本,武蔵野線,003771,mlit
1447,北池袋,北池袋,13,,35.74104,139.71676,1,1,東武,東上本線,003315,mlit
154,北綾瀬,北綾瀬,13,,35.77725,139.83211,1,1,東京メトロ,9号線千代田線,003162,mlit
80,北赤羽,北赤羽,13,,35.78648,139.70667,1,1,JR東日本,東北線,003130,mlit
160,北野,北野,13,,35.64495,139.35308,2,1,京王,京王線、高尾線,004007,mlit
147,十条,十条,13,,35.75961,139.72225,1,1,JR東日本,赤羽線,003218,mlit
234,千住大橋,千住大橋,13,,35.74255,139.79661,1,1,京成,本線,003301,mlit
282,千川,千川,13,,35.73884,139.68851,2,1,東京メトロ,13号線副都心線、8号線有楽町線,003324,mlit
338,千歳烏山,千歳烏山,13,,35.66751,139.59948,1,1,京王,京王線,003861,mlit
29,千歳船橋,千歳船橋,13,,35.64791,139.62533,1,1,小田急,小田原線,003988,mlit
1095,千石,千石,13,,35.72845,139.74409,1,1,都営,6号線三田線,003415,mlit
1309,千駄ヶ谷,千駄ヶ谷,13,,35.68101,139.71279,1,1,JR東日本,中央線,003767,mlit
1081,千駄木,千駄木,13,,35.7266,139.76356,1,1,東京メトロ,9号線千代田線,003434,mlit
388,千鳥町,千鳥町,13,,35.57275,139.6917,1,1,東急,池上線,004305,mlit
1089,半蔵門,半蔵門,13,,35.68445,139.74158,1,1,東京メトロ,11号線半蔵門線,003729,mlit
233,南千住,南千住,13,,35.73295666666667,139.79897666666668,3,3,JR東日本、つくばEX、東京メトロ,2号線日比谷線、常磐新線、常磐線,003363,mlit
47,南多摩,南多摩,13,,35.64918,139.4891,1,1,JR東日本,南武線,003980,mlit
224,南大沢,南大沢,13,,35.61458,139.38091,1,1,京王,相模原線,004163,mlit
362,南平,南平,13,,35.65555,139.39302,1,1,京王,京王線,003952,mlit
21,南新宿,南新宿,13,,35.68316,139.69817,1,1,小田急,小田原線,003750,mlit
70,南町田グランベリーパーク,南町田グランベリーパーク,13,,35.51144,139.46939,1,1,東急,田園都市線,004484,mlit
174,南砂町,南砂町,13,,35.66881,139.83048,1,1,東京メトロ,5号線東西線,003854,mlit
492,南阿佐ケ谷,南阿佐ヶ谷,13,,35.69918,139.63624,1,1,東京メトロ,4号線丸ノ内線,003619,mlit
135,原宿,原宿,13,,35.67042,139.70251,1,1,JR東日本,山手線,003828,mlit
22,参宮橋,参宮橋,13,,35.67813,139.69329,1,1,小田急,小田原線,003778,mlit
1243,古里,古里,13,,35.81635,139.15172,1,1,JR東日本,青梅線,003053,mlit
519,台場,台場,13,,35.62568,139.77103,1,1,ゆりかもめ,東京臨海新交通臨海線,004112,mlit
334,吉祥寺,吉祥寺,13,,35.70258,139.579535,2,2,JR東日本、京王,中央線、井の頭線,003584,mlit
1118,向原,向原,13,,35.7286,139.72463,1,1,都営,荒川線,003407,mlit
33,和泉多摩川,和泉多摩川,13,,35.6268,139.57331,1,1,小田急,小田原線,004105,mlit
687,品川,品川,13,,35.62804250000001,139.7389825,4,3,JR東日本、JR東海、京急,山手線、本線、東海道新幹線、東海道線,004095,mlit
1129,品川シーサイド,品川シーサイド,13,,35.61068,139.74996,1,1,東京臨海高速鉄道,りんかい線,004182,mlit
372,唐木田,唐木田,13,,35.61732,139.41218,1,1,小田急,多摩線,004154,mlit
31,喜多見,喜多見,13,,35.63613,139.58554,1,1,小田急,小田原線,004053,mlit
431,四ツ木,四ツ木,13,,35.73126,139.83398,1,1,京成,押上線,003376,mlit
1053,四ツ谷,四ツ谷,13,,35.68566333333333,139.73031666666665,3,2,JR東日本、東京メトロ,4号線丸ノ内線、7号線南北線、中央線,003728,mlit
1052,四谷三丁目,四谷三丁目,13,,35.68793,139.72037,1,1,東京メトロ,4号線丸ノ内線,003713,mlit
1050,国会議事堂前,国会議事堂前,13,,35.674075,139.74456500000002,2,1,東京メトロ,4号線丸ノ内線、9号線千代田線,003799,mlit
65,国分寺,国分寺,13,,35.700403333333334,139.48137333333332,3,2,JR東日本、西武,中央線、国分寺線、多摩湖線,003606,mlit
508,国立,国立,13,,35.69923,139.44773,1,1,JR東日本,中央線,003622,mlit
1111,国立競技場,国立競技場,13,,35.67963,139.71583,1,1,都営,12号線大江戸線,003775,mlit
1128,国際展示場,国際展示場,13,,35.63406,139.79104,1,1,東京臨海高速鉄道,りんかい線,004065,mlit
18,国領,国領,13,,35.64992,139.55779,1,1,京王,京王線,003973,mlit
278,地下鉄成増,地下鉄成増,13,,35.776,139.63258,1,1,東京メトロ,8号線有楽町線,003163,mlit
279,地下鉄赤塚,地下鉄赤塚,13,,35.76909,139.64552,1,1,東京メトロ,8号線有楽町線,003186,mlit
250,堀切,堀切,13,,35.74308,139.81761,1,1,東武,伊勢崎線,003297,mlit
427,堀切菖蒲園,堀切菖蒲園,13,,35.74765,139.82706,1,1,京成,本線,003273,mlit
1038,外苑前,外苑前,13,,35.67016,139.71725,1,1,東京メトロ,3号線銀座線,003834,mlit
225,多摩センター,多摩センター,13,,35.62352,139.42267,1,1,多摩モノレール,多摩都市モノレール線,004121,mlit
369,多摩動物公園,多摩動物公園,13,,35.64861,139.40416,2,2,京王、多摩モノレール,動物園線、多摩都市モノレール線,003977,mlit
365,多摩境,多摩境,13,,35.60234,139.36735,1,1,京王,相模原線,004234,mlit
376,多摩川,多摩川,13,,35.59037,139.6685,2,1,東急,東急多摩川線、東横線,004261,mlit
299,多摩湖,多摩湖,13,,35.76511,139.44288,2,1,西武,多摩湖線、山口線,003201,mlit
478,多磨,多磨,13,,35.67731,139.51738,1,1,西武,多摩川線,003790,mlit
608,多磨霊園,多磨霊園,13,,35.6667,139.50117,1,1,京王,京王線,003871,mlit
286,大久保,大久保,13,,35.69978,139.69801,1,1,JR東日本,中央線,003604,mlit
416,大井町,大井町,13,,35.607033333333334,139.73429333333334,3,3,JR東日本、東京臨海高速鉄道、東急,りんかい線、大井町線、東海道線,004197,mlit
996,大井競馬場前,大井競馬場前,13,,35.59451,139.74716,1,1,東京モノレール,東京モノレール羽田線,004251,mlit
1207,大塚,大塚,13,,35.73154,139.72893,1,1,JR東日本,山手線,003375,mlit
367,大塚・帝京大学,大塚・帝京大学,13,,35.63666,139.41676,1,1,多摩モノレール,多摩都市モノレール線,004051,mlit
1119,大塚駅前,大塚駅前,13,,35.73145,139.7294,1,1,都営,荒川線,003378,mlit
1446,大山,大山,13,,35.7487,139.70225,1,1,東武,東上本線,003269,mlit
452,大岡山,大岡山,13,,35.607115,139.684755,2,1,東急,大井町線、目黒線,004200,mlit
185,大島,大島,13,,35.68985,139.83522,1,1,都営,10号線新宿線,003698,mlit
1126,大崎,大崎,13,,35.619765,139.72815500000002,2,2,JR東日本、東京臨海高速鉄道,りんかい線、山手線,004135,mlit
464,大崎広小路,大崎広小路,13,,35.62202,139.72206,1,1,東急,池上線,004127,mlit
1445,大師前,大師前,13,,35.77904,139.78205,1,1,東武,大師線,003150,mlit
1054,大手町,大手町,13,,35.685726,139.76414800000003,5,2,東京メトロ、都営,11号線半蔵門線、4号線丸ノ内線、5号線東西線、6号線三田線、9号線千代田線,003719,mlit
415,大森,大森,13,,35.58823,139.7277,1,1,JR東日本,東海道線,004264,mlit
353,大森海岸,大森海岸,13,,35.58705,139.73524,1,1,京急,本線,004268,mlit
355,大森町,大森町,13,,35.57279,139.73219,1,1,京急,本線,004307,mlit
341,大泉学園,大泉学園,13,,35.74965,139.58598,1,1,西武,池袋線,003263,mlit
1092,大門,大門,13,,35.65706,139.754875,2,1,都営,12号線大江戸線、1号線浅草線,003939,mlit
674,大鳥居,大鳥居,13,,35.55209,139.74105,1,1,京急,空港線,004356,mlit
995,天王洲アイル,天王洲アイル,13,,35.622495,139.7508,2,2,東京モノレール、東京臨海高速鉄道,りんかい線、東京モノレール羽田線,004123,mlit
675,天空橋,天空橋,13,,35.54808,139.7544,2,2,京急、東京モノレール,東京モノレール羽田線、空港線,004373,mlit
1246,奥多摩,奥多摩,13,,35.80968,139.09674,1,1,JR東日本,青梅線,003069,mlit
471,奥沢,奥沢,13,,35.60383,139.67197,1,1,東急,目黒線,004223,mlit
1116,学習院下,学習院下,13,,35.71554,139.71221,1,1,都営,荒川線,003490,mlit
461,学芸大学,学芸大学,13,,35.62816,139.68487,1,1,東急,東横線,004094,mlit
196,宝町,宝町,13,,35.67617,139.77242,1,1,都営,1号線浅草線,003796,mlit
40,宮の坂,宮の坂,13,,35.64719,139.64481,1,1,東急,世田谷線,003989,mlit
258,宮ノ前,宮ノ前,13,,35.74991,139.76564,1,1,都営,荒川線,003259,mlit
1253,宮ノ平,宮ノ平,13,,35.78782,139.23776,1,1,JR東日本,青梅線,003127,mlit
9,富士見ヶ丘,富士見ヶ丘,13,,35.68504,139.60658,1,1,京王,井の頭線,003736,mlit
317,富士見台,富士見台,13,,35.73593,139.63063,1,1,西武,池袋線,003349,mlit
1030,小伝馬町,小伝馬町,13,,35.69112,139.77817,1,1,東京メトロ,2号線日比谷線,003692,mlit
115,小作,小作,13,,35.77577,139.30263,1,1,JR東日本,青梅線,003168,mlit
257,小台,小台,13,,35.75048,139.762,1,1,都営,荒川線,003255,mlit
204,小宮,小宮,13,,35.68546,139.36883,1,1,JR東日本,八高線,003726,mlit
111,小岩,小岩,13,,35.73384,139.88259,1,1,JR東日本,総武線,003360,mlit
294,小川,小川,13,,35.73699,139.4634,2,1,西武,国分寺線、拝島線,003333,mlit
129,小川町,小川町,13,,35.69561,139.76788,1,1,都営,10号線新宿線,003659,mlit
510,小平,小平,13,,35.73648,139.48944,2,1,西武,拝島線、新宿線,003340,mlit
119,小村井,小村井,13,,35.7102,139.82795,1,1,東武,亀戸線,003525,mlit
811,小田急多摩センター,小田急多摩センター,13,,35.62527,139.42533,1,1,小田急,多摩線,004118,mlit
812,小田急永山,小田急永山,13,,35.62959,139.44916,1,1,小田急,多摩線,004090,mlit
320,小竹向原,小竹向原,13,,35.74388,139.6785,3,2,東京メトロ、西武,13号線副都心線、8号線有楽町線、西武有楽町線,003294,mlit
247,小菅,小菅,13,,35.75814,139.8122,1,1,東武,伊勢崎線,003224,mlit
263,尾久,尾久,13,,35.74732,139.75265,1,1,JR東日本,東北線,003278,mlit
456,尾山台,尾山台,13,,35.60678,139.65482,1,1,東急,大井町線,004205,mlit
41,山下,山下,13,,35.65385,139.64647,1,1,東急,世田谷線,003957,mlit
162,山田,山田,13,,35.64438,139.32036,1,1,京王,高尾線,004010,mlit
189,岩本町,岩本町,13,,35.69553,139.77626,1,1,都営,10号線新宿線,003655,mlit
1248,川井,川井,13,,35.81374,139.16468,1,1,JR東日本,青梅線,003062,mlit
1097,巣鴨,巣鴨,13,,35.734224999999995,139.73943,2,2,JR東日本、都営,6号線三田線、山手線,003354,mlit
1120,巣鴨新田,巣鴨新田,13,,35.73496,139.72804,1,1,都営,荒川線,003351,mlit
1070,市ヶ谷,市ヶ谷,13,,35.6927675,139.737375,4,3,JR東日本、東京メトロ、都営,10号線新宿線、7号線南北線、8号線有楽町線、中央線,003671,mlit
528,市場前,市場前,13,,35.64548,139.7853,1,1,ゆりかもめ,東京臨海新交通臨海線,004001,mlit
19,布田,布田,13,,35.64993,139.55108,1,1,京王,京王線,003975,mlit
273,幡ヶ谷,幡ヶ谷,13,,35.6769,139.67821,1,1,京王,京王線,003791,mlit
109,平井,平井,13,,35.70595,139.84158,1,1,JR東日本,総武線,003561,mlit
1076,平和台,平和台,13,,35.75697,139.65526,1,1,東京メトロ,8号線有楽町線,003228,mlit
354,平和島,平和島,13,,35.5795,139.73519,1,1,京急,本線,004294,mlit
363,平山城址公園,平山城址公園,13,,35.64794,139.38057,1,1,京王,京王線,003990,mlit
1024,広尾,広尾,13,,35.6506,139.72226,1,1,東京メトロ,2号線日比谷線,003969,mlit
100,庚申塚,庚申塚,13,,35.73892,139.72947,1,1,都営,荒川線,003319,mlit
77,府中,府中,13,,35.67204,139.48079,1,1,京王,京王線,003821,mlit
472,府中本町,府中本町,13,,35.66584,139.4771,2,1,JR東日本,南武線、武蔵野線,003876,mlit
20,府中競馬正門前,府中競馬正門前,13,,35.66833,139.48584,1,1,京王,競馬場線,003856,mlit
1045,後楽園,後楽園,13,,35.70831,139.75172,2,1,東京メトロ,4号線丸ノ内線、7号線南北線,003542,mlit
720,御岳山,御岳山,13,,35.78977,139.15399,1,1,御岳登山,ケーブルカー,003114,mlit
1249,御嶽,御嶽,13,,35.80145,139.18328,1,1,JR東日本,青梅線,003087,mlit
386,御嶽山,御嶽山,13,,35.58491,139.68255,1,1,東急,池上線,004273,mlit
402,御徒町,御徒町,13,,35.70632,139.77457,1,1,JR東日本,東北線,003555,mlit
1101,御成門,御成門,13,,35.66169,139.75183,1,1,都営,6号線三田線,003911,mlit
1046,御茶ノ水,御茶ノ水,13,,35.70019666666667,139.76366333333337,3,2,JR東日本、東京メトロ,4号線丸ノ内線、中央線、総武線,003615,mlit
137,志村三丁目,志村三丁目,13,,35.77767,139.68673,1,1,都営,6号線三田線,003158,mlit
138,志村坂上,志村坂上,13,,35.77578,139.6953,1,1,都営,6号線三田線,003165,mlit
150,志茂,志茂,13,,35.77728,139.73303,1,1,東京メトロ,7号線南北線,003153,mlit
292,恋ヶ窪,恋ヶ窪,13,,35.71096,139.4642,1,1,西武,国分寺線,003520,mlit
1034,恵比寿,恵比寿,13,,35.646195,139.70931000000002,2,2,JR東日本、東京メトロ,2号線日比谷線、山手線,003991,mlit
406,成城学園前,成城学園前,13,,35.63981,139.59796,1,1,小田急,小田原線,004036,mlit
291,成増,成増,13,,35.77702,139.63376,1,1,東武,東上本線,003156,mlit
394,成瀬,成瀬,13,,35.53584,139.47217,1,1,JR東日本,横浜線,004414,mlit
373,戸越,戸越,13,,35.61374,139.71611,1,1,都営,1号線浅草線,004161,mlit
447,戸越公園,戸越公園,13,,35.60885,139.71798,1,1,東急,大井町線,004186,mlit
382,戸越銀座,戸越銀座,13,,35.61569,139.71485,1,1,東急,池上線,004155,mlit
271,扇大橋,扇大橋,13,,35.76375,139.77086,1,1,都営,日暮里・舎人ライナー,003209,mlit
83,押上,押上,13,,35.7082,139.812865,4,4,京成、東京メトロ、東武、都営,11号線半蔵門線、1号線浅草線、伊勢崎線、押上線,003526,mlit
227,拝島,拝島,13,,35.721475,139.343515,4,2,JR東日本、西武,五日市線、八高線、拝島線、青梅線,003462,mlit
999,整備場,整備場,13,,35.55466,139.75336,1,1,東京モノレール,東京モノレール羽田線,004348,mlit
266,新三河島,新三河島,13,,35.73693,139.77348,1,1,京成,本線,003339,mlit
497,新中野,新中野,13,,35.6975,139.67029,1,1,東京メトロ,4号線丸ノ内線,003638,mlit
303,新井薬師前,新井薬師前,13,,35.71555,139.67342,1,1,西武,新宿線,003489,mlit
3,新代田,新代田,13,,35.66258,139.66089,1,1,京王,井の頭線,003901,mlit
325,新大久保,新大久保,13,,35.70175,139.70032,1,1,JR東日本,山手線,003601,mlit
1049,新大塚,新大塚,13,,35.72652,139.7288,1,1,東京メトロ,4号線丸ノ内線,003431,mlit
322,新宿,新宿,13,,35.69022285714286,139.6999442857143,7,5,JR東日本、京王、小田急、東京メトロ、都営,10号線新宿線、12号線大江戸線、4号線丸ノ内線、中央線、京王線、小田原線、山手線,003700,mlit
1055,新宿三丁目,新宿三丁目,13,,35.69197,139.70637,3,2,東京メトロ、都営,10号線新宿線、13号線副都心線、4号線丸ノ内線,003689,mlit
1056,新宿御苑前,新宿御苑前,13,,35.68834,139.71185,1,1,東京メトロ,4号線丸ノ内線,003707,mlit
283,新宿西口,新宿西口,13,,35.69382,139.69901,1,1,都営,12号線大江戸線,003669,mlit
177,新富町,新富町,13,,35.67016,139.77451,1,1,東京メトロ,8号線有楽町線,003833,mlit
110,新小岩,新小岩,13,,35.71587,139.85625,1,1,JR東日本,総武線,003486,mlit
287,新小平,新小平,13,,35.73145,139.47071,1,1,JR東日本,武蔵野線,003385,mlit
48,新小金井,新小金井,13,,35.69623,139.52711,1,1,西武,多摩川線,003653,mlit
99,新庚申塚,新庚申塚,13,,35.74092,139.73024,1,1,都営,荒川線,003310,mlit
125,新御徒町,新御徒町,13,,35.706954999999994,139.78195,2,2,つくばEX、都営,12号線大江戸線、常磐新線,003556,mlit
1082,新御茶ノ水,新御茶ノ水,13,,35.69759,139.76576,1,1,東京メトロ,9号線千代田線,003645,mlit
1003,新整備場,新整備場,13,,35.54348,139.78714,1,1,東京モノレール,東京モノレール羽田線,004393,mlit
220,新日本橋,新日本橋,13,,35.68873,139.7733,1,1,JR東日本,総武線,003703,mlit
200,新木場,新木場,13,,35.64582,139.82634999999996,3,3,JR東日本、東京メトロ、東京臨海高速鉄道,8号線有楽町線、りんかい線、京葉線,003997,mlit
418,新板橋,新板橋,13,,35.74893,139.71848,1,1,都営,6号線三田線,003268,mlit
1544,新柴又,新柴又,13,,35.75173,139.88053,1,1,北総,北総線,003244,mlit
321,新桜台,新桜台,13,,35.74167,139.66964,1,1,西武,西武有楽町線,003311,mlit
522,新橋,新橋,13,,35.6658525,139.7592075,4,4,JR東日本、ゆりかもめ、東京メトロ、都営,1号線浅草線、3号線銀座線、東京臨海新交通臨海線、東海道線,003872,mlit
330,新江古田,新江古田,13,,35.73221,139.67133,1,1,都営,12号線大江戸線,003367,mlit
288,新秋津,新秋津,13,,35.77809,139.49358,1,1,JR東日本,武蔵野線,003152,mlit
527,新豊洲,新豊洲,13,,35.64853,139.78985,1,1,ゆりかもめ,東京臨海新交通臨海線,003981,mlit
349,新馬場,新馬場,13,,35.61586,139.74166,1,1,京急,本線,004153,mlit
495,新高円寺,新高円寺,13,,35.69788,139.64926,1,1,東京メトロ,4号線丸ノ内線,003632,mlit
142,新高島平,新高島平,13,,35.79004,139.65529,1,1,都営,6号線三田線,003112,mlit
277,方南町,方南町,13,,35.68367,139.65867,1,1,東京メトロ,4号線丸ノ内線分岐線,003751,mlit
450,旗の台,旗の台,13,,35.6049,139.70282500000002,2,1,東急,大井町線、池上線,004219,mlit
525,日の出,日の出,13,,35.64961,139.75932,1,1,ゆりかもめ,東京臨海新交通臨海線,003979,mlit
1250,日向和田,日向和田,13,,35.78833,139.22975,1,1,JR東日本,青梅線,003121,mlit
228,日暮里,日暮里,13,,35.727675,139.7717325,4,3,JR東日本、京成、都営,常磐線、日暮里・舎人ライナー、本線、東北線,003417,mlit
1039,日本橋,日本橋,13,,35.68214,139.77409666666668,3,2,東京メトロ、都営,1号線浅草線、3号線銀座線、5号線東西線,003756,mlit
1033,日比谷,日比谷,13,,35.675113333333336,139.75976000000003,3,2,東京メトロ、都営,2号線日比谷線、6号線三田線、9号線千代田線,003802,mlit
505,日野,日野,13,,35.67931,139.39383,1,1,JR東日本,中央線,003779,mlit
1060,早稲田,早稲田,13,,35.70558,139.72333,1,1,東京メトロ,5号線東西線,003570,mlit
1114,早稲田,早稲田,13,,35.71181,139.71929,1,1,都営,荒川線,003514,mlit
410,明大前,明大前,13,,35.668575000000004,139.6508,2,1,京王,井の頭線、京王線,003846,mlit
136,明治神宮前,明治神宮前,13,,35.66928,139.704475,2,1,東京メトロ,13号線副都心線、9号線千代田線,003844,mlit
1096,春日,春日,13,,35.708815,139.75241499999998,2,1,都営,12号線大江戸線、6号線三田線,003529,mlit
1002,昭和島,昭和島,13,,35.57002,139.74976,1,1,東京モノレール,東京モノレール羽田線,004312,mlit
500,昭島,昭島,13,,35.7136,139.36035,1,1,JR東日本,青梅線,003507,mlit
481,是政,是政,13,,35.65616,139.48921,1,1,西武,多摩川線,003944,mlit
1104,曙橋,曙橋,13,,35.6923,139.72357,1,1,都営,10号線新宿線,003673,mlit
253,曳舟,曳舟,13,,35.71726,139.81658,2,1,東武,亀戸線、伊勢崎線,003479,mlit
192,月島,月島,13,,35.664815,139.784325,2,2,東京メトロ、都営,12号線大江戸線、8号線有楽町線,003889,mlit
520,有明,有明,13,,35.63482,139.79313,1,1,ゆりかもめ,東京臨海新交通臨海線,004064,mlit
1079,有楽町,有楽町,13,,35.675354999999996,139.76181,2,2,JR東日本、東京メトロ,8号線有楽町線、東海道線,003795,mlit
1061,木場,木場,13,,35.66938,139.80591,1,1,東京メトロ,5号線東西線,003840,mlit
1036,末広町,末広町,13,,35.70319,139.77181,1,1,東京メトロ,3号線銀座線,003586,mlit
94,本所吾妻橋,本所吾妻橋,13,,35.70854,139.80368,1,1,都営,1号線浅草線,003538,mlit
144,本蓮沼,本蓮沼,13,,35.76837,139.70253,1,1,都営,6号線三田線,003193,mlit
1047,本郷三丁目,本郷三丁目,13,,35.707409999999996,139.75965000000002,2,2,東京メトロ、都営,12号線大江戸線、4号線丸ノ内線,003546,mlit
1065,本駒込,本駒込,13,,35.72517,139.75366,1,1,東京メトロ,7号線南北線,003441,mlit
120,東あずま,東あずま,13,,35.70706,139.83177,1,1,東武,亀戸線,003548,mlit
502,東中神,東中神,13,,35.70612,139.3851,1,1,JR東日本,青梅線,003562,mlit
499,東中野,東中野,13,,35.7065,139.68461000000002,2,2,JR東日本、都営,12号線大江戸線、中央線,003549,mlit
513,東久留米,東久留米,13,,35.75994,139.53424,1,1,西武,池袋線,003217,mlit
994,東京,東京,13,,35.682475000000004,139.76683166666666,6,3,JR東日本、JR東海、東京メトロ,4号線丸ノ内線、東北新幹線、東北線、東海道新幹線、東海道線、総武線,003766,mlit
1183,東京,東京,13,,35.67791,139.76414,1,1,JR東日本,京葉線,003785,mlit
1125,東京テレポート,東京テレポート,13,,35.62728,139.77844,1,1,東京臨海高速鉄道,りんかい線,004108,mlit
521,東京ビッグサイト,東京ビッグサイト,13,,35.63059,139.792,1,1,ゆりかもめ,東京臨海新交通臨海線,004087,mlit
517,東京国際クルーズターミナル,東京国際クルーズターミナル,13,,35.621088,139.773325,1,1,ゆりかもめ,東京臨海新交通臨海線,004128,mlit
310,東伏見,東伏見,13,,35.72868,139.56435,1,1,西武,新宿線,003408,mlit
25,東北沢,東北沢,13,,35.66508,139.67254,1,1,小田急,小田原線,003880,mlit
148,東十条,東十条,13,,35.76284,139.72748,1,1,JR東日本,東北線,003210,mlit
252,東向島,東向島,13,,35.72388,139.81926,1,1,東武,伊勢崎線,003442,mlit
1067,東大前,東大前,13,,35.71893,139.7574,1,1,東京メトロ,7号線南北線,003481,mlit
301,東大和市,東大和市,13,,35.73323,139.43496,1,1,西武,拝島線,003365,mlit
184,東大島,東大島,13,,35.68926,139.84892,1,1,都営,10号線新宿線,003695,mlit
67,東小金井,東小金井,13,,35.70152,139.52247,1,1,JR東日本,中央線,003594,mlit
260,東尾久三丁目,東尾久三丁目,13,,35.74549,139.77405,1,1,都営,荒川線,003284,mlit
76,東府中,東府中,13,,35.66854,139.49602,2,1,京王,京王線、競馬場線,003850,mlit
1106,東新宿,東新宿,13,,35.69983,139.708375,2,2,東京メトロ、都営,12号線大江戸線、13号線副都心線,003612,mlit
97,東日本橋,東日本橋,13,,35.69304,139.78497,1,1,都営,1号線浅草線,003676,mlit
509,東村山,東村山,13,,35.75903,139.46581,3,1,西武,国分寺線、新宿線、西武園線,003220,mlit
4,東松原,東松原,13,,35.66258,139.65623,1,1,京王,井の頭線,003899,mlit
289,東武練馬,東武練馬,13,,35.76855,139.66343,1,1,東武,東上本線,003194,mlit
1074,東池袋,東池袋,13,,35.72659,139.71787,1,1,東京メトロ,8号線有楽町線,003432,mlit
1117,東池袋四丁目,東池袋四丁目,13,,35.7254,139.7205,1,1,都営,荒川線,003436,mlit
107,東福生,東福生,13,,35.74537,139.33584,1,1,JR東日本,八高線,003282,mlit
102,東秋留,東秋留,13,,35.72594,139.3124,1,1,JR東日本,五日市線,003433,mlit
1025,東銀座,東銀座,13,,35.66939,139.76668,2,2,東京メトロ、都営,1号線浅草線、2号線日比谷線,003838,mlit
314,東長崎,東長崎,13,,35.72947,139.68383,1,1,西武,池袋線,003393,mlit
1064,東陽町,東陽町,13,,35.66966,139.81892,1,1,東京メトロ,5号線東西線,003839,mlit
1127,東雲,東雲,13,,35.64117,139.80533,1,1,東京臨海高速鉄道,りんかい線,004034,mlit
117,東青梅,東青梅,13,,35.78951,139.27344,1,1,JR東日本,青梅線,003113,mlit
496,東高円寺,東高円寺,13,,35.69787,139.659,1,1,東京メトロ,4号線丸ノ内線,003628,mlit
366,松が谷,松が谷,13,,35.63147,139.42215,1,1,多摩モノレール,多摩都市モノレール線,004077,mlit
42,松原,松原,13,,35.65984,139.6419,1,1,東急,世田谷線,003915,mlit
37,松陰神社前,松陰神社前,13,,35.64395,139.65535,1,1,東急,世田谷線,004017,mlit
113,板橋,板橋,13,,35.74418,139.71865,1,1,JR東日本,赤羽線,003286,mlit
146,板橋区役所前,板橋区役所前,13,,35.75179,139.70946,1,1,都営,6号線三田線,003245,mlit
145,板橋本町,板橋本町,13,,35.76072,139.70575,1,1,都営,6号線三田線,003216,mlit
615,柴又,柴又,13,,35.75606,139.87503,1,1,京成,金町線,003232,mlit
17,柴崎,柴崎,13,,35.65365,139.56589,1,1,京王,京王線,003959,mlit
436,柴崎体育館,柴崎体育館,13,,35.69006,139.4094,1,1,多摩モノレール,多摩都市モノレール線,003697,mlit
1113,栄町,栄町,13,,35.75082,139.74193,1,1,都営,荒川線,003253,mlit
1083,根津,根津,13,,35.7179,139.76517,1,1,東京メトロ,9号線千代田線,003483,mlit
14,桜上水,桜上水,13,,35.66751,139.63231,1,1,京王,京王線,003862,mlit
316,桜台,桜台,13,,35.73884,139.66336,1,1,西武,池袋線,003321,mlit
408,桜新町,桜新町,13,,35.63176,139.64658,1,1,東急,田園都市線,004078,mlit
1080,桜田門,桜田門,13,,35.67772,139.75296,1,1,東京メトロ,8号線有楽町線,003787,mlit
443,桜街道,桜街道,13,,35.73875,139.41661,1,1,多摩モノレール,多摩都市モノレール線,003320,mlit
27,梅ヶ丘,梅ヶ丘,13,,35.65624,139.65434,1,1,小田急,小田原線,003945,mlit
356,梅屋敷,梅屋敷,13,,35.56707,139.7284,1,1,京急,本線,004319,mlit
241,梅島,梅島,13,,35.77143,139.79975,1,1,東武,伊勢崎線,003176,mlit
424,梶原,梶原,13,,35.75107,139.74758,1,1,都営,荒川線,003246,mlit
190,森下,森下,13,,35.687665,139.798725,2,1,都営,10号線新宿線、12号線大江戸線,003711,mlit
313,椎名町,椎名町,13,,35.72637,139.69494,1,1,西武,池袋線,003426,mlit
106,武蔵五日市,武蔵五日市,13,,35.73271,139.22876,1,1,JR東日本,五日市線,003372,mlit
332,武蔵境,武蔵境,13,,35.70198,139.54351,2,2,JR東日本、西武,中央線、多摩川線,003590,mlit
105,武蔵増戸,武蔵増戸,13,,35.73089,139.25704,1,1,JR東日本,五日市線,003383,mlit
298,武蔵大和,武蔵大和,13,,35.75607,139.44427,1,1,西武,多摩湖線,003231,mlit
468,武蔵小山,武蔵小山,13,,35.6202,139.70392,1,1,東急,目黒線,004133,mlit
66,武蔵小金井,武蔵小金井,13,,35.70097,139.50481,1,1,JR東日本,中央線,003600,mlit
104,武蔵引田,武蔵引田,13,,35.72962,139.27072,1,1,JR東日本,五日市線,003395,mlit
380,武蔵新田,武蔵新田,13,,35.56797,139.69212,1,1,東急,東急多摩川線,004317,mlit
123,武蔵砂川,武蔵砂川,13,,35.7289,139.39298,1,1,西武,拝島線,003404,mlit
607,武蔵野台,武蔵野台,13,,35.66431,139.51052,1,1,京王,京王線,003891,mlit
309,武蔵関,武蔵関,13,,35.72754,139.57721,1,1,西武,新宿線,003419,mlit
166,水天宮前,水天宮前,13,,35.68231,139.78576,1,1,東京メトロ,11号線半蔵門線,003753,mlit
1093,水道橋,水道橋,13,,35.702389999999994,139.75398,2,2,JR東日本、都営,6号線三田線、中央線,003580,mlit
281,氷川台,氷川台,13,,35.75005,139.6645,1,1,東京メトロ,8号線有楽町線,003261,mlit
1068,永田町,永田町,13,,35.678509999999996,139.73888,3,1,東京メトロ,11号線半蔵門線、7号線南北線、8号線有楽町線,003782,mlit
5,永福町,永福町,13,,35.67597,139.64331,1,1,京王,井の頭線,003794,mlit
195,汐留,汐留,13,,35.664765,139.761405,2,2,ゆりかもめ、都営,12号線大江戸線、東京臨海新交通臨海線,003887,mlit
238,江北,江北,13,,35.77338,139.77037,1,1,都営,日暮里・舎人ライナー,003171,mlit
315,江古田,江古田,13,,35.73723,139.67355,1,1,西武,池袋線,003337,mlit
659,江戸川,江戸川,13,,35.73772,139.89646,1,1,京成,本線,003331,mlit
1075,江戸川橋,江戸川橋,13,,35.70964,139.73315,1,1,東京メトロ,8号線有楽町線,003534,mlit
2,池ノ上,池ノ上,13,,35.66028,139.67394,1,1,京王,井の頭線,003914,mlit
389,池上,池上,13,,35.57191,139.70326,1,1,東急,池上線,004309,mlit
43,池尻大橋,池尻大橋,13,,35.65116,139.68555,1,1,東急,田園都市線,003972,mlit
880,池袋,池袋,13,,35.729971666666664,139.710785,6,4,JR東日本、東京メトロ、東武、西武,4号線丸ノ内線、8号線有楽町線、山手線、東上本線、池袋線、赤羽線,003390,mlit
1073,池袋,池袋,13,,35.73178,139.70655,1,1,東京メトロ,13号線副都心線,003379,mlit
1247,沢井,沢井,13,,35.80583,139.19389,1,1,JR東日本,青梅線,003076,mlit
116,河辺,河辺,13,,35.78439,139.28494,1,1,JR東日本,青梅線,003134,mlit
865,沼袋,沼袋,13,,35.71906,139.66561,1,1,西武,新宿線,003475,mlit
377,沼部,沼部,13,,35.58275,139.6729,1,1,東急,東急多摩川線,004279,mlit
441,泉体育館,泉体育館,13,,35.71856,139.41972,1,1,多摩モノレール,多摩都市モノレール線,003476,mlit
688,泉岳寺,泉岳寺,13,,35.63746,139.73938,2,2,京急、都営,1号線浅草線、本線,004042,mlit
470,洗足,洗足,13,,35.60975,139.69377,1,1,東急,目黒線,004180,mlit
466,洗足池,洗足池,13,,35.59955,139.69051,1,1,東急,池上線,004239,mlit
1001,流通センター,流通センター,13,,35.58101,139.74937,1,1,東京モノレール,東京モノレール羽田線,004285,mlit
126,浅草,浅草,13,,35.71478,139.79261,1,1,つくばEX,常磐新線,003502,mlit
1035,浅草,浅草,13,,35.71071,139.79773666666668,3,3,東京メトロ、東武、都営,1号線浅草線、3号線銀座線、伊勢崎線,003522,mlit
96,浅草橋,浅草橋,13,,35.697185,139.78454,2,2,JR東日本、都営,1号線浅草線、総武線,003636,mlit
1325,浜松町,浜松町,13,,35.65614,139.75728,1,1,JR東日本,東海道線,003949,mlit
7,浜田山,浜田山,13,,35.68137,139.62814,1,1,京王,井の頭線,003763,mlit
188,浜町,浜町,13,,35.68839,139.78898,1,1,都営,10号線新宿線,003706,mlit
79,浮間舟渡,浮間舟渡,13,,35.79103,139.69251,1,1,JR東日本,東北線,003107,mlit
1051,淡路町,淡路町,13,,35.69535,139.76746,1,1,東京メトロ,4号線丸ノ内線,003661,mlit
738,清滝,清滝,13,,35.63107,139.26644,1,1,高尾登山,高尾鋼索線,004083,mlit
191,清澄白河,清澄白河,13,,35.68221,139.80008,2,2,東京メトロ、都営,11号線半蔵門線、12号線大江戸線,003754,mlit
512,清瀬,清瀬,13,,35.77166,139.52102,1,1,西武,池袋線,003179,mlit
128,渋谷,渋谷,13,,35.65880285714285,139.70178757142858,7,4,JR東日本、京王、東京メトロ、東急,11号線半蔵門線、13号線副都心線、3号線銀座線、井の頭線、山手線、東横線、田園都市線,003922,mlit
404,湯島,湯島,13,,35.70779,139.77002,1,1,東京メトロ,9号線千代田線,003558,mlit
1040,溜池山王,溜池山王,13,,35.67315,139.74136,2,1,東京メトロ,3号線銀座線、7号線南北線,003810,mlit
721,滝本,滝本,13,,35.79621,139.16172,1,1,御岳登山,ケーブルカー,003099,mlit
420,滝野川一丁目,滝野川一丁目,13,,35.74742,139.7355,1,1,都営,荒川線,003276,mlit
199,潮見,潮見,13,,35.6595,139.81653,1,1,JR東日本,京葉線,003928,mlit
101,熊川,熊川,13,,35.72813,139.33609,1,1,JR東日本,五日市線,003411,mlit
259,熊野前,熊野前,13,,35.748495,139.76971500000002,2,1,都営,日暮里・舎人ライナー、荒川線,003266,mlit
219,片倉,片倉,13,,35.64007,139.34192,1,1,JR東日本,横浜線,004038,mlit
114,牛浜,牛浜,13,,35.73502,139.33329,1,1,JR東日本,青梅線,003353,mlit
248,牛田,牛田,13,,35.74461,139.81217,1,1,東武,伊勢崎線,003288,mlit
1107,牛込柳町,牛込柳町,13,,35.6994,139.72599,1,1,都営,12号線大江戸線,003618,mlit
1108,牛込神楽坂,牛込神楽坂,13,,35.70121,139.73677,1,1,都営,12号線大江戸線,003602,mlit
32,狛江,狛江,13,,35.63162,139.57669,1,1,小田急,小田原線,004076,mlit
164,狭間,狭間,13,,35.64074,139.29295,1,1,京王,高尾線,004035,mlit
482,玉川上水,玉川上水,13,,35.73178,139.418615,2,2,多摩モノレール、西武,多摩都市モノレール線、拝島線,003371,mlit
791,玉川学園前,玉川学園前,13,,35.56428,139.46393,1,1,小田急,小田原線,004324,mlit
423,王子,王子,13,,35.753285,139.73764999999997,2,2,JR東日本、東京メトロ,7号線南北線、東北線,003236,mlit
149,王子神谷,王子神谷,13,,35.76418,139.73597,1,1,東京メトロ,7号線南北線,003207,mlit
422,王子駅前,王子駅前,13,,35.75256,139.73846,1,1,都営,荒川線,003239,mlit
181,瑞江,瑞江,13,,35.6941,139.89831,1,1,都営,10号線新宿線,003667,mlit
407,用賀,用賀,13,,35.62721,139.63507,1,1,東急,田園都市線,004109,mlit
90,田原町,田原町,13,,35.70981,139.79081,1,1,東京メトロ,3号線銀座線,003530,mlit
463,田園調布,田園調布,13,,35.59795,139.66726,2,1,東急,東横線、目黒線,004245,mlit
515,田無,田無,13,,35.72729,139.53987,1,1,西武,新宿線,003423,mlit
1326,田町,田町,13,,35.64611,139.74824,1,1,JR東日本,東海道線,004000,mlit
264,田端,田端,13,,35.73826,139.76067,2,1,JR東日本,山手線、東北線,003335,mlit
435,甲州街道,甲州街道,13,,35.67843,139.40885,1,1,多摩モノレール,多摩都市モノレール線,003783,mlit
267,町屋,町屋,13,,35.741575,139.78027,2,2,京成、東京メトロ,9号線千代田線、本線,003302,mlit
261,町屋二丁目,町屋二丁目,13,,35.74375,139.77665,1,1,都営,荒川線,003291,mlit
268,町屋駅前,町屋駅前,13,,35.7428,139.78067,1,1,都営,荒川線,003299,mlit
69,町田,町田,13,,35.543369999999996,139.445715,2,2,JR東日本、小田急,小田原線、横浜線,004387,mlit
1245,白丸,白丸,13,,35.81147,139.11458,1,1,JR東日本,青梅線,003065,mlit
1094,白山,白山,13,,35.72204,139.75249,1,1,都営,6号線三田線,003461,mlit
479,白糸台,白糸台,13,,35.66579,139.50875,1,1,西武,多摩川線,003873,mlit
1100,白金台,白金台,13,,35.63814,139.72671,2,2,東京メトロ、都営,6号線三田線、7号線南北線,004044,mlit
1072,白金高輪,白金高輪,13,,35.64385,139.73469,2,2,東京メトロ、都営,6号線三田線、7号線南北線,004025,mlit
361,百草園,百草園,13,,35.65752,139.43082,1,1,京王,京王線,003936,mlit
1206,目白,目白,13,,35.72145,139.7066,1,1,JR東日本,山手線,003470,mlit
1021,目黒,目黒,13,,35.63274,139.715655,4,4,JR東日本、東京メトロ、東急、都営,6号線三田線、7号線南北線、山手線、目黒線,004072,mlit
217,相原,相原,13,,35.60751,139.33162,1,1,JR東日本,横浜線,004206,mlit
381,矢口渡,矢口渡,13,,35.5626,139.69994,1,1,東急,東急多摩川線,004329,mlit
475,矢川,矢川,13,,35.68499,139.4322,1,1,JR東日本,南武線,003733,mlit
45,矢野口,矢野口,13,,35.6414,139.52103,1,1,JR東日本,南武線,004032,mlit
384,石川台,石川台,13,,35.59664,139.68475,1,1,東急,池上線,004247,mlit
342,石神井公園,石神井公園,13,,35.74389,139.6055,1,1,西武,池袋線,003292,mlit
1254,石神前,石神前,13,,35.79652,139.22537,1,1,JR東日本,青梅線,003096,mlit
442,砂川七番,砂川七番,13,,35.7231,139.41811,1,1,多摩モノレール,多摩都市モノレール線,003447,mlit
460,祐天寺,祐天寺,13,,35.63668,139.69035,1,1,東急,東横線,004050,mlit
30,祖師ヶ谷大蔵,祖師ヶ谷大蔵,13,,35.64302,139.60895,1,1,小田急,小田原線,004024,mlit
1088,神保町,神保町,13,,35.69538933333333,139.757389,3,2,東京メトロ、都営,10号線新宿線、11号線半蔵門線、6号線三田線,003651,mlit
1059,神楽坂,神楽坂,13,,35.70367,139.73566,1,1,東京メトロ,5号線東西線,003578,mlit
434,神泉,神泉,13,,35.6572,139.69357,1,1,京王,井の頭線,003938,mlit
1042,神田,神田,13,,35.691736666666664,139.77071666666666,3,2,JR東日本、東京メトロ,3号線銀座線、中央線、東北線,003677,mlit
1022,神谷町,神谷町,13,,35.66206,139.74419,1,1,東京メトロ,2号線日比谷線,003900,mlit
1251,福生,福生,13,,35.7435,139.32699,1,1,JR東日本,青梅線,003300,mlit
103,秋川,秋川,13,,35.72795,139.28745,1,1,JR東日本,五日市線,003413,mlit
511,秋津,秋津,13,,35.77818,139.49787,1,1,西武,池袋線,003151,mlit
403,秋葉原,秋葉原,13,,35.698085,139.77427749999998,4,3,JR東日本、つくばEX、東京メトロ,2号線日比谷線、常磐新線、東北線、総武線,003624,mlit
370,程久保,程久保,13,,35.65492,139.41057,1,1,多摩モノレール,多摩都市モノレール線,003950,mlit
72,稲城,稲城,13,,35.63592,139.49905,1,1,京王,相模原線,004056,mlit
46,稲城長沼,稲城長沼,13,,35.64394,139.50338,1,1,JR東日本,南武線,004011,mlit
91,稲荷町,稲荷町,13,,35.71126,139.78291,1,1,東京メトロ,3号線銀座線,003519,mlit
672,穴守稲荷,穴守稲荷,13,,35.55022,139.7471,1,1,京急,空港線,004364,mlit
352,立会川,立会川,13,,35.59817,139.73879,1,1,京急,本線,004244,mlit
504,立川,立川,13,,35.69777333333334,139.41462666666666,3,1,JR東日本,中央線、南武線、青梅線,003634,mlit
438,立川北,立川北,13,,35.69908,139.41264,1,1,多摩モノレール,多摩都市モノレール線,003617,mlit
437,立川南,立川南,13,,35.69647,139.41274,1,1,多摩モノレール,多摩都市モノレール線,003649,mlit
440,立飛,立飛,13,,35.71449,139.41727,1,1,多摩モノレール,多摩都市モノレール線,003499,mlit
480,競艇場前,競艇場前,13,,35.65607,139.49904,1,1,西武,多摩川線,003943,mlit
242,竹ノ塚,竹ノ塚,13,,35.79363,139.79046,1,1,東武,伊勢崎線,003101,mlit
1063,竹橋,竹橋,13,,35.69028,139.75852,1,1,東京メトロ,5号線東西線,003691,mlit
523,竹芝,竹芝,13,,35.65378,139.76179,1,1,ゆりかもめ,東京臨海新交通臨海線,003958,mlit
411,笹塚,笹塚,13,,35.67388,139.66789,1,1,京王,京王線,003806,mlit
457,等々力,等々力,13,,35.60823,139.64849,1,1,東急,大井町線,004191,mlit
108,箱根ケ崎,箱根ヶ崎,13,,35.77112,139.34672,1,1,JR東日本,八高線,003180,mlit
1032,築地,築地,13,,35.66854,139.77326,1,1,東京メトロ,2号線日比谷線,003860,mlit
194,築地市場,築地市場,13,,35.66462,139.76718,1,1,都営,12号線大江戸線,003886,mlit
180,篠崎,篠崎,13,,35.70681,139.90459,1,1,都営,10号線新宿線,003565,mlit
673,糀谷,糀谷,13,,35.55422,139.72985,1,1,京急,空港線,004349,mlit
409,経堂,経堂,13,,35.65151,139.63778,1,1,小田急,小田原線,003970,mlit
153,綾瀬,綾瀬,13,,35.762344999999996,139.82617,2,2,JR東日本、東京メトロ,9号線千代田線、常磐線,003214,mlit
453,緑が丘,緑が丘,13,,35.60637,139.67955,1,1,東急,大井町線,004210,mlit
346,練馬,練馬,13,,35.737899999999996,139.655555,4,2,西武、都営,12号線大江戸線、池袋線、西武有楽町線、豊島線,003328,mlit
344,練馬春日町,練馬春日町,13,,35.75108,139.64161,1,1,都営,12号線大江戸線,003243,mlit
882,練馬高野台,練馬高野台,13,,35.74107,139.61599,1,1,西武,池袋線,003314,mlit
1255,羽村,羽村,13,,35.75734,139.31672,1,1,JR東日本,青梅線,003226,mlit
998,羽田空港第1ターミナル,羽田空港第1ターミナル,13,,35.54977,139.78417,1,1,東京モノレール,東京モノレール羽田線,004372,mlit
676,羽田空港第1・第2ターミナル,羽田空港第1・第2ターミナル,13,,35.54904,139.78448,1,1,京急,空港線,004368,mlit
1000,羽田空港第2ターミナル,羽田空港第2ターミナル,13,,35.55143,139.78778,1,1,東京モノレール,東京モノレール羽田線,004361,mlit
1560,羽田空港第3ターミナル,羽田空港第3ターミナル,13,,35.544266,139.76748700000002,2,2,京急、東京モノレール,東京モノレール羽田線、空港線,004382,mlit
507,聖蹟桜ヶ丘,聖蹟桜ヶ丘,13,,35.65068,139.44616,1,1,京王,京王線,003971,mlit
454,自由が丘,自由が丘,13,,35.60716,139.66906,2,1,東急,大井町線、東横線,004196,mlit
244,舎人,舎人,13,,35.8055,139.77014,1,1,都営,日暮里・舎人ライナー,003078,mlit
243,舎人公園,舎人公園,13,,35.79621,139.77012,1,1,都営,日暮里・舎人ライナー,003098,mlit
183,船堀,船堀,13,,35.68382,139.86487,1,1,都営,10号線新宿線,003745,mlit
1102,芝公園,芝公園,13,,35.65416,139.74983,1,1,都営,6号線三田線,003962,mlit
524,芝浦ふ頭,芝浦ふ頭,13,,35.64249,139.75786,1,1,ゆりかもめ,東京臨海新交通臨海線,004030,mlit
605,芦花公園,芦花公園,13,,35.67065,139.60896,1,1,京王,京王線,003832,mlit
68,花小金井,花小金井,13,,35.72588,139.51394,1,1,西武,新宿線,003430,mlit
1109,若松河田,若松河田,13,,35.6994,139.71894,1,1,都営,12号線大江戸線,003623,mlit
36,若林,若林,13,,35.646,139.6603,1,1,東急,世田谷線,003996,mlit
1028,茅場町,茅場町,13,,35.680185,139.779315,2,1,東京メトロ,2号線日比谷線、5号線東西線,003773,mlit
1048,茗荷谷,茗荷谷,13,,35.71758,139.73649,1,1,東京メトロ,4号線丸ノ内線,003484,mlit
383,荏原中延,荏原中延,13,,35.60979,139.71191,1,1,東急,池上線,004181,mlit
449,荏原町,荏原町,13,,35.60382,139.70713,1,1,東急,大井町線,004225,mlit
231,荒川一中前,荒川一中前,13,,35.73376,139.78868,1,1,都営,荒川線,003357,mlit
235,荒川七丁目,荒川七丁目,13,,35.74205,139.78392,1,1,都営,荒川線,003306,mlit
269,荒川二丁目,荒川二丁目,13,,35.73837,139.78469,1,1,都営,荒川線,003322,mlit
230,荒川区役所前,荒川区役所前,13,,35.73519,139.78617,1,1,都営,荒川線,003350,mlit
255,荒川車庫前,荒川車庫前,13,,35.75087,139.75256,1,1,都営,荒川線,003252,mlit
256,荒川遊園地前,荒川遊園地前,13,,35.75064,139.75775,1,1,都営,荒川線,003254,mlit
336,荻窪,荻窪,13,,35.704295,139.61987499999998,2,2,JR東日本、東京メトロ,4号線丸ノ内線、中央線,003575,mlit
187,菊川,菊川,13,,35.68848,139.80708,1,1,都営,10号線新宿線,003709,mlit
300,萩山,萩山,13,,35.74031,139.47745,2,1,西武,多摩湖線、拝島線,003312,mlit
327,落合,落合,13,,35.7109,139.68706,1,1,東京メトロ,5号線東西線,003523,mlit
329,落合南長崎,落合南長崎,13,,35.72282,139.68387,1,1,都営,12号線大江戸線,003448,mlit
433,葛西,葛西,13,,35.66354,139.87396,1,1,東京メトロ,5号線東西線,003894,mlit
201,葛西臨海公園,葛西臨海公園,13,,35.64382,139.86243,1,1,JR東日本,京葉線,004012,mlit
417,蒲田,蒲田,13,,35.56225333333334,139.71519,3,2,JR東日本、東急,東急多摩川線、東海道線、池上線,004330,mlit
139,蓮根,蓮根,13,,35.78342,139.67898,1,1,都営,6号線三田線,003140,mlit
390,蓮沼,蓮沼,13,,35.56366,139.70876,1,1,東急,池上線,004323,mlit
95,蔵前,蔵前,13,,35.70395,139.79165,2,1,都営,12号線大江戸線、1号線浅草線,003571,mlit
1037,虎ノ門,虎ノ門,13,,35.67,139.75056,1,1,東京メトロ,3号線銀座線,003835,mlit
1565,虎ノ門ヒルズ,虎ノ門ヒルズ,13,,35.66785,139.748,1,1,東京メトロ,2号線日比谷線,003866,mlit
127,表参道,表参道,13,,35.664926666666666,139.71133666666665,3,1,東京メトロ,11号線半蔵門線、3号線銀座線、9号線千代田線,003883,mlit
151,西ヶ原,西ヶ原,13,,35.74557,139.74263,1,1,東京メトロ,7号線南北線,003279,mlit
419,西ヶ原四丁目,西ヶ原四丁目,13,,35.74404,139.73254,1,1,都営,荒川線,003289,mlit
197,西八王子,西八王子,13,,35.65681,139.31299,1,1,JR東日本,中央線,003942,mlit
140,西台,西台,13,,35.78699,139.67367,1,1,都営,6号線三田線,003128,mlit
64,西国分寺,西国分寺,13,,35.700205,139.46651,2,1,JR東日本,中央線、武蔵野線,003611,mlit
476,西国立,西国立,13,,35.69331,139.42405,1,1,JR東日本,南武線,003665,mlit
393,西大井,西大井,13,,35.60085,139.72124,1,1,JR東日本,東海道線,004235,mlit
186,西大島,西大島,13,,35.68933,139.82728,1,1,都営,10号線新宿線,003702,mlit
35,西太子堂,西太子堂,13,,35.64438,139.66672,1,1,東急,世田谷線,004006,mlit
469,西小山,西小山,13,,35.61513,139.69845,1,1,東急,目黒線,004157,mlit
1098,西巣鴨,西巣鴨,13,,35.74404,139.72814,1,1,都営,6号線三田線,003293,mlit
473,西府,西府,13,,35.67078,139.45762,1,1,JR東日本,南武線,003831,mlit
240,西新井,西新井,13,,35.7767,139.79096,2,1,東武,伊勢崎線、大師線,003159,mlit
237,西新井大師西,西新井大師西,13,,35.78083,139.77014,1,1,都営,日暮里・舎人ライナー,003144,mlit
275,西新宿,西新宿,13,,35.69428,139.6932,1,1,東京メトロ,4号線丸ノ内線,003662,mlit
285,西新宿五丁目,西新宿五丁目,13,,35.6902,139.68535,1,1,都営,12号線大江戸線,003696,mlit
265,西日暮里,西日暮里,13,,35.73299,139.76739999999998,3,3,JR東日本、東京メトロ、都営,9号線千代田線、日暮里・舎人ライナー、東北線,003368,mlit
1547,西早稲田,西早稲田,13,,35.70892,139.70933,1,1,東京メトロ,13号線副都心線,003544,mlit
319,西武園,西武園,13,,35.76791,139.44845,1,1,西武,西武園線,003197,mlit
866,西武新宿,西武新宿,13,,35.6953,139.70004,1,1,西武,新宿線,003648,mlit
311,西武柳沢,西武柳沢,13,,35.72863,139.55294,1,1,西武,新宿線,003409,mlit
124,西武立川,西武立川,13,,35.72625,139.37021,1,1,西武,拝島線,003428,mlit
6,西永福,西永福,13,,35.67868,139.63572,1,1,京王,井の頭線,003777,mlit
503,西立川,西立川,13,,35.70324,139.3944,1,1,JR東日本,青梅線,003581,mlit
335,西荻窪,西荻窪,13,,35.70373,139.59833,1,1,JR東日本,中央線,003579,mlit
432,西葛西,西葛西,13,,35.66471,139.85786,1,1,東京メトロ,5号線東西線,003890,mlit
609,西調布,西調布,13,,35.65772,139.52866,1,1,京王,京王線,003937,mlit
375,西馬込,西馬込,13,,35.58668,139.70585,1,1,都営,1号線浅草線,004270,mlit
143,西高島平,西高島平,13,,35.79169,139.64682,1,1,都営,6号線三田線,003104,mlit
274,要町,要町,13,,35.73342,139.69736,2,1,東京メトロ,13号線副都心線、8号線有楽町線,003361,mlit
245,見沼代親水公園,見沼代親水公園,13,,35.81442,139.77068,1,1,都営,日暮里・舎人ライナー,003060,mlit
75,調布,調布,13,,35.65211,139.54356,2,1,京王,京王線、相模原線,003966,mlit
1077,護国寺,護国寺,13,,35.72003,139.72705,1,1,東京メトロ,8号線有楽町線,003474,mlit
474,谷保,谷保,13,,35.68111,139.44752,1,1,JR東日本,南武線,003765,mlit
236,谷在家,谷在家,13,,35.78843,139.7701,1,1,都営,日暮里・舎人ライナー,003120,mlit
345,豊島園,豊島園,13,,35.741605,139.64861000000002,2,2,西武、都営,12号線大江戸線、豊島線,003305,mlit
178,豊洲,豊洲,13,,35.653895000000006,139.79588,2,2,ゆりかもめ、東京メトロ,8号線有楽町線、東京臨海新交通臨海線,003951,mlit
223,豊田,豊田,13,,35.65882,139.38049,1,1,JR東日本,中央線,003921,mlit
28,豪徳寺,豪徳寺,13,,35.65411,139.6481,1,1,小田急,小田原線,003960,mlit
262,赤土小学校前,赤土小学校前,13,,35.74275,139.7691,1,1,都営,日暮里・舎人ライナー,003298,mlit
1086,赤坂,赤坂,13,,35.67267,139.73711,1,1,東京メトロ,9号線千代田線,003822,mlit
1043,赤坂見附,赤坂見附,13,,35.67621,139.73773,2,1,東京メトロ,3号線銀座線、4号線丸ノ内線,003788,mlit
82,赤羽,赤羽,13,,35.77687,139.7214,2,1,JR東日本,東北線、赤羽線,003155,mlit
81,赤羽岩淵,赤羽岩淵,13,,35.7831,139.72346,2,2,埼玉高速、東京メトロ,7号線南北線、埼玉高速鉄道線,003141,mlit
1110,赤羽橋,赤羽橋,13,,35.65505,139.74342,1,1,都営,12号線大江戸線,003954,mlit
198,越中島,越中島,13,,35.66732,139.79331,1,1,JR東日本,京葉線,003859,mlit
270,足立小台,足立小台,13,,35.75438,139.77017,1,1,都営,日暮里・舎人ライナー,003235,mlit
1244,軍畑,軍畑,13,,35.80778,139.20798,1,1,JR東日本,青梅線,003074,mlit
179,辰巳,辰巳,13,,35.64531,139.81103,1,1,東京メトロ,8号線有楽町線,003999,mlit
284,都庁前,都庁前,13,,35.69073,139.69345,1,1,都営,12号線大江戸線,003690,mlit
462,都立大学,都立大学,13,,35.61734,139.67596,1,1,東急,東横線,004143,mlit
305,都立家政,都立家政,13,,35.72202,139.64604,1,1,西武,新宿線,003453,mlit
1121,都電雑司ヶ谷,都電雑司ヶ谷,13,,35.72433,139.7181,1,1,都営,荒川線,003443,mlit
304,野方,野方,13,,35.71939,139.65415,1,1,西武,新宿線,003473,mlit
157,金町,金町,13,,35.76961,139.87152,1,1,JR東日本,常磐線,003191,mlit
1023,銀座,銀座,13,,35.672360000000005,139.76496666666668,3,1,東京メトロ,2号線日比谷線、3号線銀座線、4号線丸ノ内線,003823,mlit
176,銀座一丁目,銀座一丁目,13,,35.67508,139.76591,1,1,東京メトロ,8号線有楽町線,003801,mlit
1087,錦糸町,錦糸町,13,,35.697635000000005,139.813905,2,2,JR東日本、東京メトロ,11号線半蔵門線、総武線,003639,mlit
251,鐘ヶ淵,鐘ヶ淵,13,,35.73337,139.82002,1,1,東武,伊勢崎線,003355,mlit
465,長原,長原,13,,35.60205,139.69763,1,1,東急,池上線,004232,mlit
159,長沼,長沼,13,,35.6428,139.36507,1,1,京王,京王線,004027,mlit
175,門前仲町,門前仲町,13,,35.67235,139.79626000000002,2,2,東京メトロ、都営,12号線大江戸線、5号線東西線,003818,mlit
493,阿佐ケ谷,阿佐ヶ谷,13,,35.70491,139.63722,1,1,JR東日本,中央線,003574,mlit
1548,雑司が谷,雑司が谷,13,,35.72139,139.71558,1,1,東京メトロ,13号線副都心線,003471,mlit
358,雑色,雑色,13,,35.55006,139.7152,1,1,京急,本線,004367,mlit
385,雪が谷大塚,雪が谷大塚,13,,35.59162,139.6809,1,1,東急,池上線,004259,mlit
1026,霞ヶ関,霞ヶ関,13,,35.67355333333334,139.75250000000003,3,1,東京メトロ,2号線日比谷線、4号線丸ノ内線、9号線千代田線,003805,mlit
152,青井,青井,13,,35.77119,139.82021,1,1,つくばEX,常磐新線,003177,mlit
1041,青山一丁目,青山一丁目,13,,35.672423333333334,139.7235433333333,3,2,東京メトロ、都営,11号線半蔵門線、12号線大江戸線、3号線銀座線,003812,mlit
118,青梅,青梅,13,,35.7905,139.25884,1,1,JR東日本,青梅線,003110,mlit
296,青梅街道,青梅街道,13,,35.73064,139.47654,1,1,西武,多摩湖線,003382,mlit
526,青海,青海,13,,35.62447,139.78072,1,1,ゆりかもめ,東京臨海新交通臨海線,004119,mlit
350,青物横丁,青物横丁,13,,35.60864,139.74324,1,1,京急,本線,004184,mlit
430,青砥,青砥,13,,35.74532,139.85585,2,1,京成,押上線、本線,003280,mlit
1115,面影橋,面影橋,13,,35.71281,139.71492,1,1,都営,荒川線,003509,mlit
606,飛田給,飛田給,13,,35.66034,139.52288,1,1,京王,京王線,003916,mlit
421,飛鳥山,飛鳥山,13,,35.74989,139.73721,1,1,都営,荒川線,003256,mlit
1058,飯田橋,飯田橋,13,,35.701899999999995,139.74474199999997,5,3,JR東日本、東京メトロ、都営,12号線大江戸線、5号線東西線、7号線南北線、8号線有楽町線、中央線,003595,mlit
92,馬喰横山,馬喰横山,13,,35.69134,139.78369,1,1,都営,10号線新宿線,003675,mlit
112,馬喰町,馬喰町,13,,35.69271,139.78158,1,1,JR東日本,総武線,003668,mlit
374,馬込,馬込,13,,35.59575,139.71171,1,1,都営,1号線浅草線,004248,mlit
1,駒場東大前,駒場東大前,13,,35.65886,139.68317,1,1,京王,井の頭線,003929,mlit
44,駒沢大学,駒沢大学,13,,35.63351,139.66177,1,1,東急,田園都市線,004069,mlit
1066,駒込,駒込,13,,35.73641,139.746785,2,2,JR東日本、東京メトロ,7号線南北線、山手線,003343,mlit
8,高井戸,高井戸,13,,35.68329,139.61465,1,1,京王,井の頭線,003752,mlit
494,高円寺,高円寺,13,,35.70536,139.65078,1,1,JR東日本,中央線,003573,mlit
610,高尾,高尾,13,,35.64216,139.28244,2,2,JR東日本、京王,中央線、高尾線,004029,mlit
737,高尾山,高尾山,13,,35.63108,139.2558,1,1,高尾登山,高尾鋼索線,004084,mlit
611,高尾山口,高尾山口,13,,35.63192,139.2695,1,1,京王,高尾線,004075,mlit
141,高島平,高島平,13,,35.78875,139.66224,1,1,都営,6号線三田線,003117,mlit
506,高幡不動,高幡不動,13,,35.66157,139.41436666666667,3,2,京王、多摩モノレール,京王線、動物園線、多摩都市モノレール線,003904,mlit
439,高松,高松,13,,35.71025,139.41347,1,1,多摩モノレール,多摩都市モノレール線,003528,mlit
326,高田馬場,高田馬場,13,,35.71288666666667,139.7046533333333,3,3,JR東日本、東京メトロ、西武,5号線東西線、山手線、新宿線,003508,mlit
1567,高輪ゲートウェイ,高輪ゲートウェイ,13,,35.63443,139.740237,1,1,JR東日本,東海道線,004061,mlit
1090,高輪台,高輪台,13,,35.63122,139.72975,1,1,都営,1号線浅草線,004079,mlit
239,高野,高野,13,,35.76784,139.77075,1,1,都営,日暮里・舎人ライナー,003196,mlit
1122,鬼子母神前,鬼子母神前,13,,35.7204,139.71502,1,1,都営,荒川線,003468,mlit
351,鮫洲,鮫洲,13,,35.60469,139.74214,1,1,京急,本線,004220,mlit
1242,鳩ノ巣,鳩ノ巣,13,,35.81528,139.12931,1,1,JR東日本,青梅線,003058,mlit
378,鵜の木,鵜の木,13,,35.57563,139.68031,1,1,東急,東急多摩川線,004299,mlit
1344,鶯谷,鶯谷,13,,35.72206,139.77741,1,1,JR東日本,東北線,003460,mlit
71,鶴川,鶴川,13,,35.58332,139.48287,1,1,小田急,小田原線,004278,mlit
293,鷹の台,鷹の台,13,,35.72258,139.46099,1,1,西武,国分寺線,003450,mlit
347,鷺ノ宮,鷺ノ宮,13,,35.72261,139.64064,1,1,西武,新宿線,003451,mlit
1078,麹町,麹町,13,,35.6856,139.73699,1,1,東京メトロ,8号線有楽町線,003737,mlit
1069,麻布十番,麻布十番,13,,35.656095,139.73627,2,2,東京メトロ、都営,12号線大江戸線、7号線南北線,003941,mlit
665,YRP野比,YRP野比,14,,35.21195,139.68487,1,1,京急,久里浜線,005320,mlit
589,あざみ野,あざみ野,14,,35.568595,139.55358,2,2,東急、横浜市営,3号線、田園都市線,004314,mlit
918,いずみ中央,いずみ中央,14,,35.41438,139.48707,1,1,相鉄,いずみ野線,004773,mlit
913,いずみ野,いずみ野,14,,35.42971,139.49405,1,1,相鉄,いずみ野線,004745,mlit
930,かしわ台,かしわ台,14,,35.46646,139.41483,1,1,相鉄,本線,004626,mlit
1004,こどもの国,こどもの国,14,,35.55761,139.48677,1,1,東急,こどもの国線,004341,mlit
932,さがみ野,さがみ野,14,,35.47153,139.4279,1,1,相鉄,本線,004611,mlit
1015,たまプラーザ,たまプラーザ,14,,35.57763,139.55955,1,1,東急,田園都市線,004296,mlit
1013,つきみ野,つきみ野,14,,35.51036,139.45788,1,1,東急,田園都市線,004486,mlit
399,はるひ野,はるひ野,14,,35.6191,139.46423,1,1,小田急,多摩線,004141,mlit
554,みなとみらい,みなとみらい,14,,35.45847,139.63183,1,1,横浜高速鉄道,みなとみらい21線,004656,mlit
916,ゆめが丘,ゆめが丘,14,,35.40516,139.48192,1,1,相鉄,いずみ野線,004797,mlit
585,センター北,センター北,14,,35.553065000000004,139.57826,2,1,横浜市営,3号線、4号線,004353,mlit
588,センター南,センター南,14,,35.545225,139.574385,2,1,横浜市営,3号線、4号線,004380,mlit
722,七里ヶ浜,七里ヶ浜,14,,35.30637,139.51024,1,1,江ノ電,江ノ島電鉄線,005099,mlit
925,三ツ境,三ツ境,14,,35.46818,139.50155,1,1,相鉄,本線,004623,mlit
580,三ツ沢上町,三ツ沢上町,14,,35.47643,139.60606,1,1,横浜市営,3号線,004602,mlit
584,三ツ沢下町,三ツ沢下町,14,,35.47651,139.61613,1,1,横浜市営,3号線,004601,mlit
663,三崎口,三崎口,14,,35.17768,139.63286,1,1,京急,久里浜線,005419,mlit
669,三浦海岸,三浦海岸,14,,35.1878,139.65274,1,1,京急,久里浜線,005401,mlit
990,上大井,上大井,14,,35.32282,139.16253,1,1,JR東海,御殿場線,005047,mlit
564,上大岡,上大岡,14,,35.410065,139.596295,2,2,京急、横浜市営,1号線、本線,004790,mlit
1520,上強羅,上強羅,14,,35.24727,139.0381,1,1,箱根登山,鋼索線,005245,mlit
924,上星川,上星川,14,,35.468108,139.579519,1,1,相鉄,本線,004624,mlit
571,上永谷,上永谷,14,,35.40104,139.57337,1,1,横浜市営,1号線,004815,mlit
1265,上溝,上溝,14,,35.55737,139.36332,1,1,JR東日本,相模線,004342,mlit
992,下曽我,下曽我,14,,35.3045,139.1824,1,1,JR東海,御殿場線,005105,mlit
572,下永谷,下永谷,14,,35.40261,139.55969,1,1,横浜市営,1号線,004808,mlit
1269,下溝,下溝,14,,35.51876,139.38031,1,1,JR東日本,相模線,004462,mlit
576,下飯田,下飯田,14,,35.40324,139.48251,1,1,横浜市営,1号線,004805,mlit
598,並木中央,並木中央,14,,35.3651,139.64298,1,1,シーサイドライン,金沢シーサイドライン,004930,mlit
595,並木北,並木北,14,,35.37164,139.64277,1,1,シーサイドライン,金沢シーサイドライン,004910,mlit
774,中央林間,中央林間,14,,35.50756,139.444205,2,2,小田急、東急,江ノ島線、田園都市線,004498,mlit
209,中山,中山,14,,35.51435,139.54001,2,2,JR東日本、横浜市営,4号線、横浜線,004473,mlit
590,中川,中川,14,,35.56343,139.56912,1,1,横浜市営,3号線,004325,mlit
1518,中強羅,中強羅,14,,35.24821,139.04067,1,1,箱根登山,鋼索線,005242,mlit
573,中田,中田,14,,35.41088,139.51178,1,1,横浜市営,1号線,004786,mlit
62,中野島,中野島,14,,35.62989,139.5517,1,1,JR東日本,南武線,004089,mlit
59,久地,久地,14,,35.60967,139.59383,1,1,JR東日本,南武線,004179,mlit
1131,久里浜,久里浜,14,,35.23215,139.70134,1,1,JR東日本,横須賀線,005273,mlit
917,二俣川,二俣川,14,,35.46278,139.53156,2,1,相鉄,いずみ野線、本線,004642,mlit
1007,二子新地,二子新地,14,,35.60671,139.62212,1,1,東急,田園都市線,004198,mlit
1336,二宮,二宮,14,,35.29917,139.258,1,1,JR東日本,東海道線,005120,mlit
396,五月台,五月台,14,,35.6,139.49407,1,1,小田急,多摩線,004237,mlit
550,五百羅漢,五百羅漢,14,,35.27491,139.15595,1,1,伊豆箱根鉄道,大雄山線,005172,mlit
709,井土ヶ谷,井土ヶ谷,14,,35.43402,139.60118,1,1,京急,本線,004724,mlit
547,井細田,井細田,14,,35.26865,139.15742,1,1,伊豆箱根鉄道,大雄山線,005183,mlit
671,京急久里浜,京急久里浜,14,,35.2308,139.7021,1,1,京急,久里浜線,005277,mlit
718,京急大津,京急大津,14,,35.26133,139.6946,1,1,京急,本線,005202,mlit
713,京急富岡,京急富岡,14,,35.36619,139.62983,1,1,京急,本線,004927,mlit
680,京急川崎,京急川崎,14,,35.53338,139.70132,2,1,京急,大師線、本線,004424,mlit
695,京急新子安,京急新子安,14,,35.48703,139.65536,1,1,京急,本線,004560,mlit
710,京急東神奈川,京急東神奈川,14,,35.47718,139.63444,1,1,京急,本線,004598,mlit
716,京急田浦,京急田浦,14,,35.30146,139.62482,1,1,京急,本線,005113,mlit
668,京急長沢,京急長沢,14,,35.20524,139.67352,1,1,京急,久里浜線,005333,mlit
690,京急鶴見,京急鶴見,14,,35.50725,139.67811,1,1,京急,本線,004506,mlit
614,京王稲田堤,京王稲田堤,14,,35.63376,139.53088,1,1,京王,相模原線,004066,mlit
577,仲町台,仲町台,14,,35.53549,139.58876,1,1,横浜市営,3号線,004416,mlit
563,伊勢佐木長者町,伊勢佐木長者町,14,,35.44065,139.63204,1,1,横浜市営,1号線,004708,mlit
806,伊勢原,伊勢原,14,,35.39638,139.31439,1,1,小田急,小田原線,004844,mlit
1330,保土ヶ谷,保土ヶ谷,14,,35.44598,139.59907,1,1,JR東日本,東海道線,004685,mlit
1274,倉見,倉見,14,,35.39466,139.37823,1,1,JR東日本,相模線,004850,mlit
484,元住吉,元住吉,14,,35.5663,139.655,1,1,東急,東横線,004322,mlit
555,元町・中華街,元町・中華街,14,,35.44296,139.64977,1,1,横浜高速鉄道,みなとみらい21線,004704,mlit
1526,入生田,入生田,14,,35.24097,139.1214,1,1,箱根登山,鉄道線,005256,mlit
1277,入谷,入谷,14,,35.47871,139.3917,1,1,JR東日本,相模線,004593,mlit
696,八丁畷,八丁畷,14,,35.52327,139.691355,2,2,JR東日本、京急,南武線、本線,004448,mlit
591,八景島,八景島,14,,35.3406,139.64106,1,1,シーサイドライン,金沢シーサイドライン,004993,mlit
1515,公園上,公園上,14,,35.24925,139.04365,1,1,箱根登山,鋼索線,005240,mlit
1517,公園下,公園下,14,,35.25019,139.04639,1,1,箱根登山,鋼索線,005237,mlit
782,六会日大前,六会日大前,14,,35.38412,139.47061,1,1,小田急,江ノ島線,004878,mlit
679,六浦,六浦,14,,35.32255,139.61114,1,1,京急,逗子線,005043,mlit
664,北久里浜,北久里浜,14,,35.24838,139.68639,1,1,京急,久里浜線,005241,mlit
1552,北山田,北山田,14,,35.56119,139.59218,1,1,横浜市営,4号線,004334,mlit
579,北新横浜,北新横浜,14,,35.5189,139.61287,1,1,横浜市営,3号線,004459,mlit
1276,北茅ヶ崎,北茅ヶ崎,14,,35.3392,139.40773,1,1,JR東日本,相模線,004995,mlit
1136,北鎌倉,北鎌倉,14,,35.33721,139.54536,1,1,JR東日本,横須賀線,004998,mlit
210,十日市場,十日市場,14,,35.52604,139.51723,1,1,JR東日本,横浜線,004443,mlit
912,南万騎が原,南万騎が原,14,,35.4522,139.5264,1,1,相鉄,いずみ野線,004674,mlit
692,南太田,南太田,14,,35.43699,139.61427,1,1,京急,本線,004719,mlit
776,南林間,南林間,14,,35.49499,139.44832,1,1,小田急,江ノ島線,004537,mlit
1267,南橋本,南橋本,14,,35.57982,139.35238,1,1,JR東日本,相模線,004288,mlit
601,南部市場,南部市場,14,,35.3801,139.6336,1,1,シーサイドライン,金沢シーサイドライン,004886,mlit
801,厚木,厚木,14,,35.443555,139.37808,2,2,JR東日本、小田急,小田原線、相模線,004701,mlit
1268,原当麻,原当麻,14,,35.52925,139.37509,1,1,JR東日本,相模線,004437,mlit
1020,反町,反町,14,,35.47491,139.6254,1,1,東急,東横線,004608,mlit
212,古淵,古淵,14,,35.55608,139.41905,1,1,JR東日本,横浜線,004345,mlit
560,吉野町,吉野町,14,,35.43557,139.61924,1,1,横浜市営,1号線,004721,mlit
794,向ヶ丘遊園,向ヶ丘遊園,14,,35.61683,139.56355,1,1,小田急,小田原線,004150,mlit
53,向河原,向河原,14,,35.57271,139.66714,1,1,JR東日本,南武線,004308,mlit
729,和田塚,和田塚,14,,35.31381,139.54566,1,1,江ノ電,江ノ島電鉄線,005080,mlit
543,和田河原,和田河原,14,,35.31601,139.11779,1,1,伊豆箱根鉄道,大雄山線,005064,mlit
921,和田町,和田町,14,,35.46392,139.58594,1,1,相鉄,本線,004640,mlit
784,善行,善行,14,,35.36293,139.47324,1,1,小田急,江ノ島線,004937,mlit
986,国府津,国府津,14,,35.28106,139.2129,2,2,JR東日本、JR東海,御殿場線、東海道線,005157,mlit
1322,国道,国道,14,,35.50057,139.67597,1,1,JR東日本,鶴見線,004519,mlit
670,堀ノ内,堀ノ内,14,,35.26351,139.68635,2,1,京急,久里浜線、本線,005199,mlit
1525,塔ノ沢,塔ノ沢,14,,35.2344,139.0943,1,1,箱根登山,鉄道線,005269,mlit
551,塚原,塚原,14,,35.30112,139.12691,1,1,伊豆箱根鉄道,大雄山線,005112,mlit
487,大倉山,大倉山,14,,35.52295,139.62983,1,1,東急,東横線,004452,mlit
206,大口,大口,14,,35.4918,139.64643,1,1,JR東日本,横浜線,004546,mlit
781,大和,大和,14,,35.46942,139.462085,2,2,小田急、相鉄,本線、江ノ島線,004617,mlit
939,大山ケーブル,大山ヶーブル,14,,35.42782,139.24473,1,1,大山観光,大山鋼索線,004749,mlit
938,大山寺,大山寺,14,,35.42963,139.24127,1,1,大山観光,大山鋼索線,004743,mlit
1318,大川,大川,14,,35.49514,139.71157,1,1,JR東日本,鶴見線,004540,mlit
685,大師橋,大師橋,14,,35.53661,139.74087,1,1,京急,大師線,004407,mlit
1523,大平台,大平台,14,,35.23889,139.07421,1,1,箱根登山,鉄道線,005260,mlit
1332,大磯,大磯,14,,35.31237,139.31471,1,1,JR東日本,東海道線,005085,mlit
832,大船,大船,14,,35.3541825,139.53155250000003,4,2,JR東日本、湘南モノレール,東海道線、根岸線、横須賀線、江の島線,004961,mlit
546,大雄山,大雄山,14,,35.31913,139.10328,1,1,伊豆箱根鉄道,大雄山線,005057,mlit
920,天王町,天王町,14,,35.45424,139.60185,1,1,相鉄,本線,004668,mlit
489,妙蓮寺,妙蓮寺,14,,35.49842,139.63327,1,1,東急,東横線,004528,mlit
714,子安,子安,14,,35.48433,139.64435,1,1,京急,本線,004569,mlit
1316,安善,安善,14,,35.4997,139.70088,1,1,JR東日本,鶴見線,004522,mlit
689,安針塚,安針塚,14,,35.28673,139.64238,1,1,京急,本線,005144,mlit
1521,宮ノ下,宮ノ下,14,,35.24223,139.06274,1,1,箱根登山,鉄道線,005254,mlit
1011,宮前平,宮前平,14,,35.5851,139.58347,1,1,東急,田園都市線,004274,mlit
1278,宮山,宮山,14,,35.38189,139.3797,1,1,JR東日本,相模線,004880,mlit
1010,宮崎台,宮崎台,14,,35.58668,139.58993,1,1,東急,田園都市線,004271,mlit
60,宿河原,宿河原,14,,35.61515,139.58022,1,1,JR東日本,南武線,004158,mlit
553,富士フイルム前,富士フイルム前,14,,35.3178,139.10911,1,1,伊豆箱根鉄道,大雄山線,005060,mlit
835,富士見町,富士見町,14,,35.34562,139.52957,1,1,湘南モノレール,江の島線,004978,mlit
807,富水,富水,14,,35.2974,139.14491,1,1,小田急,小田原線,005123,mlit
1279,寒川,寒川,14,,35.3674,139.38773,1,1,JR東日本,相模線,004920,mlit
682,小島新田,小島新田,14,,35.53457,139.74795,1,1,京急,大師線,004418,mlit
207,小机,小机,14,,35.50824,139.60046,1,1,JR東日本,横浜線,004495,mlit
1527,小涌谷,小涌谷,14,,35.24049,139.05281,1,1,箱根登山,鉄道線,005258,mlit
544,小田原,小田原,14,,35.256028,139.155362,5,5,JR東日本、JR東海、伊豆箱根鉄道、小田急、箱根登山,大雄山線、小田原線、東海道新幹線、東海道線、鉄道線,005215,mlit
792,小田急相模原,小田急相模原,14,,35.51625,139.42363,1,1,小田急,小田原線,004470,mlit
1562,小田栄,小田栄,14,,35.514863,139.704418,1,1,JR東日本,南武線,004475,mlit
49,尻手,尻手,14,,35.53158,139.68401,1,1,JR東日本,南武線,004435,mlit
711,屏風浦,屏風浦,14,,35.39458,139.60997,1,1,京急,本線,004852,mlit
987,山北,山北,14,,35.36055,139.079,1,1,JR東海,御殿場線,004941,mlit
1199,山手,山手,14,,35.42591,139.64685,1,1,JR東日本,根岸線,004752,mlit
545,岩原,岩原,14,,35.29857,139.12903,1,1,伊豆箱根鉄道,大雄山線,005117,mlit
582,岸根公園,岸根公園,14,,35.49504,139.61631,1,1,横浜市営,3号線,004539,mlit
1553,川和町,川和町,14,,35.52817,139.54869,1,1,横浜市営,4号線,004438,mlit
1327,川崎,川崎,14,,35.532,139.69758,2,1,JR東日本,南武線、東海道線,004432,mlit
686,川崎大師,川崎大師,14,,35.53585,139.72641,1,1,京急,大師線,004413,mlit
1395,川崎新町,川崎新町,14,,35.51859,139.69886,1,1,JR東日本,南武線,004461,mlit
1014,市が尾,市が尾,14,,35.55172,139.5417,1,1,東急,田園都市線,004360,mlit
603,市大医学部,市大医学部,14,,35.34425,139.65012,1,1,シーサイドライン,金沢シーサイドライン,004984,mlit
931,希望ヶ丘,希望ヶ丘,14,,35.46077,139.51255,1,1,相鉄,本線,004652,mlit
1331,平塚,平塚,14,,35.32798,139.35082,1,1,JR東日本,東海道線,005034,mlit
923,平沼橋,平沼橋,14,,35.4595,139.61615,1,1,相鉄,本線,004653,mlit
52,平間,平間,14,,35.56098,139.67094,1,1,JR東日本,南武線,004336,mlit
593,幸浦,幸浦,14,,35.35805,139.64369,1,1,シーサイドライン,金沢シーサイドライン,004951,mlit
799,座間,座間,14,,35.48173,139.39986,1,1,小田急,小田原線,004584,mlit
1317,弁天橋,弁天橋,14,,35.49592,139.69003,1,1,JR東日本,鶴見線,004536,mlit
565,弘明寺,弘明寺,14,,35.42359,139.60227,1,1,横浜市営,1号線,004761,mlit
699,弘明寺,弘明寺,14,,35.42449,139.59679,1,1,京急,本線,004756,mlit
914,弥生台,弥生台,14,,35.42975,139.50586,1,1,相鉄,いずみ野線,004742,mlit
1516,強羅,強羅,14,,35.251055,139.04820999999998,2,1,箱根登山,鉄道線、鋼索線,005231,mlit
1524,彫刻の森,彫刻の森,14,,35.24679,139.05039,1,1,箱根登山,鉄道線,005246,mlit
1005,恩田,恩田,14,,35.54596,139.49176,1,1,東急,こどもの国線,004377,mlit
796,愛甲石田,愛甲石田,14,,35.41817,139.34465,1,1,小田急,小田原線,004771,mlit
575,戸塚,戸塚,14,,35.401415,139.53474,2,2,JR東日本、横浜市営,1号線、東海道線,004818,mlit
708,戸部,戸部,14,,35.45619,139.61976,1,1,京急,本線,004660,mlit
1314,扇町,扇町,14,,35.50145,139.7223,1,1,JR東日本,鶴見線,004518,mlit
483,新丸子,新丸子,14,,35.581,139.6622,1,1,東急,東横線,004287,mlit
666,新大津,新大津,14,,35.25755,139.6904,1,1,京急,久里浜線,005211,mlit
1329,新子安,新子安,14,,35.48629,139.65298,1,1,JR東日本,東海道線,004562,mlit
1328,新川崎,新川崎,14,,35.55309,139.67088,1,1,JR東日本,東海道線,004358,mlit
599,新杉田,新杉田,14,,35.386495,139.61996,2,2,JR東日本、シーサイドライン,根岸線、金沢シーサイドライン,004872,mlit
797,新松田,新松田,14,,35.34432,139.13878,1,1,小田急,小田原線,004981,mlit
586,新横浜,新横浜,14,,35.507196666666665,139.61729,3,3,JR東日本、JR東海、横浜市営,3号線、東海道新幹線、横浜線,004501,mlit
395,新百合ヶ丘,新百合ヶ丘,14,,35.60306,139.50667,2,1,小田急,多摩線、小田原線,004227,mlit
581,新羽,新羽,14,,35.52781,139.61194,1,1,横浜市営,3号線,004439,mlit
1319,新芝浦,新芝浦,14,,35.4915,139.7004,1,1,JR東日本,鶴見線,004547,mlit
556,新高島,新高島,14,,35.46196,139.62567,1,1,横浜高速鉄道,みなとみらい21線,004647,mlit
719,日ノ出町,日ノ出町,14,,35.44591,139.62652,1,1,京急,本線,004696,mlit
485,日吉,日吉,14,,35.55429,139.64691499999998,2,2,東急、横浜市営,4号線、東横線,004351,mlit
1549,日吉本町,日吉本町,14,,35.549617,139.632789,1,1,横浜市営,4号線,004366,mlit
558,日本大通り,日本大通り,14,,35.44735,139.64175,1,1,横浜高速鉄道,みなとみらい21線,004686,mlit
1333,早川,早川,14,,35.24005,139.14558,1,1,JR東日本,東海道線,005261,mlit
1519,早雲山,早雲山,14,,35.24661,139.03622,1,1,箱根登山,鋼索線,005247,mlit
922,星川,星川,14,,35.45881,139.59467,1,1,相鉄,本線,004655,mlit
1320,昭和,昭和,14,,35.5072,139.72381,1,1,JR東日本,鶴見線,004503,mlit
802,本厚木,本厚木,14,,35.43856,139.36355,1,1,小田急,小田原線,004715,mlit
1204,本郷台,本郷台,14,,35.36811,139.5512,1,1,JR東日本,根岸線,004919,mlit
779,本鵠沼,本鵠沼,14,,35.33134,139.47561,1,1,小田急,江ノ島線,005022,mlit
691,杉田,杉田,14,,35.38427,139.61541,1,1,京急,本線,004877,mlit
988,東山北,東山北,14,,35.35792,139.10733,1,1,JR東海,御殿場線,004952,mlit
1551,東山田,東山田,14,,35.55425,139.60565,1,1,横浜市営,4号線,004350,mlit
1335,東戸塚,東戸塚,14,,35.42876,139.55652,1,1,JR東日本,東海道線,004741,mlit
775,東林間,東林間,14,,35.51938,139.43948,1,1,小田急,江ノ島線,004457,mlit
809,東海大学前,東海大学前,14,,35.37317,139.27125,1,1,小田急,小田原線,004909,mlit
491,東白楽,東白楽,14,,35.4831,139.62963,1,1,東急,東横線,004572,mlit
205,東神奈川,東神奈川,14,,35.477875,139.633165,2,1,JR東日本,東海道線、横浜線,004596,mlit
1134,東逗子,東逗子,14,,35.29869,139.60243,1,1,JR東日本,横須賀線,005118,mlit
683,東門前,東門前,14,,35.53659,139.73471,1,1,京急,大師線,004408,mlit
989,松田,松田,14,,35.34621,139.13852,1,1,JR東海,御殿場線,004977,mlit
724,柳小路,柳小路,14,,35.32752,139.48523,1,1,江ノ電,江ノ島電鉄線,005035,mlit
790,柿生,柿生,14,,35.58891,139.49711,1,1,小田急,小田原線,004263,mlit
397,栗平,栗平,14,,35.60545,139.48185,1,1,小田急,多摩線,004214,mlit
800,栢山,栢山,14,,35.31096,139.14252,1,1,小田急,小田原線,005088,mlit
1202,根岸,根岸,14,,35.41615,139.63725,1,1,JR東日本,根岸線,004772,mlit
1337,根府川,根府川,14,,35.20386,139.13947,1,1,JR東日本,東海道線,005342,mlit
780,桜ヶ丘,桜ヶ丘,14,,35.45,139.4657,1,1,小田急,江ノ島線,004676,mlit
587,桜木町,桜木町,14,,35.45047,139.630615,2,2,JR東日本、横浜市営,3号線、根岸線,004675,mlit
1008,梶が谷,梶が谷,14,,35.59322,139.60513,1,1,東急,田園都市線,004257,mlit
730,極楽寺,極楽寺,14,,35.30937,139.52874,1,1,江ノ電,江ノ島電鉄線,005091,mlit
559,横浜,横浜,14,,35.46570142857143,139.6221285714286,7,6,JR東日本、京急、東急、横浜市営、横浜高速鉄道、相鉄,3号線、みなとみらい21線、本線、東横線、東海道線、根岸線,004633,mlit
1132,横須賀,横須賀,14,,35.28448,139.65382,1,1,JR東日本,横須賀線,005149,mlit
701,横須賀中央,横須賀中央,14,,35.27902,139.66937,1,1,京急,本線,005163,mlit
216,橋本,橋本,14,,35.59511333333334,139.34424666666666,3,2,JR東日本、京王,横浜線、相模原線、相模線,004253,mlit
55,武蔵中原,武蔵中原,14,,35.58094,139.64144,1,1,JR東日本,南武線,004286,mlit
54,武蔵小杉,武蔵小杉,14,,35.576605,139.659655,2,2,JR東日本、東急,南武線、東横線,004297,mlit
1558,武蔵小杉,武蔵小杉,14,,35.576022,139.66332,1,1,JR東日本,東海道線,004301,mlit
56,武蔵新城,武蔵新城,14,,35.58688,139.63035,1,1,JR東日本,南武線,004269,mlit
57,武蔵溝ノ口,武蔵溝ノ口,14,,35.59818,139.6122,1,1,JR東日本,南武線,004242,mlit
1323,武蔵白石,武蔵白石,14,,35.50181,139.70619,1,1,JR東日本,鶴見線,004517,mlit
693,汐入,汐入,14,,35.28029,139.66184,1,1,京急,本線,005161,mlit
736,江ノ島,江ノ島,14,,35.31092,139.48787,1,1,江ノ電,江ノ島電鉄線,005087,mlit
1019,江田,江田,14,,35.55889,139.55163,1,1,東急,田園都市線,004340,mlit
1201,洋光台,洋光台,14,,35.37897,139.59747,1,1,JR東日本,根岸線,004894,mlit
667,津久井浜,津久井浜,14,,35.19767,139.66428,1,1,京急,久里浜線,005356,mlit
58,津田山,津田山,14,,35.60328,139.60136,1,1,JR東日本,南武線,004229,mlit
1321,浅野,浅野,14,,35.49771,139.69598,1,1,JR東日本,鶴見線,004531,mlit
1315,浜川崎,浜川崎,14,,35.509995,139.71326,2,1,JR東日本,南武線、鶴見線,004488,mlit
706,浦賀,浦賀,14,,35.25112,139.71502,1,1,京急,本線,005227,mlit
600,海の公園南口,海の公園南口,14,,35.33754,139.63217,1,1,シーサイドライン,金沢シーサイドライン,005003,mlit
594,海の公園柴口,海の公園柴口,14,,35.34236,139.63622,1,1,シーサイドライン,金沢シーサイドライン,004988,mlit
795,海老名,海老名,14,,35.453646666666664,139.39106333333334,3,3,JR東日本、小田急、相鉄,小田原線、本線、相模線,004672,mlit
1324,海芝浦,海芝浦,14,,35.48597,139.70029,1,1,JR東日本,鶴見線,004564,mlit
213,淵野辺,淵野辺,14,,35.56897,139.39439,1,1,JR東日本,横浜線,004315,mlit
808,渋沢,渋沢,14,,35.3739,139.1856,1,1,小田急,小田原線,004906,mlit
562,港南中央,港南中央,14,,35.40153,139.59194,1,1,横浜市営,1号線,004816,mlit
1205,港南台,港南台,14,,35.37534,139.5771,1,1,JR東日本,根岸線,004900,mlit
684,港町,港町,14,,35.53503,139.71314,1,1,京急,大師線,004417,mlit
568,湘南台,湘南台,14,,35.396350000000005,139.4655733333333,3,3,小田急、横浜市営、相鉄,1号線、いずみ野線、江ノ島線,004842,mlit
834,湘南江の島,湘南江の島,14,,35.31202,139.48801,1,1,湘南モノレール,江の島線,005083,mlit
726,湘南海岸公園,湘南海岸公園,14,,35.31506,139.48352,1,1,江ノ電,江ノ島電鉄線,005071,mlit
833,湘南深沢,湘南深沢,14,,35.33279,139.51871,1,1,湘南モノレール,江の島線,005015,mlit
836,湘南町屋,湘南町屋,14,,35.33816,139.52275,1,1,湘南モノレール,江の島線,004999,mlit
1339,湯河原,湯河原,14,,35.1469,139.10386,1,1,JR東日本,東海道線,005541,mlit
63,溝の口,溝の口,14,,35.59929,139.60978,1,1,東急,田園都市線,004238,mlit
929,瀬谷,瀬谷,14,,35.47037,139.48215,1,1,相鉄,本線,004615,mlit
583,片倉町,片倉町,14,,35.48947,139.606,1,1,横浜市営,3号線,004551,mlit
837,片瀬山,片瀬山,14,,35.31729,139.49654,1,1,湘南モノレール,江の島線,005062,mlit
785,片瀬江ノ島,片瀬江ノ島,14,,35.30887,139.4835,1,1,小田急,江ノ島線,005090,mlit
788,生田,生田,14,,35.61482,139.54065,1,1,小田急,小田原線,004159,mlit
698,生麦,生麦,14,,35.49524,139.66691,1,1,京急,本線,004538,mlit
592,産業振興センター,産業振興センター,14,,35.35343,139.6459,1,1,シーサイドライン,金沢シーサイドライン,004962,mlit
1016,田奈,田奈,14,,35.53633,139.50506,1,1,東急,田園都市線,004412,mlit
1133,田浦,田浦,14,,35.29276,139.63816,1,1,JR東日本,横須賀線,005133,mlit
727,由比ヶ浜,由比ヶ浜,14,,35.31295,139.54184,1,1,江ノ電,江ノ島電鉄線,005081,mlit
1266,番田,番田,14,,35.5451,139.36337,1,1,JR東日本,相模線,004379,mlit
61,登戸,登戸,14,,35.62021,139.569915,2,2,JR東日本、小田急,南武線、小田原線,004130,mlit
490,白楽,白楽,14,,35.48912,139.62779,1,1,東急,東横線,004554,mlit
789,百合ヶ丘,百合ヶ丘,14,,35.60866,139.51514,1,1,小田急,小田原線,004185,mlit
831,目白山下,目白山下,14,,35.31422,139.49178,1,1,湘南モノレール,江の島線,005078,mlit
215,相模原,相模原,14,,35.58097,139.37162,1,1,JR東日本,横浜線,004284,mlit
926,相模大塚,相模大塚,14,,35.47065,139.44055,1,1,相鉄,本線,004614,mlit
772,相模大野,相模大野,14,,35.5322,139.437885,2,1,小田急,小田原線、江ノ島線,004426,mlit
549,相模沼田,相模沼田,14,,35.292,139.13429,1,1,伊豆箱根鉄道,大雄山線,005135,mlit
1311,相模湖,相模湖,14,,35.61761,139.18743,1,1,JR東日本,中央線,004148,mlit
991,相模金子,相模金子,14,,35.33454,139.14971,1,1,JR東海,御殿場線,005013,mlit
1270,相武台下,相武台下,14,,35.49329,139.38622,1,1,JR東日本,相模線,004544,mlit
793,相武台前,相武台前,14,,35.49995,139.40909,1,1,小田急,小田原線,004525,mlit
715,県立大学,県立大学,14,,35.27041,139.67611,1,1,京急,本線,005181,mlit
1340,真鶴,真鶴,14,,35.15599,139.13102,1,1,JR東日本,東海道線,005510,mlit
50,矢向,矢向,14,,35.53996,139.68017,1,1,JR東日本,南武線,004403,mlit
214,矢部,矢部,14,,35.5735,139.38577,1,1,JR東日本,横浜線,004304,mlit
731,石上,石上,14,,35.33277,139.48565,1,1,江ノ電,江ノ島電鉄線,005017,mlit
1200,石川町,石川町,14,,35.43952,139.64263,1,1,JR東日本,根岸線,004716,mlit
1203,磯子,磯子,14,,35.40149,139.61909,1,1,JR東日本,根岸線,004821,mlit
1273,社家,社家,14,,35.42074,139.37716,1,1,JR東日本,相模線,004765,mlit
705,神奈川,神奈川,14,,35.47099,139.62719,1,1,京急,本線,004612,mlit
717,神奈川新町,神奈川新町,14,,35.48104,139.63956,1,1,京急,本線,004579,mlit
678,神武寺,神武寺,14,,35.30601,139.5926,1,1,京急,逗子線,005098,mlit
602,福浦,福浦,14,,35.34995,139.64852,1,1,シーサイドライン,金沢シーサイドライン,004968,mlit
803,秦野,秦野,14,,35.36956,139.22685,1,1,小田急,小田原線,004913,mlit
732,稲村ヶ崎,稲村ヶ崎,14,,35.30434,139.52254,1,1,江ノ電,江ノ島電鉄線,005103,mlit
1396,稲田堤,稲田堤,14,,35.63322,139.53675,1,1,JR東日本,南武線,004067,mlit
542,穴部,穴部,14,,35.27962,139.14904,1,1,伊豆箱根鉄道,大雄山線,005162,mlit
574,立場,立場,14,,35.41447,139.50135,1,1,横浜市営,1号線,004775,mlit
1528,箱根板橋,箱根板橋,14,,35.24525,139.14479,1,1,箱根登山,鉄道線,005250,mlit
1522,箱根湯本,箱根湯本,14,,35.23374,139.10429,1,1,箱根登山,鉄道線,005271,mlit
486,綱島,綱島,14,,35.53717,139.6351,1,1,東急,東横線,004406,mlit
915,緑園都市,緑園都市,14,,35.43881,139.52153,1,1,相鉄,いずみ野線,004714,mlit
548,緑町,緑町,14,,35.259,139.15844,1,1,伊豆箱根鉄道,大雄山線,005208,mlit
1566,羽沢横浜国大,羽沢横浜国大,14,,35.480554,139.585224,2,2,JR東日本、相鉄,東海道線、相鉄新横浜線,004581,mlit
702,能見台,能見台,14,,35.36119,139.62947,1,1,京急,本線,004944,mlit
735,腰越,腰越,14,,35.30823,139.49359,1,1,江ノ電,江ノ島電鉄線,005093,mlit
570,舞岡,舞岡,14,,35.40269,139.55201,1,1,横浜市営,1号線,004810,mlit
700,花月総持寺,花月総持寺,14,,35.50002,139.67252,1,1,京急,本線,004520,mlit
613,若葉台,若葉台,14,,35.61928,139.47342,1,1,京王,相模原線,004139,mlit
1275,茅ヶ崎,茅ヶ崎,14,,35.330785000000006,139.40783,2,1,JR東日本,東海道線、相模線,005023,mlit
488,菊名,菊名,14,,35.510475,139.630055,2,2,JR東日本、東急,東横線、横浜線,004487,mlit
566,蒔田,蒔田,14,,35.43074,139.61113,1,1,横浜市営,1号線,004737,mlit
1017,藤が丘,藤が丘,14,,35.54347,139.52805,1,1,東急,田園都市線,004391,mlit
734,藤沢,藤沢,14,,35.33835333333334,139.48618666666667,3,3,JR東日本、小田急、江ノ電,東海道線、江ノ島線、江ノ島電鉄線,004997,mlit
783,藤沢本町,藤沢本町,14,,35.34854,139.47566,1,1,小田急,江ノ島線,004973,mlit
1310,藤野,藤野,14,,35.61607,139.15063,1,1,JR東日本,中央線,004156,mlit
810,螢田,螢田,14,,35.28547,139.15154,1,1,小田急,小田原線,005146,mlit
1130,衣笠,衣笠,14,,35.2575,139.65974,1,1,JR東日本,横須賀線,005210,mlit
919,西横浜,西横浜,14,,35.45325,139.60835,1,1,相鉄,本線,004669,mlit
928,西谷,西谷,14,,35.478112,139.564331,2,1,相鉄,本線、相鉄新横浜線,004594,mlit
830,西鎌倉,西鎌倉,14,,35.31926,139.50405,1,1,湘南モノレール,江の島線,005053,mlit
787,読売ランド前,読売ランド前,14,,35.61484,139.52706,1,1,小田急,小田原線,004160,mlit
993,谷峨,谷峨,14,,35.36694,139.03815,1,1,JR東海,御殿場線,004929,mlit
798,足柄,足柄,14,,35.27212,139.15447,1,1,小田急,小田原線,005178,mlit
569,踊場,踊場,14,,35.40528,139.51895,1,1,横浜市営,1号線,004796,mlit
1334,辻堂,辻堂,14,,35.33674,139.44401,1,1,JR東日本,東海道線,005004,mlit
697,追浜,追浜,14,,35.31632,139.62459,1,1,京急,本線,005066,mlit
1135,逗子,逗子,14,,35.29759,139.57965,1,1,JR東日本,横須賀線,005121,mlit
677,逗子・葉山,逗子・葉山,14,,35.29364,139.58036,1,1,京急,逗子線,005130,mlit
694,逸見,逸見,14,,35.28092,139.652,1,1,京急,本線,005159,mlit
1557,都筑ふれあいの丘,都筑ふれあいの丘,14,,35.536346,139.560705,1,1,横浜市営,4号線,004409,mlit
597,金沢八景,金沢八景,14,,35.33084733333333,139.62020033333332,3,2,シーサイドライン、京急,本線、逗子線、金沢シーサイドライン,005020,mlit
703,金沢文庫,金沢文庫,14,,35.34372,139.62189,1,1,京急,本線,004986,mlit
681,鈴木町,鈴木町,14,,35.5354,139.72109,1,1,京急,大師線,004415,mlit
723,鎌倉,鎌倉,14,,35.318375,139.55024,2,2,JR東日本、江ノ電,横須賀線、江ノ島電鉄線,005055,mlit
728,鎌倉高校前,鎌倉高校前,14,,35.30675,139.50076,1,1,江ノ電,江ノ島電鉄線,005096,mlit
777,長後,長後,14,,35.4128,139.46538,1,1,小田急,江ノ島線,004782,mlit
211,長津田,長津田,14,,35.531749999999995,139.49426000000003,3,2,JR東日本、東急,こどもの国線、横浜線、田園都市線,004430,mlit
733,長谷,長谷,14,,35.3114,139.53654,1,1,江ノ電,江ノ島電鉄線,005086,mlit
1272,門沢橋,門沢橋,14,,35.40643,139.38022,1,1,JR東日本,相模線,004795,mlit
805,開成,開成,14,,35.32681,139.13567,1,1,小田急,小田原線,005037,mlit
567,関内,関内,14,,35.44477,139.63677333333334,3,2,JR東日本、横浜市営,1号線、3号線、根岸線,004691,mlit
561,阪東橋,阪東橋,14,,35.43728,139.6244,1,1,横浜市営,1号線,004718,mlit
940,阿夫利神社,阿夫利神社,14,,35.43167,139.2378,1,1,大山観光,大山鋼索線,004732,mlit
1012,青葉台,青葉台,14,,35.54289,139.51795,1,1,東急,田園都市線,004392,mlit
1529,風祭,風祭,14,,35.24617,139.12876,1,1,箱根登山,鉄道線,005248,mlit
552,飯田岡,飯田岡,14,,35.28767,139.13962,1,1,伊豆箱根鉄道,大雄山線,005140,mlit
1271,香川,香川,14,,35.35621,139.39991,1,1,JR東日本,相模線,004953,mlit
704,馬堀海岸,馬堀海岸,14,,35.25958,139.70699,1,1,京急,本線,005206,mlit
557,馬車道,馬車道,14,,35.4505,139.63519,1,1,横浜高速鉄道,みなとみらい21線,004679,mlit
578,高島町,高島町,14,,35.4581,139.62414,1,1,横浜市営,3号線,004654,mlit
786,高座渋谷,高座渋谷,14,,35.43159,139.4647,1,1,小田急,江ノ島線,004729,mlit
1009,高津,高津,14,,35.60303,139.61681,1,1,東急,田園都市線,004230,mlit
1550,高田,高田,14,,35.54985,139.61977,1,1,横浜市営,4号線,004370,mlit
596,鳥浜,鳥浜,14,,35.37691,139.64203,1,1,シーサイドライン,金沢シーサイドライン,004896,mlit
1338,鴨宮,鴨宮,14,,35.27543,139.17833,1,1,JR東日本,東海道線,005170,mlit
208,鴨居,鴨居,14,,35.51099,139.56781,1,1,JR東日本,横浜線,004485,mlit
725,鵠沼,鵠沼,14,,35.32116,139.48256,1,1,江ノ電,江ノ島電鉄線,005048,mlit
778,鵠沼海岸,鵠沼海岸,14,,35.3204,139.47144,1,1,小田急,江ノ島線,005049,mlit
927,鶴ヶ峰,鶴ヶ峰,14,,35.47493,139.54941,1,1,相鉄,本線,004604,mlit
804,鶴巻温泉,鶴巻温泉,14,,35.38099,139.2779,1,1,小田急,小田原線,004885,mlit
1312,鶴見,鶴見,14,,35.5089,139.67615999999998,2,1,JR東日本,東海道線、鶴見線,004496,mlit
1313,鶴見小野,鶴見小野,14,,35.49733,139.68097,1,1,JR東日本,鶴見線,004532,mlit
712,鶴見市場,鶴見市場,14,,35.51801,139.68677,1,1,京急,本線,004465,mlit
773,鶴間,鶴間,14,,35.48991,139.45098,1,1,小田急,江ノ島線,004549,mlit
1018,鷺沼,鷺沼,14,,35.57921,139.57255,1,1,東急,田園都市線,004290,mlit
51,鹿島田,鹿島田,14,,35.55183,139.67481,1,1,JR東日本,南武線,004359,mlit
707,黄金町,黄金町,14,,35.4399,139.62315,1,1,京急,本線,004712,mlit
398,黒川,黒川,14,,35.61275,139.47118,1,1,小田急,多摩線,004168,mlit
