物理车站id,站名,运营公司,线路,线路类型,県,站名(线),駅コード,纬度,经度,任务id,任务状态,进度%,队伍,担当,分配日期
1352,さいたま新都心,JR東日本,東北線,jr,11,さいたま新都心,002934,35.89241,139.63472,1620,unassigned,0,,,
1423,せんげん台,東武,伊勢崎線,private,11,せんげん台,002856,35.93519,139.77482,1718,unassigned,0,,,
1473,つきのわ,東武,東上本線,private,11,つきのわ,002710,36.04338,139.34516,1779,unassigned,0,,,
963,ひろせ野鳥の森,秩父鉄道,秩父本線,private,11,ひろせ野鳥の森,002581,36.14608,139.35137,1015,unassigned,0,,,
1564,ふかや花園,秩父鉄道,秩父本線,private,11,ふかや花園,002601,36.130562,139.248024,1910,unassigned,0,,,
1469,ふじみ野,東武,東上本線,private,11,ふじみ野,002987,35.85991,139.52382,1775,unassigned,0,,,
1463,みずほ台,東武,東上本線,private,11,みずほ台,003025,35.83754,139.5518,1769,unassigned,0,,,
1568,みなみ寄居,東武,東上本線,private,11,みなみ寄居,002640,36.090976,139.236437,1916,unassigned,0,,,
1563,ソシオ流通センター,秩父鉄道,秩父本線,private,11,ソシオ流通センター,002594,36.136503,139.424131,1909,unassigned,0,,,
1420,一ノ割,東武,伊勢崎線,private,11,一ノ割,002810,35.96413,139.76626,1715,unassigned,0,,,
1444,一本松,東武,越生線,private,11,一本松,002848,35.94048,139.37046,1743,unassigned,0,,,
1502,七里,東武,野田線,private,11,七里,002854,35.93688,139.66657,1817,unassigned,0,,,
949,三峰口,秩父鉄道,秩父本線,private,11,三峰口,002817,35.96028,138.97732,1001,unassigned,0,,,
1411,三郷,JR東日本,武蔵野線,jr,11,三郷,003010,35.84476,139.88763,1700,unassigned,0,,,
768,三郷中央,つくばEX,常磐新線,third,11,三郷中央,003047,35.82396,139.87804,789,unassigned,0,,,
1190,上尾,JR東日本,高崎線,jr,11,上尾,002796,35.97419,139.58781,1366,unassigned,0,,,
965,上熊谷,秩父鉄道,秩父本線,private,11,上熊谷,002584,36.14285,139.38137,1017,unassigned,0,,,
1470,上福岡,東武,東上本線,private,11,上福岡,002964,35.87321,139.51245,1776,unassigned,0,,,
970,上長瀞,秩父鉄道,秩父本線,private,11,上長瀞,002650,36.08553,139.11341,1022,unassigned,0,,,
862,下山口,西武,狭山線,private,11,下山口,003148,35.77928,139.44084,892,unassigned,0,,,
1355,与野,JR東日本,東北線,jr,11,与野,002947,35.88361,139.63934,1623,unassigned,0,,,
1355,与野,JR東日本,武蔵野線,jr,11,与野,002948,35.88361,139.63934,1915,unassigned,0,,,
1351,与野本町,JR東日本,東北線,jr,11,与野本町,002951,35.88177,139.62568,1619,unassigned,0,,,
1368,中浦和,JR東日本,東北線,jr,11,中浦和,002995,35.85455,139.63671,1636,unassigned,0,,,
753,丸山,ニューシャトル,伊奈線,agt,11,丸山,002787,35.97991,139.62455,772,unassigned,0,,,
1397,丹荘,JR東日本,八高線,jr,11,丹荘,002527,36.21599,139.10329,1678,unassigned,0,,,
1356,久喜,JR東日本,東北線,jr,11,久喜,002683,36.06452,139.6767,1624,unassigned,0,,,
1356,久喜,東武,伊勢崎線,private,11,久喜,002684,36.06503,139.67735,1732,unassigned,0,,,
750,今羽,ニューシャトル,伊奈線,agt,11,今羽,002835,35.94965,139.61955,769,unassigned,0,,,
886,仏子,西武,池袋線,private,11,仏子,003028,35.83769,139.36093,922,unassigned,0,,,
754,伊奈中央,ニューシャトル,伊奈線,agt,11,伊奈中央,002756,35.99919,139.61726,773,unassigned,0,,,
885,元加治,西武,池袋線,private,11,元加治,003020,35.84025,139.34621,921,unassigned,0,,,
1399,児玉,JR東日本,八高線,jr,11,児玉,002549,36.19222,139.13626,1680,unassigned,0,,,
868,入曽,西武,新宿線,private,11,入曽,003033,35.83185,139.42779,900,unassigned,0,,,
894,入間市,西武,池袋線,private,11,入間市,003018,35.84375,139.39097,932,unassigned,0,,,
1496,八木崎,東武,野田線,private,11,八木崎,002790,35.97887,139.74273,1810,unassigned,0,,,
769,八潮,つくばEX,常磐新線,third,11,八潮,003073,35.80737,139.84418,790,unassigned,0,,,
746,内宿,ニューシャトル,伊奈線,agt,11,内宿,002742,36.01404,139.59968,765,unassigned,0,,,
748,加茂宮,ニューシャトル,伊奈線,agt,11,加茂宮,002857,35.93545,139.61687,767,unassigned,0,,,
1433,加須,東武,伊勢崎線,private,11,加須,002606,36.12266,139.59621,1730,unassigned,0,,,
1192,北上尾,JR東日本,高崎線,jr,11,北上尾,002775,35.98625,139.57652,1368,unassigned,0,,,
1350,北与野,JR東日本,東北線,jr,11,北与野,002938,35.89148,139.629,1618,unassigned,0,,,
1459,北坂戸,東武,東上本線,private,11,北坂戸,002800,35.97264,139.39739,1763,unassigned,0,,,
1503,北大宮,東武,野田線,private,11,北大宮,002887,35.91739,139.6245,1818,unassigned,0,,,
1348,北戸田,JR東日本,東北線,jr,11,北戸田,003044,35.82621,139.66231,1616,unassigned,0,,,
1427,北春日部,東武,伊勢崎線,private,11,北春日部,002772,35.99069,139.74405,1723,unassigned,0,,,
1415,北朝霞,JR東日本,武蔵野線,jr,11,北朝霞,003056,35.81504,139.58656,1705,unassigned,0,,,
1195,北本,JR東日本,高崎線,jr,11,北本,002720,36.03377,139.53261,1371,unassigned,0,,,
1360,北浦和,JR東日本,東北線,jr,11,北浦和,002968,35.8715,139.64652,1628,unassigned,0,,,
1424,北越谷,東武,伊勢崎線,private,11,北越谷,002920,35.90244,139.77972,1720,unassigned,0,,,
1197,北鴻巣,JR東日本,高崎線,jr,11,北鴻巣,002652,36.0864,139.47607,1374,unassigned,0,,,
1364,南与野,JR東日本,東北線,jr,11,南与野,002975,35.86819,139.63074,1632,unassigned,0,,,
1258,南古谷,JR東日本,川越線,jr,11,南古谷,002919,35.90327,139.52007,1467,unassigned,0,,,
869,南大塚,西武,新宿線,private,11,南大塚,002940,35.89004,139.45465,901,unassigned,0,,,
1477,南栗橋,東武,日光線,private,11,南栗橋,002621,36.11249,139.71357,1786,unassigned,0,,,
1493,南桜井,東武,野田線,private,11,南桜井,002783,35.98068,139.80921,1806,unassigned,0,,,
1347,南浦和,JR東日本,東北線,jr,11,南浦和,003004,35.84922,139.6676,1615,unassigned,0,,,
1347,南浦和,JR東日本,武蔵野線,jr,11,南浦和,003005,35.84795,139.6695,1708,unassigned,0,,,
1437,南羽生,東武,伊勢崎線,private,11,南羽生,002577,36.14999,139.55643,1735,unassigned,0,,,
1413,南越谷,JR東日本,武蔵野線,jr,11,南越谷,002958,35.87604,139.79048,1703,unassigned,0,,,
741,南鳩ヶ谷,埼玉高速,埼玉高速鉄道線,third,11,南鳩ヶ谷,003054,35.81527,139.73588,760,unassigned,0,,,
747,原市,ニューシャトル,伊奈線,agt,11,原市,002812,35.96417,139.62225,766,unassigned,0,,,
1412,吉川,JR東日本,武蔵野線,jr,11,吉川,002955,35.87672,139.8425,1702,unassigned,0,,,
1561,吉川美南,JR東日本,武蔵野線,jr,11,吉川美南,002974,35.868607,139.857455,1907,unassigned,0,,,
751,吉野原,ニューシャトル,伊奈線,agt,11,吉野原,002824,35.95667,139.62083,770,unassigned,0,,,
1196,吹上,JR東日本,高崎線,jr,11,吹上,002627,36.10217,139.45533,1373,unassigned,0,,,
874,吾野,西武,池袋線,private,11,吾野,002905,35.90831,139.22645,931,unassigned,0,,,
874,吾野,西武,西武秩父線,private,11,吾野,002904,35.90831,139.22645,907,unassigned,0,,,
132,和光市,東京メトロ,8号線有楽町線,private,11,和光市,003123,35.78877,139.61182,132,unassigned,0,汤静队,,2026-10-03
132,和光市,東武,東上本線,private,11,和光市,003124,35.78877,139.61182,1756,unassigned,0,,,
1432,和戸,東武,伊勢崎線,private,11,和戸,002713,36.03927,139.70162,1729,unassigned,0,,,
959,和銅黒谷,秩父鉄道,秩父本線,private,11,和銅黒谷,002707,36.04642,139.10174,1011,unassigned,0,,,
1367,土呂,JR東日本,東北線,jr,11,土呂,002859,35.93316,139.63285,1635,unassigned,0,,,
1439,坂戸,東武,東上本線,private,11,坂戸,002822,35.95729,139.39523,1781,unassigned,0,,,
1439,坂戸,東武,越生線,private,11,坂戸,002823,35.95708,139.3946,1737,unassigned,0,,,
1501,大和田,東武,野田線,private,11,大和田,002869,35.92947,139.65165,1816,unassigned,0,,,
752,大宮,ニューシャトル,伊奈線,agt,11,大宮,002906,35.90786,139.62216,771,unassigned,0,,,
752,大宮,JR東日本,上越新幹線,shinkansen,11,大宮,002914,35.90445,139.62381,1405,unassigned,0,,,
752,大宮,JR東日本,川越線,jr,11,大宮,002916,35.90445,139.62381,1464,unassigned,0,,,
752,大宮,JR東日本,東北新幹線,shinkansen,11,大宮,002915,35.90445,139.62381,1602,unassigned,0,,,
752,大宮,JR東日本,東北線,jr,11,大宮,002912,35.90505,139.62491,1612,unassigned,0,,,
752,大宮,JR東日本,高崎線,jr,11,大宮,002913,35.90505,139.62491,1365,unassigned,0,,,
752,大宮,東武,野田線,private,11,大宮,002907,35.9074,139.62447,1815,unassigned,0,,,
1507,大宮公園,東武,野田線,private,11,大宮公園,002876,35.92404,139.63376,1822,unassigned,0,,,
1419,大袋,東武,伊勢崎線,private,11,大袋,002875,35.92382,139.77816,1714,unassigned,0,,,
953,大野原,秩父鉄道,秩父本線,private,11,大野原,002734,36.01836,139.09388,1005,unassigned,0,,,
956,大麻生,秩父鉄道,秩父本線,private,11,大麻生,002582,36.14458,139.33137,1008,unassigned,0,,,
1422,姫宮,東武,伊勢崎線,private,11,姫宮,002750,36.00391,139.73891,1717,unassigned,0,,,
1191,宮原,JR東日本,高崎線,jr,11,宮原,002847,35.94168,139.60931,1367,unassigned,0,,,
948,寄居,JR東日本,八高線,jr,11,寄居,002610,36.11775,139.19293,1685,unassigned,0,,,
948,寄居,東武,東上本線,private,11,寄居,002612,36.11742,139.19426,1764,unassigned,0,,,
948,寄居,秩父鉄道,秩父本線,private,11,寄居,002611,36.11769,139.19418,1000,unassigned,0,,,
955,小前田,秩父鉄道,秩父本線,private,11,小前田,002603,36.12894,139.22282,1007,unassigned,0,,,
1406,小川町,JR東日本,八高線,jr,11,小川町,002692,36.05877,139.26134,1692,unassigned,0,,,
1406,小川町,東武,東上本線,private,11,小川町,002693,36.05854,139.26121,1780,unassigned,0,,,
883,小手指,西武,池袋線,private,11,小手指,003088,35.80013,139.43903,919,unassigned,0,,,
1189,岡部,JR東日本,高崎線,jr,11,岡部,002541,36.20496,139.23926,1364,unassigned,0,,,
1504,岩槻,東武,野田線,private,11,岩槻,002833,35.95066,139.69366,1819,unassigned,0,,,
1362,川口,JR東日本,東北線,jr,11,川口,003086,35.80093,139.71793,1630,unassigned,0,,,
744,川口元郷,埼玉高速,埼玉高速鉄道線,third,11,川口元郷,003092,35.7995,139.72946,763,unassigned,0,,,
1442,川角,東武,越生線,private,11,川角,002850,35.93751,139.347,1741,unassigned,0,,,
1259,川越,JR東日本,川越線,jr,11,川越,002910,35.90724,139.48268,1468,unassigned,0,,,
1259,川越,東武,東上本線,private,11,川越,002909,35.90813,139.48228,1765,unassigned,0,,,
1454,川越市,東武,東上本線,private,11,川越市,002893,35.91488,139.47642,1758,unassigned,0,,,
1476,幸手,東武,日光線,private,11,幸手,002672,36.07322,139.71482,1785,unassigned,0,,,
964,影森,秩父鉄道,秩父本線,private,11,影森,002799,35.97161,139.06811,1016,unassigned,0,,,
952,御花畑,秩父鉄道,秩父本線,private,11,御花畑,002768,35.99202,139.08352,1004,unassigned,0,,,
758,志久,ニューシャトル,伊奈線,agt,11,志久,002770,35.99135,139.62208,777,unassigned,0,,,
1464,志木,東武,東上本線,private,11,志木,003049,35.82263,139.57459,1770,unassigned,0,,,
739,戸塚安行,埼玉高速,埼玉高速鉄道線,third,11,戸塚安行,002988,35.85818,139.75376,758,unassigned,0,,,
1365,戸田,JR東日本,東北線,jr,11,戸田,003052,35.8168,139.67009,1633,unassigned,0,,,
1363,戸田公園,JR東日本,東北線,jr,11,戸田公園,003072,35.80712,139.67912,1631,unassigned,0,,,
324,所沢,西武,新宿線,private,11,所沢,003131,35.78622,139.47317,324,unassigned,0,罗子傑队,,2026-10-03
324,所沢,西武,池袋線,private,11,所沢,003132,35.78742,139.47358,933,unassigned,0,,,
1400,折原,JR東日本,八高線,jr,11,折原,002633,36.09589,139.19556,1683,unassigned,0,,,
954,持田,秩父鉄道,秩父本線,private,11,持田,002593,36.13773,139.44203,1006,unassigned,0,,,
1257,指扇,JR東日本,川越線,jr,11,指扇,002891,35.91719,139.56559,1466,unassigned,0,,,
1414,新三郷,JR東日本,武蔵野線,jr,11,新三郷,002990,35.85894,139.86894,1704,unassigned,0,,,
745,新井宿,埼玉高速,埼玉高速鉄道線,third,11,新井宿,003017,35.84286,139.73712,764,unassigned,0,,,
1474,新古河,東武,日光線,private,11,新古河,002550,36.19227,139.68746,1782,unassigned,0,,,
1418,新座,JR東日本,武蔵野線,jr,11,新座,003081,35.80368,139.55546,1712,unassigned,0,,,
873,新所沢,西武,新宿線,private,11,新所沢,003077,35.80499,139.45808,905,unassigned,0,,,
1472,新河岸,東武,東上本線,private,11,新河岸,002937,35.89056,139.49768,1778,unassigned,0,,,
872,新狭山,西武,新宿線,private,11,新狭山,002963,35.87458,139.43434,904,unassigned,0,,,
1421,新田,東武,伊勢崎線,private,11,新田,002994,35.85462,139.79518,1716,unassigned,0,,,
1349,新白岡,JR東日本,東北線,jr,11,新白岡,002716,36.03683,139.67168,1617,unassigned,0,,,
1426,新越谷,東武,伊勢崎線,private,11,新越谷,002960,35.87491,139.78996,1722,unassigned,0,,,
942,新郷,秩父鉄道,秩父本線,private,11,新郷,002564,36.17144,139.51094,994,unassigned,0,,,
1256,日進,JR東日本,川越線,jr,11,日進,002862,35.93128,139.60532,1465,unassigned,0,,,
967,明戸,秩父鉄道,秩父本線,private,11,明戸,002585,36.14289,139.30277,1019,unassigned,0,,,
1403,明覚,JR東日本,八高線,jr,11,明覚,002752,36.00327,139.28895,1687,unassigned,0,,,
1425,春日部,東武,伊勢崎線,private,11,春日部,002785,35.97971,139.75367,1721,unassigned,0,,,
1425,春日部,東武,野田線,private,11,春日部,002786,35.97977,139.75292,1808,unassigned,0,,,
1451,朝霞,東武,東上本線,private,11,朝霞,003097,35.79757,139.60006,1754,unassigned,0,,,
1450,朝霞台,東武,東上本線,private,11,朝霞台,003061,35.81479,139.58664,1753,unassigned,0,,,
871,本川越,西武,新宿線,private,11,本川越,002895,35.9153,139.48189,903,unassigned,0,,,
1188,本庄,JR東日本,高崎線,jr,11,本庄,002503,36.23558,139.18975,1363,unassigned,0,,,
1210,本庄早稲田,JR東日本,上越新幹線,shinkansen,11,本庄早稲田,002525,36.21958,139.1779,1404,unassigned,0,,,
1478,杉戸高野台,東武,日光線,private,11,杉戸高野台,002700,36.05041,139.71481,1787,unassigned,0,,,
884,東吾野,西武,池袋線,private,11,東吾野,002936,35.89205,139.26053,920,unassigned,0,,,
1358,東大宮,JR東日本,東北線,jr,11,東大宮,002838,35.94976,139.6407,1626,unassigned,0,,,
756,東宮原,ニューシャトル,伊奈線,agt,11,東宮原,002844,35.94233,139.61815,775,unassigned,0,,,
1505,東岩槻,東武,野田線,private,11,東岩槻,002813,35.96351,139.71291,1820,unassigned,0,,,
740,東川口,埼玉高速,埼玉高速鉄道線,third,11,東川口,002956,35.87599,139.74424,759,unassigned,0,,,
740,東川口,JR東日本,武蔵野線,jr,11,東川口,002961,35.87527,139.74456,1699,unassigned,0,,,
323,東所沢,JR東日本,武蔵野線,jr,11,東所沢,003100,35.79451,139.51368,323,unassigned,0,罗子傑队,,2026-10-03
1460,東松山,東武,東上本線,private,11,東松山,002717,36.03392,139.40187,1766,unassigned,0,,,
1434,東武動物公園,東武,伊勢崎線,private,11,東武動物公園,002728,36.02424,139.72777,1731,unassigned,0,,,
1434,東武動物公園,東武,日光線,private,11,東武動物公園,002729,36.02424,139.72777,1784,unassigned,0,,,
1458,東武竹沢,東武,東上本線,private,11,東武竹沢,002666,36.07594,139.23764,1762,unassigned,0,,,
1441,東毛呂,東武,越生線,private,11,東毛呂,002839,35.94682,139.31575,1740,unassigned,0,,,
1416,東浦和,JR東日本,武蔵野線,jr,11,東浦和,002980,35.86422,139.70496,1707,unassigned,0,,,
945,東行田,秩父鉄道,秩父本線,private,11,東行田,002580,36.1476,139.46863,997,unassigned,0,,,
892,東飯能,JR東日本,八高線,jr,11,東飯能,002997,35.85249,139.32612,1688,unassigned,0,,,
892,東飯能,西武,池袋線,private,11,東飯能,002998,35.8525,139.32597,928,unassigned,0,,,
1354,東鷲宮,JR東日本,東北線,jr,11,東鷲宮,002643,36.09068,139.67961,1622,unassigned,0,,,
1398,松久,JR東日本,八高線,jr,11,松久,002563,36.17273,139.18251,1679,unassigned,0,,,
1455,柳瀬川,東武,東上本線,private,11,柳瀬川,003038,35.83102,139.56176,1759,unassigned,0,,,
1475,柳生,東武,日光線,private,11,柳生,002539,36.20628,139.66045,1783,unassigned,0,,,
1346,栗橋,JR東日本,東北線,jr,11,栗橋,002595,36.13721,139.69431,1614,unassigned,0,,,
1346,栗橋,東武,日光線,private,11,栗橋,002592,36.13729,139.69392,1788,unassigned,0,,,
968,桜沢,秩父鉄道,秩父本線,private,11,桜沢,002604,36.12872,139.20866,1020,unassigned,0,,,
1193,桶川,JR東日本,高崎線,jr,11,桶川,002761,35.99929,139.56328,1369,unassigned,0,,,
1453,森林公園,東武,東上本線,private,11,森林公園,002708,36.04496,139.37636,1757,unassigned,0,,,
944,樋口,秩父鉄道,秩父本線,private,11,樋口,002600,36.13132,139.12302,996,unassigned,0,,,
875,横瀬,西武,西武秩父線,private,11,横瀬,002778,35.98387,139.09876,908,unassigned,0,,,
879,正丸,西武,西武秩父線,private,11,正丸,002849,35.9386,139.18085,912,unassigned,0,,,
960,武川,秩父鉄道,秩父本線,private,11,武川,002586,36.14217,139.28114,1012,unassigned,0,,,
975,武州中川,秩父鉄道,秩父本線,private,11,武州中川,002820,35.95819,139.03494,1027,unassigned,0,,,
1440,武州唐沢,東武,越生線,private,11,武州唐沢,002829,35.95186,139.30963,1738,unassigned,0,,,
950,武州日野,秩父鉄道,秩父本線,private,11,武州日野,002826,35.95387,139.02151,1002,unassigned,0,,,
962,武州荒木,秩父鉄道,秩父本線,private,11,武州荒木,002571,36.16269,139.48899,1014,unassigned,0,,,
1443,武州長瀬,東武,越生線,private,11,武州長瀬,002845,35.94187,139.32671,1742,unassigned,0,,,
1465,武蔵嵐山,東武,東上本線,private,11,武蔵嵐山,002709,36.04403,139.32853,1771,unassigned,0,,,
889,武蔵横手,西武,池袋線,private,11,武蔵横手,002945,35.88476,139.28121,925,unassigned,0,,,
1361,武蔵浦和,JR東日本,東北線,jr,11,武蔵浦和,003008,35.84614,139.64624,1629,unassigned,0,,,
1361,武蔵浦和,JR東日本,武蔵野線,jr,11,武蔵浦和,003006,35.84589,139.6487,1706,unassigned,0,,,
890,武蔵藤沢,西武,池袋線,private,11,武蔵藤沢,003050,35.8199,139.41296,926,unassigned,0,,,
1262,武蔵高萩,JR東日本,川越線,jr,11,武蔵高萩,002921,35.90158,139.37028,1471,unassigned,0,,,
1429,武里,東武,伊勢崎線,private,11,武里,002836,35.94825,139.77095,1725,unassigned,0,,,
1401,毛呂,JR東日本,八高線,jr,11,毛呂,002846,35.9402,139.30957,1684,unassigned,0,,,
957,永田,秩父鉄道,秩父本線,private,11,永田,002597,36.1352,139.25907,1009,unassigned,0,,,
749,沼南,ニューシャトル,伊奈線,agt,11,沼南,002802,35.97072,139.62347,768,unassigned,0,,,
951,波久礼,秩父鉄道,秩父本線,private,11,波久礼,002605,36.12639,139.15808,1003,unassigned,0,,,
1345,浦和,JR東日本,東北線,jr,11,浦和,002989,35.85777,139.65763,1613,unassigned,0,,,
743,浦和美園,埼玉高速,埼玉高速鉄道線,third,11,浦和美園,002933,35.89304,139.72827,762,unassigned,0,,,
971,浦山口,秩父鉄道,秩父本線,private,11,浦山口,002811,35.9639,139.05772,1023,unassigned,0,,,
1187,深谷,JR東日本,高崎線,jr,11,深谷,002553,36.19097,139.28287,1362,unassigned,0,,,
973,熊谷,JR東日本,上越新幹線,shinkansen,11,熊谷,002589,36.13894,139.39115,1406,unassigned,0,,,
973,熊谷,JR東日本,高崎線,jr,11,熊谷,002588,36.1396,139.39057,1372,unassigned,0,,,
973,熊谷,秩父鉄道,秩父本線,private,11,熊谷,002590,36.13915,139.38949,1025,unassigned,0,,,
887,狭山ヶ丘,西武,池袋線,private,11,狭山ヶ丘,003068,35.81001,139.41775,923,unassigned,0,,,
867,狭山市,西武,新宿線,private,11,狭山市,002991,35.858,139.41365,899,unassigned,0,,,
1431,獨協大学前,東武,伊勢崎線,private,11,獨協大学前,003016,35.84398,139.80035,1727,unassigned,0,,,
1467,玉淀,東武,東上本線,private,11,玉淀,002614,36.1167,139.20057,1773,unassigned,0,,,
1405,用土,JR東日本,八高線,jr,11,用土,002573,36.15354,139.20082,1691,unassigned,0,,,
1468,男衾,東武,東上本線,private,11,男衾,002626,36.10728,139.23421,1774,unassigned,0,,,
972,白久,秩父鉄道,秩父本線,private,11,白久,002818,35.95879,138.9929,1024,unassigned,0,,,
1357,白岡,JR東日本,東北線,jr,11,白岡,002737,36.01633,139.6668,1625,unassigned,0,,,
1263,的場,JR東日本,川越線,jr,11,的場,002889,35.91732,139.43479,1472,unassigned,0,,,
946,皆野,秩父鉄道,秩父本線,private,11,皆野,002681,36.06813,139.094,998,unassigned,0,,,
947,石原,秩父鉄道,秩父本線,private,11,石原,002579,36.14782,139.36833,999,unassigned,0,,,
1186,神保原,JR東日本,高崎線,jr,11,神保原,002484,36.25421,139.14761,1361,unassigned,0,,,
966,秩父,秩父鉄道,秩父本線,private,11,秩父,002758,35.99824,139.08581,1018,unassigned,0,,,
893,稲荷山公園,西武,池袋線,private,11,稲荷山公園,003011,35.84431,139.40047,930,unassigned,0,,,
1402,竹沢,JR東日本,八高線,jr,11,竹沢,002665,36.07567,139.22938,1686,unassigned,0,,,
1260,笠幡,JR東日本,川越線,jr,11,笠幡,002908,35.90739,139.40566,1469,unassigned,0,,,
1185,籠原,JR東日本,高崎線,jr,11,籠原,002561,36.17369,139.332,1360,unassigned,0,,,
941,羽生,東武,伊勢崎線,private,11,羽生,002566,36.17113,139.53377,1713,unassigned,0,,,
941,羽生,秩父鉄道,秩父本線,private,11,羽生,002565,36.1701,139.5337,993,unassigned,0,,,
757,羽貫,ニューシャトル,伊奈線,agt,11,羽貫,002747,36.00741,139.60822,776,unassigned,0,,,
870,航空公園,西武,新宿線,private,11,航空公園,003094,35.79774,139.46627,902,unassigned,0,,,
878,芦ヶ久保,西武,西武秩父線,private,11,芦ヶ久保,002791,35.97628,139.13498,911,unassigned,0,,,
1435,花崎,東武,伊勢崎線,private,11,花崎,002623,36.10964,139.63449,1733,unassigned,0,,,
1457,若葉,東武,東上本線,private,11,若葉,002837,35.94945,139.40803,1761,unassigned,0,,,
134,草加,東武,伊勢崎線,private,11,草加,003040,35.82762,139.80339,134,unassigned,0,汤静队,,2026-10-03
1428,蒲生,東武,伊勢崎線,private,11,蒲生,002977,35.86751,139.79163,1724,unassigned,0,,,
1353,蓮田,JR東日本,東北線,jr,11,蓮田,002781,35.98241,139.65367,1621,unassigned,0,,,
1366,蕨,JR東日本,東北線,jr,11,蕨,003041,35.82721,139.69116,1634,unassigned,0,,,
1494,藤の牛島,東武,野田線,private,11,藤の牛島,002784,35.98037,139.77856,1807,unassigned,0,,,
1198,行田,JR東日本,高崎線,jr,11,行田,002619,36.11275,139.43322,1375,unassigned,0,,,
961,行田市,秩父鉄道,秩父本線,private,11,行田市,002583,36.14359,139.45997,1013,unassigned,0,,,
877,西吾野,西武,西武秩父線,private,11,西吾野,002871,35.92757,139.20252,910,unassigned,0,,,
1554,西大宮,JR東日本,川越線,jr,11,西大宮,002877,35.9218,139.57845,1891,unassigned,0,,,
1438,西大家,東武,越生線,private,11,西大家,002860,35.93191,139.35702,1736,unassigned,0,,,
1359,西川口,JR東日本,東北線,jr,11,西川口,003055,35.8149,139.70497,1627,unassigned,0,,,
1261,西川越,JR東日本,川越線,jr,11,西川越,002885,35.91921,139.45925,1470,unassigned,0,,,
861,西所沢,西武,池袋線,private,11,西所沢,003119,35.78839,139.45673,929,unassigned,0,,,
861,西所沢,西武,狭山線,private,11,西所沢,003118,35.78839,139.45673,891,unassigned,0,,,
864,西武園ゆうえんち,西武,山口線,agt,11,西武園ゆうえんち,003192,35.76876,139.44037,895,unassigned,0,,,
863,西武球場前,西武,山口線,agt,11,西武球場前,003182,35.77109,139.42053,894,unassigned,0,,,
863,西武球場前,西武,狭山線,private,11,西武球場前,003181,35.77143,139.42026,893,unassigned,0,,,
876,西武秩父,西武,西武秩父線,private,11,西武秩父,002771,35.98896,139.08262,909,unassigned,0,,,
1417,西浦和,JR東日本,武蔵野線,jr,11,西浦和,003014,35.84452,139.62831,1709,unassigned,0,,,
943,西羽生,秩父鉄道,秩父本線,private,11,西羽生,002560,36.17666,139.52489,995,unassigned,0,,,
958,親鼻,秩父鉄道,秩父本線,private,11,親鼻,002661,36.07745,139.10543,1010,unassigned,0,,,
133,谷塚,東武,伊勢崎線,private,11,谷塚,003059,35.8141,139.80107,133,unassigned,0,汤静队,,2026-10-03
1506,豊春,東武,野田線,private,11,豊春,002807,35.96827,139.72671,1821,unassigned,0,,,
1404,越生,JR東日本,八高線,jr,11,越生,002814,35.96224,139.29942,1690,unassigned,0,,,
1404,越生,東武,越生線,private,11,越生,002815,35.9633,139.29948,1739,unassigned,0,,,
1430,越谷,東武,伊勢崎線,private,11,越谷,002942,35.8883,139.78587,1726,unassigned,0,,,
1556,越谷レイクタウン,JR東日本,武蔵野線,jr,11,越谷レイクタウン,002957,35.87607,139.82125,1893,unassigned,0,,,
974,野上,秩父鉄道,秩父本線,private,11,野上,002622,36.11198,139.1109,1026,unassigned,0,,,
130,金子,JR東日本,八高線,jr,11,金子,003067,35.81033,139.32885,130,unassigned,0,汤静队,,2026-10-03
755,鉄道博物館,ニューシャトル,伊奈線,agt,11,鉄道博物館,002881,35.91995,139.61795,774,unassigned,0,,,
1466,鉢形,東武,東上本線,private,11,鉢形,002620,36.11381,139.20929,1772,unassigned,0,,,
969,長瀞,秩父鉄道,秩父本線,private,11,長瀞,002635,36.09594,139.11202,1021,unassigned,0,,,
1471,霞ヶ関,東武,東上本線,private,11,霞ヶ関,002874,35.92511,139.44521,1777,unassigned,0,,,
888,飯能,西武,池袋線,private,11,飯能,002999,35.85071,139.32013,924,unassigned,0,,,
1462,高坂,東武,東上本線,private,11,高坂,002753,36.00191,139.398,1768,unassigned,0,,,
891,高麗,西武,池袋線,private,11,高麗,002950,35.88172,139.30516,927,unassigned,0,,,
1264,高麗川,JR東日本,八高線,jr,11,高麗川,002928,35.89586,139.33842,1681,unassigned,0,,,
1264,高麗川,JR東日本,川越線,jr,11,高麗川,002927,35.89586,139.33842,1473,unassigned,0,,,
742,鳩ヶ谷,埼玉高速,埼玉高速鉄道線,third,11,鳩ヶ谷,003036,35.83,139.73653,761,unassigned,0,,,
1194,鴻巣,JR東日本,高崎線,jr,11,鴻巣,002691,36.05763,139.51077,1370,unassigned,0,,,
1461,鶴ヶ島,東武,東上本線,private,11,鶴ヶ島,002852,35.93609,139.42502,1767,unassigned,0,,,
1456,鶴瀬,東武,東上本線,private,11,鶴瀬,003007,35.84489,139.54057,1760,unassigned,0,,,
1436,鷲宮,東武,伊勢崎線,private,11,鷲宮,002632,36.09585,139.65739,1734,unassigned,0,,,
621,おゆみ野,京成,千原線,private,12,おゆみ野,004365,35.54975,140.16708,628,unassigned,0,,,
848,くぬぎ山,新京成,新京成線,private,12,くぬぎ山,003143,35.78279,139.97582,877,unassigned,0,,,
619,ちはら台,京成,千原線,private,12,ちはら台,004423,35.53259,140.16995,626,unassigned,0,,,
901,みつわ台,千葉モノレール,2号線,monorail,12,みつわ台,004041,35.63849,140.13521,945,unassigned,0,,,
624,みどり台,京成,千葉線,private,12,みどり台,004115,35.62572,140.097,631,unassigned,0,,,
841,みのり台,新京成,新京成線,private,12,みのり台,003116,35.78947,139.92815,870,unassigned,0,,,
907,スポーツセンター,千葉モノレール,2号線,monorail,12,スポーツセンター,004023,35.64305,140.11609,951,unassigned,0,,,
1533,ベイサイド･ステーション,ディズニーライン,ディズニーリゾートライン,monorail,12,ベイサイド･ステーション,004098,35.62799,139.87584,1852,unassigned,0,,,
644,ユーカリが丘,京成,本線,private,12,ユーカリが丘,003458,35.72197,140.15698,652,unassigned,0,,,
644,ユーカリが丘,山万,ユーカリが丘線,agt,12,ユーカリが丘,003452,35.72252,140.15697,782,unassigned,0,,,
1531,リゾートゲートウェイ･ステーション,ディズニーライン,ディズニーリゾートライン,monorail,12,リゾートゲートウェイ･ステーション,004063,35.63531,139.88433,1850,unassigned,0,,,
1489,七光台,東武,野田線,private,12,七光台,002803,35.97034,139.85326,1802,unassigned,0,,,
852,三咲,新京成,新京成線,private,12,三咲,003265,35.74964,140.02845,881,unassigned,0,,,
1141,三門,JR東日本,外房線,jr,12,三門,005153,35.28258,140.39156,1309,unassigned,0,,,
860,上本郷,新京成,新京成線,private,12,上本郷,003115,35.78915,139.9155,890,unassigned,0,,,
1146,上総一ノ宮,JR東日本,外房線,jr,12,上総一ノ宮,004901,35.37331,140.36526,1314,unassigned,0,,,
827,上総三又,小湊,小湊鐵道線,private,12,上総三又,004632,35.46558,140.12684,856,unassigned,0,,,
532,上総中川,いすみ,いすみ線,third,12,上総中川,005154,35.28269,140.28097,532,unassigned,0,,,
529,上総中野,いすみ,いすみ線,third,12,上総中野,005239,35.24986,140.19998,529,unassigned,0,,,
529,上総中野,小湊,小湊鐵道線,private,12,上総中野,005238,35.24986,140.19998,855,unassigned,0,,,
816,上総久保,小湊,小湊鐵道線,private,12,上総久保,004921,35.3672,140.15415,844,unassigned,0,,,
1165,上総亀山,JR東日本,久留里線,jr,12,上総亀山,005274,35.2334,140.08917,1334,unassigned,0,,,
824,上総大久保,小湊,小湊鐵道線,private,12,上総大久保,005151,35.28338,140.14551,852,unassigned,0,,,
818,上総山田,小湊,小湊鐵道線,private,12,上総山田,004667,35.45377,140.12606,846,unassigned,0,,,
828,上総川間,小湊,小湊鐵道線,private,12,上総川間,004867,35.38809,140.15135,857,unassigned,0,,,
822,上総村上,小湊,小湊鐵道線,private,12,上総村上,004535,35.49577,140.10066,850,unassigned,0,,,
535,上総東,いすみ,いすみ線,third,12,上総東,005198,35.26333,140.34531,535,unassigned,0,,,
1169,上総松丘,JR東日本,久留里線,jr,12,上総松丘,005209,35.25788,140.06406,1338,unassigned,0,,,
1166,上総清川,JR東日本,久留里線,jr,12,上総清川,004857,35.39084,139.96609,1335,unassigned,0,,,
1374,上総湊,JR東日本,内房線,jr,12,上総湊,005302,35.22095,139.87075,1648,unassigned,0,,,
823,上総牛久,小湊,小湊鐵道線,private,12,上総牛久,004826,35.40011,140.14266,851,unassigned,0,,,
1160,上総興津,JR東日本,外房線,jr,12,上総興津,005566,35.13749,140.25117,1329,unassigned,0,,,
814,上総鶴舞,小湊,小湊鐵道線,private,12,上総鶴舞,004884,35.3816,140.16477,842,unassigned,0,,,
1299,下総中山,JR東日本,総武線,jr,12,下総中山,003498,35.71391,139.94395,1513,unassigned,0,,,
1225,下総松崎,JR東日本,成田線,jr,12,下総松崎,003071,35.80717,140.27849,1428,unassigned,0,,,
1238,下総橘,JR東日本,成田線,jr,12,下総橘,003051,35.81822,140.70236,1444,unassigned,0,,,
1222,下総神崎,JR東日本,成田線,jr,12,下総神崎,002932,35.89458,140.40971,1425,unassigned,0,,,
1233,下総豊里,JR東日本,成田線,jr,12,下総豊里,003103,35.79245,140.72145,1439,unassigned,0,,,
1170,下郡,JR東日本,久留里線,jr,12,下郡,004957,35.35463,140.0554,1339,unassigned,0,,,
760,中学校,山万,ユーカリが丘線,agt,12,中学校,003316,35.74046,140.14854,779,unassigned,0,,,
1226,久住,JR東日本,成田線,jr,12,久住,003034,35.83249,140.33967,1429,unassigned,0,,,
534,久我原,いすみ,いすみ線,third,12,久我原,005236,35.25053,140.24745,534,unassigned,0,,,
1167,久留里,JR東日本,久留里線,jr,12,久留里,005127,35.29523,140.07574,1336,unassigned,0,,,
1385,九重,JR東日本,内房線,jr,12,九重,006018,34.9977,139.91023,1659,unassigned,0,,,
1182,二俣新町,JR東日本,京葉線,jr,12,二俣新町,003682,35.6915,139.9604,1353,unassigned,0,,,
845,二和向台,新京成,新京成線,private,12,二和向台,003238,35.75365,140.02431,874,unassigned,0,,,
813,五井,小湊,小湊鐵道線,private,12,五井,004480,35.51218,140.08849,841,unassigned,0,,,
813,五井,JR東日本,内房線,jr,12,五井,004479,35.51218,140.08849,1644,unassigned,0,,,
854,五香,新京成,新京成線,private,12,五香,003095,35.79778,139.96556,883,unassigned,0,,,
761,井野,山万,ユーカリが丘線,agt,12,井野,003366,35.73318,140.14844,780,unassigned,0,,,
653,京成中山,京成,本線,private,12,京成中山,003485,35.71673,139.94493,663,unassigned,0,,,
638,京成佐倉,京成,本線,private,12,京成佐倉,003438,35.72524,140.23072,646,unassigned,0,,,
640,京成八幡,京成,本線,private,12,京成八幡,003445,35.72362,139.92854,648,unassigned,0,,,
626,京成千葉,京成,千葉線,private,12,京成千葉,004176,35.6117,140.11406,633,unassigned,0,,,
641,京成大久保,京成,本線,private,12,京成大久保,003725,35.68592,140.04917,649,unassigned,0,,,
635,京成大和田,京成,本線,private,12,京成大和田,003511,35.71259,140.10925,643,unassigned,0,,,
629,京成幕張,京成,千葉線,private,12,京成幕張,003913,35.66098,140.05574,637,unassigned,0,,,
630,京成幕張本郷,京成,千葉線,private,12,京成幕張本郷,003814,35.67278,140.04184,638,unassigned,0,,,
631,京成成田,京成,本線,private,12,京成成田,003167,35.77671,140.31612,653,unassigned,0,,,
631,京成成田,京成,東成田線,private,12,京成成田,003166,35.77671,140.31612,639,unassigned,0,,,
622,京成津田沼,京成,千葉線,private,12,京成津田沼,003748,35.68349,140.02558,629,unassigned,0,,,
622,京成津田沼,京成,本線,private,12,京成津田沼,003749,35.68349,140.02558,654,unassigned,0,,,
622,京成津田沼,新京成,新京成線,private,12,京成津田沼,003747,35.68349,140.02558,888,unassigned,0,,,
625,京成稲毛,京成,千葉線,private,12,京成稲毛,004048,35.63771,140.08565,632,unassigned,0,,,
654,京成臼井,京成,本線,private,12,京成臼井,003392,35.73053,140.1813,664,unassigned,0,,,
656,京成船橋,京成,本線,private,12,京成船橋,003609,35.70029,139.98591,666,unassigned,0,,,
637,京成西船,京成,本線,private,12,京成西船,003516,35.71146,139.95927,645,unassigned,0,,,
657,京成酒々井,京成,本線,private,12,京成酒々井,003342,35.73644,140.2697,667,unassigned,0,,,
981,仲ノ町,銚子電鉄,銚子電気鉄道線,private,12,仲ノ町,003405,35.72887,140.83415,1033,unassigned,0,,,
1220,佐倉,JR東日本,成田線,jr,12,佐倉,003531,35.70959,140.22555,1422,unassigned,0,,,
1220,佐倉,JR東日本,総武線,jr,12,佐倉,003532,35.70959,140.22555,1519,unassigned,0,,,
1229,佐原,JR東日本,成田線,jr,12,佐原,002931,35.89573,140.49261,1433,unassigned,0,,,
1377,佐貫町,JR東日本,内房線,jr,12,佐貫町,005205,35.25905,139.87648,1651,unassigned,0,,,
910,作草部,千葉モノレール,2号線,monorail,12,作草部,004113,35.62546,140.11551,954,unassigned,0,,,
1372,保田,JR東日本,内房線,jr,12,保田,005558,35.14086,139.83859,1645,unassigned,0,,,
1175,俵田,JR東日本,久留里線,jr,12,俵田,005074,35.31438,140.06175,1344,unassigned,0,,,
1304,倉橋,JR東日本,総武線,jr,12,倉橋,003332,35.73807,140.71458,1523,unassigned,0,,,
847,元山,新京成,新京成線,private,12,元山,003111,35.79065,139.97525,876,unassigned,0,,,
826,光風台,小湊,小湊鐵道線,private,12,光風台,004713,35.43919,140.11407,854,unassigned,0,,,
1512,八千代中央,東葉高速,東葉高速線,third,12,八千代中央,003416,35.72764,140.10442,1828,unassigned,0,,,
652,八千代台,京成,本線,private,12,八千代台,003597,35.70182,140.09135,662,unassigned,0,,,
1514,八千代緑が丘,東葉高速,東葉高速線,third,12,八千代緑が丘,003401,35.72902,140.07426,1831,unassigned,0,,,
1383,八幡宿,JR東日本,内房線,jr,12,八幡宿,004411,35.53545,140.11924,1657,unassigned,0,,,
1287,八日市場,JR東日本,総武線,jr,12,八日市場,003621,35.69974,140.55323,1500,unassigned,0,,,
850,八柱,新京成,新京成線,private,12,八柱,003105,35.79107,139.93707,879,unassigned,0,,,
1140,八積,JR東日本,外房線,jr,12,八積,004803,35.40337,140.34642,1308,unassigned,0,,,
1301,八街,JR東日本,総武線,jr,12,八街,003895,35.66272,140.31834,1518,unassigned,0,,,
759,公園,山万,ユーカリが丘線,agt,12,公園,003386,35.73109,140.15373,778,unassigned,0,,,
648,公津の杜,京成,本線,private,12,公津の杜,003219,35.76009,140.29403,658,unassigned,0,,,
1483,六実,東武,野田線,private,12,六実,003102,35.79421,139.99924,1794,unassigned,0,,,
842,初富,新京成,新京成線,private,12,初富,003178,35.77148,140.00026,871,unassigned,0,,,
1497,初石,東武,野田線,private,12,初石,002949,35.88329,139.91824,1811,unassigned,0,,,
851,前原,新京成,新京成線,private,12,前原,003603,35.70096,140.02802,880,unassigned,0,,,
908,動物公園,千葉モノレール,2号線,monorail,12,動物公園,004028,35.6425,140.12587,952,unassigned,0,,,
1157,勝浦,JR東日本,外房線,jr,12,勝浦,005520,35.15309,140.31283,1326,unassigned,0,,,
646,勝田台,京成,本線,private,12,勝田台,003492,35.71547,140.12685,656,unassigned,0,,,
843,北初富,新京成,新京成線,private,12,北初富,003164,35.77639,139.98924,872,unassigned,0,,,
1543,北国分,北総,北総線,third,12,北国分,003213,35.76302,139.91513,1865,unassigned,0,,,
1215,北小金,JR東日本,常磐線,jr,12,北小金,003032,35.83368,139.93183,1411,unassigned,0,,,
1218,北松戸,JR東日本,常磐線,jr,12,北松戸,003089,35.7997,139.911,1414,unassigned,0,,,
1213,北柏,JR東日本,常磐線,jr,12,北柏,002959,35.87562,139.98868,1409,unassigned,0,,,
857,北習志野,新京成,新京成線,private,12,北習志野,003463,35.72164,140.0418,886,unassigned,0,,,
857,北習志野,東葉高速,東葉高速線,third,12,北習志野,003459,35.72194,140.04326,1830,unassigned,0,,,
1209,十二橋,JR東日本,鹿島線,jr,12,十二橋,002890,35.91648,140.5458,1403,unassigned,0,,,
1382,千倉,JR東日本,内房線,jr,12,千倉,006115,34.97671,139.95321,1656,unassigned,0,,,
909,千城台,千葉モノレール,2号線,monorail,12,千城台,004126,35.62212,140.18884,953,unassigned,0,,,
900,千城台北,千葉モノレール,2号線,monorail,12,千城台北,004103,35.6274,140.18238,944,unassigned,0,,,
1373,千歳,JR東日本,内房線,jr,12,千歳,006049,34.99043,139.96595,1646,unassigned,0,,,
895,千葉,千葉モノレール,1号線,monorail,12,千葉,004173,35.6116,140.11365,938,unassigned,0,,,
895,千葉,千葉モノレール,2号線,monorail,12,千葉,004174,35.6116,140.11365,943,unassigned,0,,,
895,千葉,JR東日本,外房線,jr,12,千葉,004167,35.61259,140.11396,1305,unassigned,0,,,
895,千葉,JR東日本,総武線,jr,12,千葉,004165,35.61315,140.11492,1520,unassigned,0,,,
896,千葉みなと,千葉モノレール,1号線,monorail,12,千葉みなと,004201,35.60762,140.10224,939,unassigned,0,,,
896,千葉みなと,JR東日本,京葉線,jr,12,千葉みなと,004209,35.60606,140.10346,1352,unassigned,0,,,
1540,千葉ニュータウン中央,京成,成田空港線,private,12,千葉ニュータウン中央,003090,35.79994,140.11538,1902,unassigned,0,,,
1540,千葉ニュータウン中央,北総,北総線,third,12,千葉ニュータウン中央,003091,35.79994,140.11538,1860,unassigned,0,,,
616,千葉中央,京成,千原線,private,12,千葉中央,004194,35.60821,140.11739,623,unassigned,0,,,
616,千葉中央,京成,千葉線,private,12,千葉中央,004195,35.60821,140.11739,635,unassigned,0,,,
903,千葉公園,千葉モノレール,2号線,monorail,12,千葉公園,004137,35.61937,140.1181,947,unassigned,0,,,
617,千葉寺,京成,千原線,private,12,千葉寺,004260,35.5902,140.13274,624,unassigned,0,,,
1379,南三原,JR東日本,内房線,jr,12,南三原,005909,35.02162,139.98003,1653,unassigned,0,,,
1211,南柏,JR東日本,常磐線,jr,12,南柏,003012,35.84517,139.95519,1407,unassigned,0,,,
770,南流山,JR東日本,武蔵野線,jr,12,南流山,003027,35.83744,139.90462,1701,unassigned,0,,,
770,南流山,つくばEX,常磐新線,third,12,南流山,003024,35.83885,139.90347,791,unassigned,0,,,
1180,南船橋,JR東日本,京葉線,jr,12,南船橋,003761,35.68131,139.99643,1350,unassigned,0,,,
172,南行徳,東京メトロ,5号線東西線,private,12,南行徳,003819,35.67339,139.90306,172,unassigned,0,甘子杰队,,2026-10-03
1298,南酒々井,JR東日本,総武線,jr,12,南酒々井,003576,35.70454,140.26689,1512,unassigned,0,,,
1538,印旛日本医大,京成,成田空港線,private,12,印旛日本医大,003125,35.787721,140.203038,1901,unassigned,0,,,
1538,印旛日本医大,北総,北総線,third,12,印旛日本医大,003126,35.787721,140.203038,1857,unassigned,0,,,
1539,印西牧の原,北総,北総線,third,12,印西牧の原,003083,35.80348,140.16778,1858,unassigned,0,,,
169,原木中山,東京メトロ,5号線東西線,private,12,原木中山,003582,35.70264,139.94123,169,unassigned,0,甘子杰队,,2026-10-03
985,君ヶ浜,銚子電鉄,銚子電気鉄道線,private,12,君ヶ浜,003500,35.71375,140.86046,1037,unassigned,0,,,
1394,君津,JR東日本,内房線,jr,12,君津,005014,35.33324,139.89699,1668,unassigned,0,,,
1390,和田浦,JR東日本,内房線,jr,12,和田浦,005853,35.04211,140.01986,1664,unassigned,0,,,
1297,四街道,JR東日本,総武線,jr,12,四街道,003898,35.66323,140.16599,1511,unassigned,0,,,
533,国吉,いすみ,いすみ線,third,12,国吉,005160,35.28039,140.31468,533,unassigned,0,,,
660,国府台,京成,本線,private,12,国府台,003346,35.73618,139.90426,671,unassigned,0,,,
1158,土気,JR東日本,外房線,jr,12,土気,004436,35.53043,140.27125,1327,unassigned,0,,,
762,地区センター,山万,ユーカリが丘線,agt,12,地区センター,003429,35.72651,140.15511,781,unassigned,0,,,
1555,城見ヶ丘,いすみ,いすみ線,third,12,城見ヶ丘,005136,35.29169,140.25204,1892,unassigned,0,,,
1485,塚田,東武,野田線,private,12,塚田,003454,35.72168,139.98251,1796,unassigned,0,,,
1480,増尾,東武,野田線,private,12,増尾,003039,35.82956,139.9766,1791,unassigned,0,,,
980,外川,銚子電鉄,銚子電気鉄道線,private,12,外川,003620,35.69903,140.85711,1032,unassigned,0,,,
655,大佐倉,京成,本線,private,12,大佐倉,003394,35.72978,140.25042,665,unassigned,0,,,
541,大原,いすみ,いすみ線,third,12,大原,005230,35.25185,140.39099,541,unassigned,0,,,
541,大原,JR東日本,外房線,jr,12,大原,005229,35.25185,140.39099,1325,unassigned,0,,,
530,大多喜,いすみ,いすみ線,third,12,大多喜,005145,35.28619,140.24378,530,unassigned,0,,,
1236,大戸,JR東日本,成田線,jr,12,大戸,002939,35.88944,140.45673,1442,unassigned,0,,,
618,大森台,京成,千原線,private,12,大森台,004276,35.58371,140.14992,625,unassigned,0,,,
1536,大町,北総,北総線,third,12,大町,003170,35.77518,139.9743,1855,unassigned,0,,,
639,大神宮下,京成,本線,private,12,大神宮下,003664,35.69365,139.99155,647,unassigned,0,,,
1161,大網,JR東日本,外房線,jr,12,大網,004451,35.52143,140.31239,1330,unassigned,0,,,
1161,大網,JR東日本,東金線,jr,12,大網,004450,35.52288,140.31215,1598,unassigned,0,,,
1375,大貫,JR東日本,内房線,jr,12,大貫,005137,35.29076,139.85587,1649,unassigned,0,,,
902,天台,千葉モノレール,2号線,monorail,12,天台,004080,35.63113,140.11293,946,unassigned,0,,,
1216,天王台,JR東日本,常磐線,jr,12,天王台,002967,35.87248,140.04213,1412,unassigned,0,,,
1154,太東,JR東日本,外房線,jr,12,太東,005051,35.32066,140.38119,1322,unassigned,0,,,
1371,太海,JR東日本,内房線,jr,12,太海,005739,35.08233,140.096,1643,unassigned,0,,,
763,女子大,山万,ユーカリが丘線,agt,12,女子大,003326,35.73788,140.15541,783,unassigned,0,,,
170,妙典,東京メトロ,5号線東西線,private,12,妙典,003686,35.69029,139.92343,170,unassigned,0,甘子杰队,,2026-10-03
1389,姉ヶ崎,JR東日本,内房線,jr,12,姉ヶ崎,004591,35.47779,140.04024,1663,unassigned,0,,,
620,学園前,京成,千原線,private,12,学園前,004338,35.55982,140.15828,627,unassigned,0,,,
1391,安房勝山,JR東日本,内房線,jr,12,安房勝山,005656,35.11322,139.83374,1665,unassigned,0,,,
1159,安房天津,JR東日本,外房線,jr,12,安房天津,005604,35.12546,140.15384,1328,unassigned,0,,,
1153,安房小湊,JR東日本,外房線,jr,12,安房小湊,005590,35.12885,140.19102,1321,unassigned,0,,,
1143,安房鴨川,JR東日本,内房線,jr,12,安房鴨川,005674,35.10702,140.10311,1639,unassigned,0,,,
1143,安房鴨川,JR東日本,外房線,jr,12,安房鴨川,005673,35.10702,140.10311,1311,unassigned,0,,,
1228,安食,JR東日本,成田線,jr,12,安食,003030,35.83526,140.24343,1432,unassigned,0,,,
647,宗吾参道,京成,本線,private,12,宗吾参道,003240,35.75196,140.28031,657,unassigned,0,,,
642,実籾,京成,本線,private,12,実籾,003718,35.68697,140.06875,650,unassigned,0,,,
1393,富浦,JR東日本,内房線,jr,12,富浦,005843,35.04716,139.8375,1667,unassigned,0,,,
906,小倉台,千葉モノレール,2号線,monorail,12,小倉台,004099,35.62798,140.17222,950,unassigned,0,,,
1537,小室,北総,北総線,third,12,小室,003129,35.78694,140.07517,1856,unassigned,0,,,
1227,小林,JR東日本,成田線,jr,12,小林,003037,35.83005,140.19411,1431,unassigned,0,,,
1164,小櫃,JR東日本,久留里線,jr,12,小櫃,005030,35.32791,140.05985,1333,unassigned,0,,,
1221,小見川,JR東日本,成田線,jr,12,小見川,003001,35.84969,140.60544,1424,unassigned,0,,,
537,小谷松,いすみ,いすみ線,third,12,小谷松,005182,35.26877,140.25137,537,unassigned,0,,,
937,小金城趾,流鉄,流山線,private,12,小金城趾,003029,35.83627,139.91656,986,unassigned,0,,,
1369,岩井,JR東日本,内房線,jr,12,岩井,005717,35.09214,139.85,1641,unassigned,0,,,
1370,巌根,JR東日本,内房線,jr,12,巌根,004774,35.41399,139.93322,1642,unassigned,0,,,
1492,川間,東武,野田線,private,12,川間,002788,35.97921,139.83548,1805,unassigned,0,,,
131,市川,JR東日本,総武線,jr,12,市川,003403,35.72835,139.90948,131,unassigned,0,汤静队,,2026-10-03
1177,市川塩浜,JR東日本,京葉線,jr,12,市川塩浜,003870,35.66742,139.92413,1347,unassigned,0,,,
1409,市川大野,JR東日本,武蔵野線,jr,12,市川大野,003234,35.7548,139.95176,1695,unassigned,0,,,
662,市川真間,京成,本線,private,12,市川真間,003380,35.73095,139.91233,674,unassigned,0,,,
898,市役所前,千葉モノレール,1号線,monorail,12,市役所前,004203,35.6067,140.10718,941,unassigned,0,,,
1230,布佐,JR東日本,成田線,jr,12,布佐,003002,35.84839,140.13339,1434,unassigned,0,,,
856,常盤平,新京成,新京成線,private,12,常盤平,003085,35.80299,139.94889,885,unassigned,0,,,
1300,幕張,JR東日本,総武線,jr,12,幕張,003919,35.65896,140.05849,1516,unassigned,0,,,
1294,幕張本郷,JR東日本,総武線,jr,12,幕張本郷,003815,35.67199,140.04316,1508,unassigned,0,,,
1302,干潟,JR東日本,総武線,jr,12,干潟,003478,35.71813,140.60239,1521,unassigned,0,,,
280,平和台,流鉄,流山線,private,12,平和台,003000,35.85079,139.90119,280,unassigned,0,罗子傑队,,2026-10-03
1168,平山,JR東日本,久留里線,jr,12,平山,005173,35.27402,140.06439,1337,unassigned,0,,,
933,幸谷,流鉄,流山線,private,12,幸谷,003043,35.82741,139.92012,982,unassigned,0,,,
1147,御宿,JR東日本,外房線,jr,12,御宿,005404,35.18675,140.35082,1315,unassigned,0,,,
636,志津,京成,本線,private,12,志津,003482,35.71734,140.14453,644,unassigned,0,,,
1499,愛宕,東武,野田線,private,12,愛宕,002832,35.95019,139.86498,1813,unassigned,0,,,
1283,成東,JR東日本,東金線,jr,12,成東,004190,35.60855,140.41218,1596,unassigned,0,,,
1283,成東,JR東日本,総武線,jr,12,成東,004189,35.60855,140.41218,1496,unassigned,0,,,
1239,成田,JR東日本,成田線,jr,12,成田,003161,35.77553,140.31278,1445,unassigned,0,,,
1559,成田湯川,京成,成田空港線,private,12,成田湯川,003093,35.799577,140.292302,1896,unassigned,0,,,
633,成田空港,京成,成田空港線,private,12,成田空港,003204,35.76452,140.38551,1899,unassigned,0,,,
633,成田空港,京成,本線,private,12,成田空港,003205,35.76452,140.38551,641,unassigned,0,,,
633,成田空港,JR東日本,成田線,jr,12,成田空港,003203,35.76452,140.38551,1437,unassigned,0,,,
1217,我孫子,JR東日本,常磐線,jr,12,我孫子,002965,35.87292,140.01224,1413,unassigned,0,,,
1217,我孫子,JR東日本,成田線,jr,12,我孫子,002966,35.87292,140.01224,1423,unassigned,0,,,
1410,新八柱,JR東日本,武蔵野線,jr,12,新八柱,003106,35.79077,139.93867,1698,unassigned,0,,,
623,新千葉,京成,千葉線,private,12,新千葉,004172,35.61255,140.10824,630,unassigned,0,,,
1237,新木,JR東日本,成田線,jr,12,新木,002983,35.8625,140.10804,1443,unassigned,0,,,
1214,新松戸,JR東日本,常磐線,jr,12,新松戸,003046,35.82442,139.92081,1410,unassigned,0,,,
1214,新松戸,JR東日本,武蔵野線,jr,12,新松戸,003045,35.82526,139.92154,1696,unassigned,0,,,
1487,新柏,東武,野田線,private,12,新柏,003026,35.83758,139.96763,1798,unassigned,0,,,
1286,新検見川,JR東日本,総武線,jr,12,新検見川,003965,35.65167,140.07449,1499,unassigned,0,,,
853,新津田沼,新京成,新京成線,private,12,新津田沼,003694,35.69046,140.02298,882,unassigned,0,,,
1184,新浦安,JR東日本,京葉線,jr,12,新浦安,003978,35.65021,139.91336,1355,unassigned,0,,,
540,新田野,いすみ,いすみ線,third,12,新田野,005169,35.27573,140.32877,540,unassigned,0,,,
1176,新習志野,JR東日本,京葉線,jr,12,新習志野,003863,35.66685,140.01392,1346,unassigned,0,,,
1486,新船橋,東武,野田線,private,12,新船橋,003518,35.71098,139.97973,1797,unassigned,0,,,
1139,新茂原,JR東日本,外房線,jr,12,新茂原,004683,35.44845,140.29945,1307,unassigned,0,,,
840,新鎌ヶ谷,京成,成田空港線,private,12,新鎌ヶ谷,003146,35.77933,139.99739,1903,unassigned,0,,,
840,新鎌ヶ谷,北総,北総線,third,12,新鎌ヶ谷,003147,35.77933,139.99739,1861,unassigned,0,,,
840,新鎌ヶ谷,新京成,新京成線,private,12,新鎌ヶ谷,003149,35.77941,139.99926,869,unassigned,0,,,
840,新鎌ヶ谷,東武,野田線,private,12,新鎌ヶ谷,003145,35.78137,139.99947,1868,unassigned,0,,,
1292,日向,JR東日本,総武線,jr,12,日向,004096,35.62797,140.36312,1506,unassigned,0,,,
1288,旭,JR東日本,総武線,jr,12,旭,003457,35.72199,140.65587,1501,unassigned,0,,,
821,月崎,小湊,小湊鐵道線,private,12,月崎,005108,35.30189,140.13927,849,unassigned,0,,,
1240,木下,JR東日本,成田線,jr,12,木下,003022,35.83898,140.1493,1446,unassigned,0,,,
1162,木更津,JR東日本,久留里線,jr,12,木更津,004882,35.38036,139.92599,1331,unassigned,0,,,
1162,木更津,JR東日本,内房線,jr,12,木更津,004883,35.38036,139.92599,1647,unassigned,0,,,
1103,本八幡,都営,10号線新宿線,public,12,本八幡,003449,35.72407,139.92749,1235,unassigned,0,,,
1103,本八幡,JR東日本,総武線,jr,12,本八幡,003467,35.72048,139.92828,1515,unassigned,0,,,
1137,本千葉,JR東日本,外房線,jr,12,本千葉,004236,35.60167,140.12093,1304,unassigned,0,,,
1142,本納,JR東日本,外房線,jr,12,本納,004575,35.48115,140.30741,1310,unassigned,0,,,
984,本銚子,銚子電鉄,銚子電気鉄道線,private,12,本銚子,003384,35.73095,140.84777,1036,unassigned,0,,,
1513,村上,東葉高速,東葉高速線,third,12,村上,003446,35.72337,140.11967,1829,unassigned,0,,,
650,東中山,京成,本線,private,12,東中山,003496,35.7143,139.9531,660,unassigned,0,,,
1530,東京ディズニーシー･ステーション,ディズニーライン,ディズニーリゾートライン,monorail,12,東京ディズニーシー･ステーション,004106,35.62755,139.88909,1849,unassigned,0,,,
1532,東京ディズニーランド･ステーション,ディズニーライン,ディズニーリゾートライン,monorail,12,東京ディズニーランド･ステーション,004058,35.6357,139.87802,1851,unassigned,0,,,
1296,東千葉,JR東日本,総武線,jr,12,東千葉,004151,35.6177,140.1233,1510,unassigned,0,,,
632,東成田,京成,東成田線,private,12,東成田,003189,35.76902,140.38774,640,unassigned,0,,,
632,東成田,芝山鉄道,芝山鉄道線,third,12,東成田,003190,35.76902,140.38774,785,unassigned,0,,,
1232,東我孫子,JR東日本,成田線,jr,12,東我孫子,002972,35.86907,140.04873,1438,unassigned,0,,,
1407,東松戸,京成,成田空港線,private,12,東松戸,003187,35.77038,139.94376,1904,unassigned,0,,,
1407,東松戸,北総,北総線,third,12,東松戸,003188,35.77038,139.94376,1859,unassigned,0,,,
1407,東松戸,JR東日本,武蔵野線,jr,12,東松戸,003183,35.76977,139.9441,1693,unassigned,0,,,
1163,東横田,JR東日本,久留里線,jr,12,東横田,004875,35.38615,140.0364,1332,unassigned,0,,,
1151,東浪見,JR東日本,外房線,jr,12,東浪見,004976,35.3459,140.37715,1319,unassigned,0,,,
1509,東海神,東葉高速,東葉高速線,third,12,東海神,003566,35.70647,139.98169,1825,unassigned,0,,,
1172,東清川,JR東日本,久留里線,jr,12,東清川,004860,35.39002,139.98631,1341,unassigned,0,,,
531,東総元,いすみ,いすみ線,third,12,東総元,005207,35.25929,140.24727,531,unassigned,0,,,
1305,東船橋,JR東日本,総武線,jr,12,東船橋,003613,35.69996,140.00277,1524,unassigned,0,,,
1510,東葉勝田台,東葉高速,東葉高速線,third,12,東葉勝田台,003487,35.71561,140.1262,1826,unassigned,0,,,
1343,東金,JR東日本,東金線,jr,12,東金,004339,35.55965,140.36272,1600,unassigned,0,,,
1289,松尾,JR東日本,総武線,jr,12,松尾,004054,35.63718,140.45887,1502,unassigned,0,,,
1219,松岸,JR東日本,成田線,jr,12,松岸,003317,35.73905,140.79597,1421,unassigned,0,,,
1219,松岸,JR東日本,総武線,jr,12,松岸,003318,35.73905,140.79597,1517,unassigned,0,,,
859,松戸,新京成,新京成線,private,12,松戸,003138,35.78349,139.90039,889,unassigned,0,,,
859,松戸,JR東日本,常磐線,jr,12,松戸,003136,35.78349,139.90039,1420,unassigned,0,,,
849,松戸新田,新京成,新京成線,private,12,松戸新田,003109,35.79074,139.92173,878,unassigned,0,,,
1541,松飛台,北総,北総線,third,12,松飛台,003169,35.77538,139.95844,1862,unassigned,0,,,
1212,柏,JR東日本,常磐線,jr,12,柏,002984,35.86104,139.97011,1408,unassigned,0,,,
1212,柏,東武,野田線,private,12,柏,002985,35.8625,139.97087,1789,unassigned,0,,,
765,柏たなか,つくばEX,常磐新線,third,12,柏たなか,002900,35.91027,139.95734,786,unassigned,0,,,
767,柏の葉キャンパス,つくばEX,常磐新線,third,12,柏の葉キャンパス,002935,35.89276,139.95238,788,unassigned,0,,,
98,栄町,千葉モノレール,1号線,monorail,12,栄町,004169,35.61323,140.11859,98,unassigned,0,汤静队,,2026-10-03
904,桜木,千葉モノレール,2号線,monorail,12,桜木,004081,35.63124,140.16135,948,unassigned,0,,,
1490,梅郷,東武,野田線,private,12,梅郷,002861,35.93113,139.89154,1803,unassigned,0,,,
1241,椎柴,JR東日本,成田線,jr,12,椎柴,003208,35.76481,140.75978,1447,unassigned,0,,,
627,検見川,京成,千葉線,private,12,検見川,003964,35.65267,140.06631,634,unassigned,0,,,
1179,検見川浜,JR東日本,京葉線,jr,12,検見川浜,004049,35.63649,140.06002,1349,unassigned,0,,,
1290,榎戸,JR東日本,総武線,jr,12,榎戸,003741,35.68471,140.28755,1504,unassigned,0,,,
1171,横田,JR東日本,久留里線,jr,12,横田,004874,35.38621,140.02067,1340,unassigned,0,,,
1285,横芝,JR東日本,総武線,jr,12,横芝,003907,35.66233,140.49187,1498,unassigned,0,,,
1235,水郷,JR東日本,成田線,jr,12,水郷,002943,35.88491,140.57076,1441,unassigned,0,,,
1152,永田,JR東日本,外房線,jr,12,永田,004513,35.50425,140.31144,1320,unassigned,0,,,
1341,求名,JR東日本,東金線,jr,12,求名,004289,35.57938,140.39564,1597,unassigned,0,,,
1500,江戸川台,東武,野田線,private,12,江戸川台,002926,35.8968,139.91077,1814,unassigned,0,,,
1378,江見,JR東日本,内房線,jr,12,江見,005792,35.0626,140.06221,1652,unassigned,0,,,
1291,津田沼,JR東日本,総武線,jr,12,津田沼,003681,35.69222,140.01922,1505,unassigned,0,,,
936,流山,流鉄,流山線,private,12,流山,002992,35.85522,139.90176,985,unassigned,0,,,
766,流山おおたかの森,東武,野田線,private,12,流山おおたかの森,002969,35.87196,139.92607,1800,unassigned,0,,,
766,流山おおたかの森,つくばEX,常磐新線,third,12,流山おおたかの森,002970,35.87131,139.92448,787,unassigned,0,,,
771,流山セントラルパーク,つくばEX,常磐新線,third,12,流山セントラルパーク,002993,35.85519,139.91529,792,unassigned,0,,,
1381,浜野,JR東日本,内房線,jr,12,浜野,004357,35.55114,140.1318,1655,unassigned,0,,,
1388,浜金谷,JR東日本,内房線,jr,12,浜金谷,005471,35.16766,139.82331,1662,unassigned,0,,,
173,浦安,東京メトロ,5号線東西線,private,12,浦安,003875,35.66642,139.89427,173,unassigned,0,甘子杰队,,2026-10-03
1155,浪花,JR東日本,外房線,jr,12,浪花,005300,35.22206,140.37868,1323,unassigned,0,,,
817,海士有木,小湊,小湊鐵道線,private,12,海士有木,004577,35.48152,140.12466,845,unassigned,0,,,
1181,海浜幕張,JR東日本,京葉線,jr,12,海浜幕張,003984,35.64785,140.04291,1351,unassigned,0,,,
649,海神,京成,本線,private,12,海神,003567,35.70569,139.97213,659,unassigned,0,,,
977,海鹿島,銚子電鉄,銚子電気鉄道線,private,12,海鹿島,003456,35.7218,140.86341,1029,unassigned,0,,,
1495,清水公園,東武,野田線,private,12,清水公園,002819,35.95823,139.86065,1809,unassigned,0,,,
1234,湖北,JR東日本,成田線,jr,12,湖北,002976,35.86703,140.07914,1440,unassigned,0,,,
1223,滑河,JR東日本,成田線,jr,12,滑河,002954,35.87646,140.34728,1426,unassigned,0,,,
855,滝不動,新京成,新京成線,private,12,滝不動,003327,35.73844,140.02665,884,unassigned,0,,,
1282,物井,JR東日本,総武線,jr,12,物井,003727,35.68626,140.20076,1495,unassigned,0,,,
979,犬吠,銚子電鉄,銚子電気鉄道線,private,12,犬吠,003564,35.70657,140.86096,1031,unassigned,0,,,
1295,猿田,JR東日本,総武線,jr,12,猿田,003275,35.74748,140.73832,1509,unassigned,0,,,
1534,白井,北総,北総線,third,12,白井,003135,35.78472,140.05288,1853,unassigned,0,,,
899,県庁前,千葉モノレール,1号線,monorail,12,県庁前,004226,35.60357,140.12225,942,unassigned,0,,,
1545,矢切,北総,北総線,third,12,矢切,003229,35.75775,139.90138,1867,unassigned,0,,,
1174,祇園,JR東日本,久留里線,jr,12,祇園,004856,35.3917,139.94875,1343,unassigned,0,,,
1342,福俵,JR東日本,東金線,jr,12,福俵,004376,35.54662,140.34239,1599,unassigned,0,,,
1535,秋山,北総,北総線,third,12,秋山,003206,35.76554,139.93222,1854,unassigned,0,,,
1280,稲毛,JR東日本,総武線,jr,12,稲毛,004047,35.63606,140.09345,1493,unassigned,0,,,
1178,稲毛海岸,JR東日本,京葉線,jr,12,稲毛海岸,004093,35.62943,140.07499,1348,unassigned,0,,,
905,穴川,千葉モノレール,2号線,monorail,12,穴川,004039,35.63928,140.11162,949,unassigned,0,,,
634,空港第2ビル,京成,成田空港線,private,12,空港第2ビル,003174,35.77178,140.38846,1900,unassigned,0,,,
634,空港第2ビル,京成,本線,private,12,空港第2ビル,003175,35.77178,140.38846,642,unassigned,0,,,
634,空港第2ビル,JR東日本,成田線,jr,12,空港第2ビル,003173,35.77178,140.38846,1430,unassigned,0,,,
1387,竹岡,JR東日本,内房線,jr,12,竹岡,005359,35.1981,139.83091,1661,unassigned,0,,,
978,笠上黒生,銚子電鉄,銚子電気鉄道線,private,12,笠上黒生,003410,35.72809,140.8572,1030,unassigned,0,,,
1231,笹川,JR東日本,成田線,jr,12,笹川,003021,35.83993,140.65527,1435,unassigned,0,,,
538,総元,いすみ,いすみ線,third,12,総元,005257,35.24055,140.23994,538,unassigned,0,,,
858,習志野,新京成,新京成線,private,12,習志野,003493,35.71586,140.04295,887,unassigned,0,,,
202,舞浜,JR東日本,京葉線,jr,12,舞浜,004055,35.63579,139.88473,202,unassigned,0,甘子杰队,,2026-10-03
1303,船橋,JR東日本,総武線,jr,12,船橋,003593,35.70158,139.98629,1522,unassigned,0,,,
1303,船橋,東武,野田線,private,12,船橋,003589,35.70206,139.98472,1799,unassigned,0,,,
1511,船橋日大前,東葉高速,東葉高速線,third,12,船橋日大前,003421,35.72701,140.05931,1827,unassigned,0,,,
1408,船橋法典,JR東日本,武蔵野線,jr,12,船橋法典,003387,35.72977,139.9671,1694,unassigned,0,,,
645,船橋競馬場,京成,本線,private,12,船橋競馬場,003699,35.68993,139.99733,655,unassigned,0,,,
764,芝山千代田,芝山鉄道,芝山鉄道線,third,12,芝山千代田,003237,35.75429,140.39895,784,unassigned,0,,,
1149,茂原,JR東日本,外房線,jr,12,茂原,004751,35.426,140.30555,1317,unassigned,0,,,
658,菅野,京成,本線,private,12,菅野,003412,35.72802,139.91994,668,unassigned,0,,,
897,葭川公園,千葉モノレール,1号線,monorail,12,葭川公園,004187,35.60918,140.12007,940,unassigned,0,,,
844,薬園台,新京成,新京成線,private,12,薬園台,003535,35.70943,140.03708,873,unassigned,0,,,
1138,蘇我,JR東日本,京葉線,jr,12,蘇我,004282,35.58113,140.13124,1358,unassigned,0,,,
1138,蘇我,JR東日本,内房線,jr,12,蘇我,004283,35.58113,140.13124,1640,unassigned,0,,,
1138,蘇我,JR東日本,外房線,jr,12,蘇我,004281,35.58113,140.13124,1306,unassigned,0,,,
1148,行川アイランド,JR東日本,外房線,jr,12,行川アイランド,005634,35.11821,140.22531,1316,unassigned,0,,,
171,行徳,東京メトロ,5号線東西線,private,12,行徳,003755,35.68194,139.91336,171,unassigned,0,甘子杰队,,2026-10-03
1376,袖ヶ浦,JR東日本,内房線,jr,12,袖ヶ浦,004730,35.43228,139.95826,1650,unassigned,0,,,
1281,西千葉,JR東日本,総武線,jr,12,西千葉,004124,35.6219,140.10398,1494,unassigned,0,,,
539,西大原,いすみ,いすみ線,third,12,西大原,005204,35.26051,140.37839,539,unassigned,0,,,
982,西海鹿島,銚子電鉄,銚子電気鉄道線,private,12,西海鹿島,003439,35.72482,140.86048,1034,unassigned,0,,,
536,西畑,いすみ,いすみ線,third,12,西畑,005233,35.25064,140.21555,536,unassigned,0,,,
628,西登戸,京成,千葉線,private,12,西登戸,004145,35.61804,140.10258,636,unassigned,0,,,
1542,西白井,北総,北総線,third,12,西白井,003137,35.78442,140.0309,1863,unassigned,0,,,
168,西船橋,東京メトロ,5号線東西線,private,12,西船橋,003551,35.70671,139.95979,168,unassigned,0,甘子杰队,,2026-10-03
168,西船橋,JR東日本,京葉線,jr,12,西船橋,003553,35.70669,139.95915,1345,unassigned,0,,,
168,西船橋,JR東日本,武蔵野線,jr,12,西船橋,003554,35.70669,139.95915,1697,unassigned,0,,,
168,西船橋,JR東日本,総武線,jr,12,西船橋,003547,35.70796,139.9581,1492,unassigned,0,,,
168,西船橋,東葉高速,東葉高速線,third,12,西船橋,003552,35.70671,139.95979,1823,unassigned,0,,,
983,観音,銚子電鉄,銚子電気鉄道線,private,12,観音,003402,35.72897,140.84027,1035,unassigned,0,,,
1156,誉田,JR東日本,外房線,jr,12,誉田,004375,35.54727,140.21288,1324,unassigned,0,,,
643,谷津,京成,本線,private,12,谷津,003731,35.68566,140.00695,651,unassigned,0,,,
1488,豊四季,東武,野田線,private,12,豊四季,002978,35.86629,139.93988,1801,unassigned,0,,,
1482,逆井,東武,野田線,private,12,逆井,003048,35.82291,139.98412,1793,unassigned,0,,,
1491,運河,東武,野田線,private,12,運河,002892,35.91379,139.90615,1804,unassigned,0,,,
1384,那古船形,JR東日本,内房線,jr,12,那古船形,005880,35.03,139.85077,1658,unassigned,0,,,
911,都賀,千葉モノレール,2号線,monorail,12,都賀,004060,35.63572,140.14908,955,unassigned,0,,,
911,都賀,JR東日本,総武線,jr,12,都賀,004057,35.63692,140.15046,1503,unassigned,0,,,
1224,酒々井,JR東日本,成田線,jr,12,酒々井,003374,35.73119,140.27495,1427,unassigned,0,,,
815,里見,小湊,小湊鐵道線,private,12,里見,005002,35.33694,140.14546,843,unassigned,0,,,
1498,野田市,東武,野田線,private,12,野田市,002841,35.94319,139.87152,1812,unassigned,0,,,
976,銚子,JR東日本,総武線,jr,12,銚子,003397,35.72915,140.82883,1514,unassigned,0,,,
976,銚子,銚子電鉄,銚子電気鉄道線,private,12,銚子,003398,35.72915,140.82883,1028,unassigned,0,,,
1481,鎌ヶ谷,東武,野田線,private,12,鎌ヶ谷,003211,35.76412,139.99738,1792,unassigned,0,,,
839,鎌ヶ谷大仏,新京成,新京成線,private,12,鎌ヶ谷大仏,003227,35.75754,140.0147,868,unassigned,0,,,
1145,鎌取,JR東日本,外房線,jr,12,鎌取,004327,35.56307,140.17825,1313,unassigned,0,,,
1392,長浦,JR東日本,内房線,jr,12,長浦,004677,35.4508,139.99642,1666,unassigned,0,,,
1150,長者町,JR東日本,外房線,jr,12,長者町,005126,35.29558,140.38519,1318,unassigned,0,,,
1386,青堀,JR東日本,内房線,jr,12,青堀,005026,35.33105,139.85967,1660,unassigned,0,,,
1293,飯倉,JR東日本,総武線,jr,12,飯倉,003732,35.68561,140.52241,1507,unassigned,0,,,
1508,飯山満,東葉高速,東葉高速線,third,12,飯山満,003501,35.71445,140.02334,1824,unassigned,0,,,
1284,飯岡,JR東日本,総武線,jr,12,飯岡,003396,35.72969,140.6846,1497,unassigned,0,,,
825,飯給,小湊,小湊鐵道線,private,12,飯給,005050,35.32018,140.14257,853,unassigned,0,,,
819,養老渓谷,小湊,小湊鐵道線,private,12,養老渓谷,005187,35.2662,140.15975,847,unassigned,0,,,
1380,館山,JR東日本,内房線,jr,12,館山,006028,34.995,139.86195,1654,unassigned,0,,,
1208,香取,JR東日本,成田線,jr,12,香取,002924,35.89795,140.5337,1436,unassigned,0,,,
1208,香取,JR東日本,鹿島線,jr,12,香取,002923,35.89795,140.5337,1402,unassigned,0,,,
1173,馬来田,JR東日本,久留里線,jr,12,馬来田,004926,35.36649,140.05845,1342,unassigned,0,,,
935,馬橋,JR東日本,常磐線,jr,12,馬橋,003066,35.81077,139.91709,1416,unassigned,0,,,
935,馬橋,流鉄,流山線,private,12,馬橋,003064,35.81243,139.91713,984,unassigned,0,,,
820,馬立,小湊,小湊鐵道線,private,12,馬立,004757,35.42348,140.1149,848,unassigned,0,,,
1479,馬込沢,東武,野田線,private,12,馬込沢,003307,35.74132,139.99218,1790,unassigned,0,,,
1484,高柳,東武,野田線,private,12,高柳,003070,35.80864,139.99898,1795,unassigned,0,,,
838,高根公団,新京成,新京成線,private,12,高根公団,003388,35.73084,140.02886,867,unassigned,0,,,
846,高根木戸,新京成,新京成線,private,12,高根木戸,003425,35.72697,140.03438,875,unassigned,0,,,
829,高滝,小湊,小湊鐵道線,private,12,高滝,004963,35.35335,140.15051,858,unassigned,0,,,
651,鬼越,京成,本線,private,12,鬼越,003472,35.71955,139.9383,661,unassigned,0,,,
934,鰭ヶ崎,流鉄,流山線,private,12,鰭ヶ崎,003019,35.84073,139.91138,983,unassigned,0,,,
1144,鵜原,JR東日本,外房線,jr,12,鵜原,005559,35.14152,140.27946,1312,unassigned,0,,,
516,お台場海浜公園,ゆりかもめ,東京臨海新交通臨海線,agt,13,お台場海浜公園,004091,35.62961,139.77818,516,unassigned,0,,,
428,お花茶屋,京成,本線,private,13,お花茶屋,003274,35.74768,139.83944,428,unassigned,0,陈嘉溢队,,2026-10-03
392,すずかけ台,東急,田園都市線,private,13,すずかけ台,004466,35.51649,139.4813,392,unassigned,0,陈嘉溢队,,2026-10-03
391,つくし野,東急,田園都市線,private,13,つくし野,004441,35.52621,139.48472,391,unassigned,0,陈嘉溢队,,2026-10-03
340,つつじヶ丘,京王,京王線,private,13,つつじヶ丘,003933,35.65762,139.57434,340,unassigned,0,罗子傑队,,2026-10-03
254,とうきょうスカイツリー,東武,伊勢崎線,private,13,とうきょうスカイツリー,003524,35.71027,139.80863,254,unassigned,0,甘子杰队,,2026-10-03
122,ときわ台,東武,東上本線,private,13,ときわ台,003223,35.75865,139.68964,122,unassigned,0,汤静队,,2026-10-03
514,ひばりヶ丘,西武,池袋線,private,13,ひばりヶ丘,003242,35.75183,139.54481,514,unassigned,0,陳偉鋒队,,2026-10-03
163,めじろ台,京王,高尾線,private,13,めじろ台,004019,35.6434,139.30777,163,unassigned,0,甘子杰队,,2026-10-03
518,テレコムセンター,ゆりかもめ,東京臨海新交通臨海線,agt,13,テレコムセンター,004144,35.61791,139.78001,518,unassigned,0,,,
997,モノレール浜松町,東京モノレール,東京モノレール羽田線,monorail,13,モノレール浜松町,003946,35.65514,139.75661,1052,unassigned,0,,,
182,一之江,都営,10号線新宿線,public,13,一之江,003724,35.68608,139.8839,182,unassigned,0,甘子杰队,,2026-10-03
295,一橋学園,西武,多摩湖線,private,13,一橋学園,003455,35.7217,139.4801,295,unassigned,0,罗子傑队,,2026-10-03
371,万願寺,多摩モノレール,多摩都市モノレール線,monorail,13,万願寺,003829,35.67159,139.41962,371,unassigned,0,陈嘉溢队,,2026-10-03
87,三ノ輪,東京メトロ,2号線日比谷線,private,13,三ノ輪,003399,35.7299,139.79182,87,unassigned,0,汤静队,,2026-10-03
232,三ノ輪橋,都営,荒川線,tram,13,三ノ輪橋,003370,35.73209,139.79174,232,unassigned,0,甘子杰队,,2026-10-03
229,三河島,JR東日本,常磐線,jr,13,三河島,003359,35.73354,139.77598,229,unassigned,0,甘子杰队,,2026-10-03
1091,三田,都営,1号線浅草線,public,13,三田,003987,35.64815,139.75015,1210,unassigned,0,,,
1091,三田,都営,6号線三田線,public,13,三田,003986,35.64869,139.74897,1234,unassigned,0,,,
1044,三越前,東京メトロ,11号線半蔵門線,private,13,三越前,003735,35.68523,139.77145,1202,unassigned,0,,,
1044,三越前,東京メトロ,3号線銀座線,private,13,三越前,003716,35.68671,139.77378,1122,unassigned,0,,,
413,三軒茶屋,東急,世田谷線,tram,13,三軒茶屋,004016,35.64413,139.66961,413,unassigned,0,陈嘉溢队,,2026-10-03
413,三軒茶屋,東急,田園都市線,private,13,三軒茶屋,004022,35.64267,139.6704,1066,unassigned,0,,,
333,三鷹,JR東日本,中央線,jr,13,三鷹,003587,35.70268,139.55959,333,unassigned,0,罗子傑队,,2026-10-03
10,三鷹台,京王,井の頭線,private,13,三鷹台,003674,35.6922,139.58874,10,unassigned,0,小川队,,2026-10-03
425,上中里,JR東日本,東北線,jr,13,上中里,003277,35.74773,139.74475,425,unassigned,0,陈嘉溢队,,2026-10-03
308,上井草,西武,新宿線,private,13,上井草,003437,35.72521,139.60369,308,unassigned,0,罗子傑队,,2026-10-03
444,上北台,多摩モノレール,多摩都市モノレール線,monorail,13,上北台,003283,35.74549,139.41586,444,unassigned,0,陳偉鋒队,,2026-10-03
15,上北沢,京王,京王線,private,13,上北沢,003849,35.66897,139.62263,15,unassigned,0,小川队,,2026-10-03
1448,上板橋,東武,東上本線,private,13,上板橋,003212,35.7633,139.67692,1751,unassigned,0,,,
39,上町,東急,世田谷線,tram,13,上町,004020,35.64338,139.64667,39,unassigned,0,小川队,,2026-10-03
337,上石神井,西武,新宿線,private,13,上石神井,003427,35.72611,139.593,337,unassigned,0,罗子傑队,,2026-10-03
400,上野,東京メトロ,2号線日比谷線,private,13,上野,003517,35.71199,139.77764,400,unassigned,0,陈嘉溢队,,2026-10-03
400,上野,東京メトロ,3号線銀座線,private,13,上野,003515,35.71154,139.77455,1110,unassigned,0,,,
400,上野,JR東日本,東北新幹線,shinkansen,13,上野,003505,35.71432,139.77802,1601,unassigned,0,,,
400,上野,JR東日本,東北線,jr,13,上野,003504,35.71439,139.77664,1607,unassigned,0,,,
1124,上野動物園東園,都営,上野懸垂線,monorail,13,上野動物園東園,003488,35.71606,139.77002,1281,unassigned,0,,,
1123,上野動物園西園,都営,上野懸垂線,monorail,13,上野動物園西園,003497,35.71444,139.76947,1280,unassigned,0,,,
405,上野広小路,東京メトロ,3号線銀座線,private,13,上野広小路,003545,35.70838,139.77315,405,unassigned,0,陈嘉溢队,,2026-10-03
1105,上野御徒町,都営,12号線大江戸線,public,13,上野御徒町,003543,35.70804,139.77226,1245,unassigned,0,,,
458,上野毛,東急,大井町線,private,13,上野毛,004175,35.61171,139.63945,458,unassigned,0,陳偉鋒队,,2026-10-03
379,下丸子,東急,東急多摩川線,private,13,下丸子,004310,35.57149,139.68514,379,unassigned,0,陈嘉溢队,,2026-10-03
306,下井草,西武,新宿線,private,13,下井草,003444,35.72379,139.62538,306,unassigned,0,罗子傑队,,2026-10-03
412,下北沢,京王,井の頭線,private,13,下北沢,003908,35.6615,139.66717,412,unassigned,0,陈嘉溢队,,2026-10-03
412,下北沢,小田急,小田原線,private,13,下北沢,003909,35.66095,139.66667,810,unassigned,0,,,
1452,下板橋,東武,東上本線,private,13,下板橋,003285,35.74551,139.71495,1755,unassigned,0,,,
446,下神明,東急,大井町線,private,13,下神明,004188,35.60884,139.72594,446,unassigned,0,陳偉鋒队,,2026-10-03
302,下落合,西武,新宿線,private,13,下落合,003491,35.71573,139.69586,302,unassigned,0,罗子傑队,,2026-10-03
290,下赤塚,東武,東上本線,private,13,下赤塚,003184,35.7703,139.64537,290,unassigned,0,罗子傑队,,2026-10-03
13,下高井戸,京王,京王線,private,13,下高井戸,003874,35.66622,139.64098,13,unassigned,0,小川队,,2026-10-03
13,下高井戸,東急,世田谷線,tram,13,下高井戸,003877,35.66591,139.64116,1062,unassigned,0,,,
467,不動前,東急,目黒線,private,13,不動前,004114,35.62522,139.71279,467,unassigned,0,陳偉鋒队,,2026-10-03
38,世田谷,東急,世田谷線,tram,13,世田谷,004021,35.64353,139.65126,38,unassigned,0,小川队,,2026-10-03
26,世田谷代田,小田急,小田原線,private,13,世田谷代田,003931,35.65814,139.66076,26,unassigned,0,小川队,,2026-10-03
93,両国,都営,12号線大江戸線,public,13,両国,003646,35.69751,139.79737,93,unassigned,0,汤静队,,2026-10-03
1307,両国,JR東日本,総武線,jr,13,両国,003654,35.69584,139.79221,1531,unassigned,0,,,
328,中井,都営,12号線大江戸線,public,13,中井,003503,35.71321,139.686,1255,unassigned,0,,,
328,中井,西武,新宿線,private,13,中井,003495,35.71513,139.68735,328,unassigned,0,罗子傑队,,2026-10-03
368,中央大学・明星大学,多摩モノレール,多摩都市モノレール線,monorail,13,中央大学・明星大学,004031,35.64173,139.40908,368,unassigned,0,陈嘉溢队,,2026-10-03
448,中延,都営,1号線浅草線,public,13,中延,004218,35.60442,139.71344,1218,unassigned,0,,,
448,中延,東急,大井町線,private,13,中延,004215,35.60548,139.7122,448,unassigned,0,陳偉鋒队,,2026-10-03
881,中村橋,西武,池袋線,private,13,中村橋,003345,35.73677,139.63801,917,unassigned,0,,,
1449,中板橋,東武,東上本線,private,13,中板橋,003233,35.75587,139.69521,1752,unassigned,0,,,
360,中河原,京王,京王線,private,13,中河原,003920,35.65941,139.45694,360,unassigned,0,陈嘉溢队,,2026-10-03
445,中目黒,東京メトロ,2号線日比谷線,private,13,中目黒,004014,35.64352,139.69815,1109,unassigned,0,,,
445,中目黒,東急,東横線,private,13,中目黒,004015,35.64352,139.69815,445,unassigned,0,陳偉鋒队,,2026-10-03
501,中神,JR東日本,青梅線,jr,13,中神,003536,35.70867,139.37679,501,unassigned,0,陳偉鋒队,,2026-10-03
498,中野,東京メトロ,5号線東西線,private,13,中野,003569,35.70579,139.66688,498,unassigned,0,陳偉鋒队,,2026-10-03
498,中野,JR東日本,中央線,jr,13,中野,003568,35.70579,139.66688,1535,unassigned,0,,,
331,中野坂上,東京メトロ,4号線丸ノ内線,private,13,中野坂上,003643,35.69701,139.68284,331,unassigned,0,罗子傑队,,2026-10-03
331,中野坂上,東京メトロ,4号線丸ノ内線分岐線,private,13,中野坂上,003644,35.69701,139.68284,1142,unassigned,0,,,
331,中野坂上,都営,12号線大江戸線,public,13,中野坂上,003631,35.69717,139.68293,1256,unassigned,0,,,
276,中野富士見町,東京メトロ,4号線丸ノ内線分岐線,private,13,中野富士見町,003688,35.69089,139.6689,276,unassigned,0,罗子傑队,,2026-10-03
1057,中野新橋,東京メトロ,4号線丸ノ内線分岐線,private,13,中野新橋,003679,35.69207,139.67448,1143,unassigned,0,,,
1085,乃木坂,東京メトロ,9号線千代田線,private,13,乃木坂,003868,35.6673,139.72701,1189,unassigned,0,,,
387,久が原,東急,池上線,private,13,久が原,004292,35.57915,139.68589,387,unassigned,0,陈嘉溢队,,2026-10-03
604,久我山,京王,井の頭線,private,13,久我山,003710,35.6884,139.59888,606,unassigned,0,,,
312,久米川,西武,新宿線,private,13,久米川,003262,35.74902,139.4733,312,unassigned,0,罗子傑队,,2026-10-03
455,九品仏,東急,大井町線,private,13,九品仏,004216,35.60531,139.66144,455,unassigned,0,陳偉鋒队,,2026-10-03
1062,九段下,東京メトロ,11号線半蔵門線,private,13,九段下,003658,35.69569,139.75215,1199,unassigned,0,,,
1062,九段下,東京メトロ,5号線東西線,private,13,九段下,003650,35.69698,139.75101,1151,unassigned,0,,,
1062,九段下,都営,10号線新宿線,public,13,九段下,003657,35.69569,139.75215,1237,unassigned,0,,,
1306,亀戸,JR東日本,総武線,jr,13,亀戸,003641,35.69729,139.82534,1528,unassigned,0,,,
1306,亀戸,東武,亀戸線,private,13,亀戸,003635,35.69773,139.82672,1745,unassigned,0,,,
121,亀戸水神,東武,亀戸線,private,13,亀戸水神,003610,35.6996,139.83325,121,unassigned,0,汤静队,,2026-10-03
156,亀有,JR東日本,常磐線,jr,13,亀有,003199,35.76697,139.8486,156,unassigned,0,汤静队,,2026-10-03
1252,二俣尾,JR東日本,青梅線,jr,13,二俣尾,003080,35.80369,139.21645,1459,unassigned,0,,,
414,二子玉川,東急,大井町線,private,13,二子玉川,004177,35.61036,139.6255,414,unassigned,0,陈嘉溢队,,2026-10-03
414,二子玉川,東急,田園都市線,private,13,二子玉川,004178,35.61036,139.6255,1067,unassigned,0,,,
1084,二重橋前,東京メトロ,9号線千代田線,private,13,二重橋前,003772,35.68145,139.7621,1187,unassigned,0,,,
1006,五反田,都営,1号線浅草線,public,13,五反田,004107,35.6267,139.72357,1213,unassigned,0,,,
1006,五反田,東急,池上線,private,13,五反田,004117,35.62457,139.72385,1063,unassigned,0,,,
1006,五反田,JR東日本,山手線,jr,13,五反田,004110,35.62526,139.72436,1395,unassigned,0,,,
246,五反野,東武,伊勢崎線,private,13,五反野,003200,35.76534,139.81062,246,unassigned,0,甘子杰队,,2026-10-03
11,井の頭公園,京王,井の頭線,private,13,井の頭公園,003642,35.69755,139.58282,11,unassigned,0,小川队,,2026-10-03
307,井荻,西武,新宿線,private,13,井荻,003440,35.72462,139.61658,307,unassigned,0,罗子傑队,,2026-10-03
357,京急蒲田,京急,本線,private,13,京急蒲田,004332,35.562867,139.725157,705,unassigned,0,,,
357,京急蒲田,京急,空港線,private,13,京急蒲田,004331,35.562867,139.725157,357,unassigned,0,陈嘉溢队,,2026-10-03
401,京成上野,京成,本線,private,13,京成上野,003521,35.71081,139.77362,401,unassigned,0,陈嘉溢队,,2026-10-03
661,京成小岩,京成,本線,private,13,京成小岩,003303,35.74182,139.88419,672,unassigned,0,,,
84,京成曳舟,京成,押上線,private,13,京成曳舟,003477,35.71812,139.81963,84,unassigned,0,汤静队,,2026-10-03
429,京成立石,京成,押上線,private,13,京成立石,003323,35.73804,139.84734,429,unassigned,0,陈嘉溢队,,2026-10-03
86,京成金町,京成,金町線,private,13,京成金町,003195,35.76815,139.87049,86,unassigned,0,汤静队,,2026-10-03
249,京成関屋,京成,本線,private,13,京成関屋,003290,35.74393,139.81144,249,unassigned,0,甘子杰队,,2026-10-03
158,京成高砂,京成,成田空港線,private,13,京成高砂,003249,35.75091,139.86746,1905,unassigned,0,,,
158,京成高砂,京成,本線,private,13,京成高砂,003250,35.75091,139.86746,673,unassigned,0,,,
158,京成高砂,京成,金町線,private,13,京成高砂,003248,35.75091,139.86746,158,unassigned,0,汤静队,,2026-10-03
158,京成高砂,北総,北総線,third,13,京成高砂,003251,35.75091,139.86746,1864,unassigned,0,,,
167,京橋,東京メトロ,3号線銀座線,private,13,京橋,003792,35.67619,139.7698,167,unassigned,0,甘子杰队,,2026-10-03
73,京王よみうりランド,京王,相模原線,private,13,京王よみうりランド,004070,35.63303,139.51865,73,unassigned,0,小川队,,2026-10-03
222,京王八王子,京王,京王線,private,13,京王八王子,003934,35.65849,139.34246,222,unassigned,0,甘子杰队,,2026-10-03
364,京王堀之内,京王,相模原線,private,13,京王堀之内,004120,35.62497,139.40131,364,unassigned,0,陈嘉溢队,,2026-10-03
612,京王多摩センター,京王,相模原線,private,13,京王多摩センター,004116,35.62558,139.42516,617,unassigned,0,,,
74,京王多摩川,京王,相模原線,private,13,京王多摩川,004013,35.64339,139.53572,74,unassigned,0,小川队,,2026-10-03
226,京王永山,京王,相模原線,private,13,京王永山,004086,35.62993,139.44935,226,unassigned,0,甘子杰队,,2026-10-03
161,京王片倉,京王,高尾線,private,13,京王片倉,004009,35.64448,139.33653,161,unassigned,0,甘子杰队,,2026-10-03
1027,人形町,東京メトロ,2号線日比谷線,private,13,人形町,003722,35.6869,139.78179,1101,unassigned,0,,,
1027,人形町,都営,1号線浅草線,public,13,人形町,003721,35.68662,139.78263,1217,unassigned,0,,,
339,仙川,京王,京王線,private,13,仙川,003903,35.66218,139.58468,339,unassigned,0,罗子傑队,,2026-10-03
1112,代々木,都営,12号線大江戸線,public,13,代々木,003746,35.683,139.70174,1269,unassigned,0,,,
1112,代々木,JR東日本,中央線,jr,13,代々木,003744,35.6845,139.70203,1543,unassigned,0,,,
1112,代々木,JR東日本,山手線,jr,13,代々木,003743,35.6845,139.70203,1401,unassigned,0,,,
24,代々木上原,小田急,小田原線,private,13,代々木上原,003848,35.66849,139.67877,24,unassigned,0,小川队,,2026-10-03
24,代々木上原,東京メトロ,9号線千代田線,private,13,代々木上原,003847,35.66849,139.67877,1195,unassigned,0,,,
23,代々木八幡,小田急,小田原線,private,13,代々木八幡,003837,35.66945,139.68843,23,unassigned,0,小川队,,2026-10-03
34,代々木公園,東京メトロ,9号線千代田線,private,13,代々木公園,003845,35.66926,139.68868,34,unassigned,0,小川队,,2026-10-03
459,代官山,東急,東横線,private,13,代官山,003985,35.64805,139.70316,459,unassigned,0,陳偉鋒队,,2026-10-03
12,代田橋,京王,京王線,private,13,代田橋,003830,35.67131,139.66005,12,unassigned,0,小川队,,2026-10-03
89,仲御徒町,東京メトロ,2号線日比谷線,private,13,仲御徒町,003560,35.7074,139.77626,89,unassigned,0,汤静队,,2026-10-03
165,住吉,東京メトロ,11号線半蔵門線,private,13,住吉,003705,35.6879,139.81576,165,unassigned,0,甘子杰队,,2026-10-03
165,住吉,都営,10号線新宿線,public,13,住吉,003704,35.689,139.81666,1240,unassigned,0,,,
318,保谷,西武,池袋線,private,13,保谷,003271,35.74814,139.56712,318,unassigned,0,罗子傑队,,2026-10-03
1308,信濃町,JR東日本,中央線,jr,13,信濃町,003774,35.67987,139.72241,1542,unassigned,0,,,
343,光が丘,都営,12号線大江戸線,public,13,光が丘,003225,35.75848,139.62997,343,unassigned,0,罗子傑队,,2026-10-03
88,入谷,東京メトロ,2号線日比谷線,private,13,入谷,003469,35.72131,139.78504,88,unassigned,0,汤静队,,2026-10-03
1031,八丁堀,東京メトロ,2号線日比谷線,private,13,八丁堀,003797,35.67606,139.77775,1105,unassigned,0,,,
1031,八丁堀,JR東日本,京葉線,jr,13,八丁堀,003800,35.67462,139.77885,1356,unassigned,0,,,
297,八坂,西武,多摩湖線,private,13,八坂,003287,35.74459,139.46844,297,unassigned,0,罗子傑队,,2026-10-03
16,八幡山,京王,京王線,private,13,八幡山,003836,35.66999,139.61506,16,unassigned,0,小川队,,2026-10-03
85,八広,京成,押上線,private,13,八広,003422,35.72774,139.82889,85,unassigned,0,汤静队,,2026-10-03
221,八王子,JR東日本,中央線,jr,13,八王子,003947,35.65527,139.3401,1546,unassigned,0,,,
221,八王子,JR東日本,八高線,jr,13,八王子,003948,35.65527,139.3401,1689,unassigned,0,,,
221,八王子,JR東日本,横浜線,jr,13,八王子,003953,35.65519,139.33939,221,unassigned,0,甘子杰队,,2026-10-03
218,八王子みなみ野,JR東日本,横浜線,jr,13,八王子みなみ野,004082,35.63201,139.33131,218,unassigned,0,甘子杰队,,2026-10-03
1029,六本木,東京メトロ,2号線日比谷線,private,13,六本木,003897,35.66235,139.73025,1103,unassigned,0,,,
1029,六本木,都営,12号線大江戸線,public,13,六本木,003892,35.66448,139.73076,1258,unassigned,0,,,
1071,六本木一丁目,東京メトロ,7号線南北線,private,13,六本木一丁目,003884,35.66579,139.73902,1166,unassigned,0,,,
155,六町,つくばEX,常磐新線,third,13,六町,003133,35.78394,139.82171,155,unassigned,0,汤静队,,2026-10-03
359,六郷土手,京急,本線,private,13,六郷土手,004399,35.54081,139.70781,359,unassigned,0,陈嘉溢队,,2026-10-03
1099,内幸町,都営,6号線三田線,public,13,内幸町,003842,35.66983,139.75567,1227,unassigned,0,,,
78,分倍河原,京王,京王線,private,13,分倍河原,003858,35.66739,139.46816,78,unassigned,0,小川队,,2026-10-03
78,分倍河原,JR東日本,南武線,jr,13,分倍河原,003853,35.66851,139.46948,1677,unassigned,0,,,
272,初台,京王,京王線,private,13,初台,003764,35.6817,139.68862,272,unassigned,0,罗子傑队,,2026-10-03
193,勝どき,都営,12号線大江戸線,public,13,勝どき,003927,35.65938,139.77778,193,unassigned,0,甘子杰队,,2026-10-03
203,北八王子,JR東日本,八高線,jr,13,北八王子,003841,35.66959,139.36361,203,unassigned,0,甘子杰队,,2026-10-03
426,北千住,東京メトロ,2号線日比谷線,private,13,北千住,003257,35.74855,139.80518,1095,unassigned,0,,,
426,北千住,東京メトロ,9号線千代田線,private,13,北千住,003264,35.75002,139.8046,1185,unassigned,0,,,
426,北千住,JR東日本,常磐線,jr,13,北千住,003267,35.74835,139.80449,1418,unassigned,0,,,
426,北千住,東武,伊勢崎線,private,13,北千住,003258,35.74855,139.80518,1728,unassigned,0,,,
426,北千住,つくばEX,常磐新線,third,13,北千住,003260,35.74869,139.80481,426,unassigned,0,陈嘉溢队,,2026-10-03
451,北千束,東急,大井町線,private,13,北千束,004212,35.60615,139.69366,451,unassigned,0,陳偉鋒队,,2026-10-03
1546,北参道,東京メトロ,13号線副都心線,private,13,北参道,003780,35.67947,139.70473,1876,unassigned,0,,,
348,北品川,京急,本線,private,13,北品川,004125,35.62205,139.73941,348,unassigned,0,陈嘉溢队,,2026-10-03
477,北府中,JR東日本,武蔵野線,jr,13,北府中,003771,35.68023,139.47201,477,unassigned,0,陳偉鋒队,,2026-10-03
1447,北池袋,東武,東上本線,private,13,北池袋,003315,35.74104,139.71676,1750,unassigned,0,,,
154,北綾瀬,東京メトロ,9号線千代田線,private,13,北綾瀬,003162,35.77725,139.83211,154,unassigned,0,汤静队,,2026-10-03
80,北赤羽,JR東日本,東北線,jr,13,北赤羽,003130,35.78648,139.70667,80,unassigned,0,小川队,,2026-10-03
160,北野,京王,京王線,private,13,北野,004007,35.64495,139.35308,160,unassigned,0,甘子杰队,,2026-10-03
160,北野,京王,高尾線,private,13,北野,004008,35.64495,139.35308,615,unassigned,0,,,
147,十条,JR東日本,赤羽線,jr,13,十条,003218,35.75961,139.72225,147,unassigned,0,汤静队,,2026-10-03
234,千住大橋,京成,本線,private,13,千住大橋,003301,35.74255,139.79661,234,unassigned,0,甘子杰队,,2026-10-03
282,千川,東京メトロ,13号線副都心線,private,13,千川,003324,35.73884,139.68851,1919,unassigned,0,,,
282,千川,東京メトロ,8号線有楽町線,private,13,千川,003325,35.73884,139.68851,282,unassigned,0,罗子傑队,,2026-10-03
338,千歳烏山,京王,京王線,private,13,千歳烏山,003861,35.66751,139.59948,338,unassigned,0,罗子傑队,,2026-10-03
29,千歳船橋,小田急,小田原線,private,13,千歳船橋,003988,35.64791,139.62533,29,unassigned,0,小川队,,2026-10-03
1095,千石,都営,6号線三田線,public,13,千石,003415,35.72845,139.74409,1221,unassigned,0,,,
1309,千駄ヶ谷,JR東日本,中央線,jr,13,千駄ヶ谷,003767,35.68101,139.71279,1545,unassigned,0,,,
1081,千駄木,東京メトロ,9号線千代田線,private,13,千駄木,003434,35.7266,139.76356,1182,unassigned,0,,,
388,千鳥町,東急,池上線,private,13,千鳥町,004305,35.57275,139.6917,388,unassigned,0,陈嘉溢队,,2026-10-03
1089,半蔵門,東京メトロ,11号線半蔵門線,private,13,半蔵門,003729,35.68445,139.74158,1201,unassigned,0,,,
233,南千住,東京メトロ,2号線日比谷線,private,13,南千住,003369,35.73288,139.79924,1093,unassigned,0,,,
233,南千住,JR東日本,常磐線,jr,13,南千住,003352,35.73366,139.79925,1417,unassigned,0,,,
233,南千住,つくばEX,常磐新線,third,13,南千住,003363,35.73233,139.79844,233,unassigned,0,甘子杰队,,2026-10-03
47,南多摩,JR東日本,南武線,jr,13,南多摩,003980,35.64918,139.4891,47,unassigned,0,小川队,,2026-10-03
224,南大沢,京王,相模原線,private,13,南大沢,004163,35.61458,139.38091,224,unassigned,0,甘子杰队,,2026-10-03
362,南平,京王,京王線,private,13,南平,003952,35.65555,139.39302,362,unassigned,0,陈嘉溢队,,2026-10-03
21,南新宿,小田急,小田原線,private,13,南新宿,003750,35.68316,139.69817,21,unassigned,0,小川队,,2026-10-03
70,南町田グランベリーパーク,東急,田園都市線,private,13,南町田グランベリーパーク,004484,35.51144,139.46939,70,unassigned,0,小川队,,2026-10-03
174,南砂町,東京メトロ,5号線東西線,private,13,南砂町,003854,35.66881,139.83048,174,unassigned,0,甘子杰队,,2026-10-03
492,南阿佐ケ谷,東京メトロ,4号線丸ノ内線,private,13,南阿佐ケ谷,003619,35.69918,139.63624,492,unassigned,0,陳偉鋒队,,2026-10-03
135,原宿,JR東日本,山手線,jr,13,原宿,003828,35.67042,139.70251,135,unassigned,0,汤静队,,2026-10-03
22,参宮橋,小田急,小田原線,private,13,参宮橋,003778,35.67813,139.69329,22,unassigned,0,小川队,,2026-10-03
1243,古里,JR東日本,青梅線,jr,13,古里,003053,35.81635,139.15172,1450,unassigned,0,,,
519,台場,ゆりかもめ,東京臨海新交通臨海線,agt,13,台場,004112,35.62568,139.77103,519,unassigned,0,,,
334,吉祥寺,京王,井の頭線,private,13,吉祥寺,003588,35.70205,139.58046,334,unassigned,0,罗子傑队,,2026-10-03
334,吉祥寺,JR東日本,中央線,jr,13,吉祥寺,003584,35.70311,139.57861,1537,unassigned,0,,,
1118,向原,都営,荒川線,tram,13,向原,003407,35.7286,139.72463,1275,unassigned,0,,,
33,和泉多摩川,小田急,小田原線,private,13,和泉多摩川,004105,35.6268,139.57331,33,unassigned,0,小川队,,2026-10-03
687,品川,京急,本線,private,13,品川,004101,35.62689,139.73807,700,unassigned,0,,,
687,品川,JR東日本,山手線,jr,13,品川,004097,35.627,139.73863,1396,unassigned,0,,,
687,品川,JR東日本,東海道線,jr,13,品川,004095,35.627,139.73863,1566,unassigned,0,,,
687,品川,JR東海,東海道新幹線,shinkansen,13,品川,004092,35.63128,139.7406,1047,unassigned,0,,,
1129,品川シーサイド,東京臨海高速鉄道,りんかい線,third,13,品川シーサイド,004182,35.61068,139.74996,1289,unassigned,0,,,
372,唐木田,小田急,多摩線,private,13,唐木田,004154,35.61732,139.41218,372,unassigned,0,陈嘉溢队,,2026-10-03
31,喜多見,小田急,小田原線,private,13,喜多見,004053,35.63613,139.58554,31,unassigned,0,小川队,,2026-10-03
431,四ツ木,京成,押上線,private,13,四ツ木,003376,35.73126,139.83398,431,unassigned,0,陈嘉溢队,,2026-10-03
1053,四ツ谷,東京メトロ,4号線丸ノ内線,private,13,四ツ谷,003740,35.68326,139.73009,1136,unassigned,0,,,
1053,四ツ谷,東京メトロ,7号線南北線,private,13,四ツ谷,003723,35.68712,139.72999,1162,unassigned,0,,,
1053,四ツ谷,JR東日本,中央線,jr,13,四ツ谷,003728,35.68661,139.73087,1540,unassigned,0,,,
1052,四谷三丁目,東京メトロ,4号線丸ノ内線,private,13,四谷三丁目,003713,35.68793,139.72037,1133,unassigned,0,,,
1050,国会議事堂前,東京メトロ,4号線丸ノ内線,private,13,国会議事堂前,003799,35.67429,139.74455,1131,unassigned,0,,,
1050,国会議事堂前,東京メトロ,9号線千代田線,private,13,国会議事堂前,003807,35.67386,139.74458,1192,unassigned,0,,,
65,国分寺,JR東日本,中央線,jr,13,国分寺,003606,35.70018,139.48235,1547,unassigned,0,,,
65,国分寺,西武,国分寺線,private,13,国分寺,003607,35.70018,139.48235,65,unassigned,0,小川队,,2026-10-03
65,国分寺,西武,多摩湖線,private,13,国分寺,003599,35.70085,139.47942,913,unassigned,0,,,
508,国立,JR東日本,中央線,jr,13,国立,003622,35.69923,139.44773,508,unassigned,0,陳偉鋒队,,2026-10-03
1111,国立競技場,都営,12号線大江戸線,public,13,国立競技場,003775,35.67963,139.71583,1268,unassigned,0,,,
1128,国際展示場,東京臨海高速鉄道,りんかい線,third,13,国際展示場,004065,35.63406,139.79104,1288,unassigned,0,,,
18,国領,京王,京王線,private,13,国領,003973,35.64992,139.55779,18,unassigned,0,小川队,,2026-10-03
278,地下鉄成増,東京メトロ,8号線有楽町線,private,13,地下鉄成増,003163,35.776,139.63258,278,unassigned,0,罗子傑队,,2026-10-03
279,地下鉄赤塚,東京メトロ,8号線有楽町線,private,13,地下鉄赤塚,003186,35.76909,139.64552,279,unassigned,0,罗子傑队,,2026-10-03
250,堀切,東武,伊勢崎線,private,13,堀切,003297,35.74308,139.81761,250,unassigned,0,甘子杰队,,2026-10-03
427,堀切菖蒲園,京成,本線,private,13,堀切菖蒲園,003273,35.74765,139.82706,427,unassigned,0,陈嘉溢队,,2026-10-03
1038,外苑前,東京メトロ,3号線銀座線,private,13,外苑前,003834,35.67016,139.71725,1114,unassigned,0,,,
225,多摩センター,多摩モノレール,多摩都市モノレール線,monorail,13,多摩センター,004121,35.62352,139.42267,225,unassigned,0,甘子杰队,,2026-10-03
369,多摩動物公園,京王,動物園線,private,13,多摩動物公園,003977,35.64901,139.4046,369,unassigned,0,陈嘉溢队,,2026-10-03
369,多摩動物公園,多摩モノレール,多摩都市モノレール線,monorail,13,多摩動物公園,003983,35.64821,139.40372,988,unassigned,0,,,
365,多摩境,京王,相模原線,private,13,多摩境,004234,35.60234,139.36735,365,unassigned,0,陈嘉溢队,,2026-10-03
376,多摩川,東急,東急多摩川線,private,13,多摩川,004261,35.59037,139.6685,1088,unassigned,0,,,
376,多摩川,東急,東横線,private,13,多摩川,004262,35.59037,139.6685,376,unassigned,0,陈嘉溢队,,2026-10-03
299,多摩湖,西武,多摩湖線,private,13,多摩湖,003201,35.76511,139.44288,914,unassigned,0,,,
299,多摩湖,西武,山口線,agt,13,多摩湖,003202,35.76511,139.44288,299,unassigned,0,罗子傑队,,2026-10-03
478,多磨,西武,多摩川線,private,13,多磨,003790,35.67731,139.51738,478,unassigned,0,陳偉鋒队,,2026-10-03
608,多磨霊園,京王,京王線,private,13,多磨霊園,003871,35.6667,139.50117,611,unassigned,0,,,
286,大久保,JR東日本,中央線,jr,13,大久保,003604,35.69978,139.69801,286,unassigned,0,罗子傑队,,2026-10-03
416,大井町,東京臨海高速鉄道,りんかい線,third,13,大井町,004197,35.60761,139.73291,1287,unassigned,0,,,
416,大井町,東急,大井町線,private,13,大井町,004193,35.60759,139.73506,416,unassigned,0,陈嘉溢队,,2026-10-03
416,大井町,JR東日本,東海道線,jr,13,大井町,004207,35.6059,139.73491,1571,unassigned,0,,,
996,大井競馬場前,東京モノレール,東京モノレール羽田線,monorail,13,大井競馬場前,004251,35.59451,139.74716,1051,unassigned,0,,,
1207,大塚,JR東日本,山手線,jr,13,大塚,003375,35.73154,139.72893,1393,unassigned,0,,,
367,大塚・帝京大学,多摩モノレール,多摩都市モノレール線,monorail,13,大塚・帝京大学,004051,35.63666,139.41676,367,unassigned,0,陈嘉溢队,,2026-10-03
1119,大塚駅前,都営,荒川線,tram,13,大塚駅前,003378,35.73145,139.7294,1276,unassigned,0,,,
1446,大山,東武,東上本線,private,13,大山,003269,35.7487,139.70225,1749,unassigned,0,,,
452,大岡山,東急,大井町線,private,13,大岡山,004202,35.60724,139.68547,452,unassigned,0,陳偉鋒队,,2026-10-03
452,大岡山,東急,目黒線,private,13,大岡山,004200,35.60699,139.68404,1092,unassigned,0,,,
185,大島,都営,10号線新宿線,public,13,大島,003698,35.68985,139.83522,185,unassigned,0,甘子杰队,,2026-10-03
1126,大崎,東京臨海高速鉄道,りんかい線,third,13,大崎,004136,35.62041,139.72743,1284,unassigned,0,,,
1126,大崎,JR東日本,山手線,jr,13,大崎,004135,35.61912,139.72888,1394,unassigned,0,,,
464,大崎広小路,東急,池上線,private,13,大崎広小路,004127,35.62202,139.72206,464,unassigned,0,陳偉鋒队,,2026-10-03
1445,大師前,東武,大師線,private,13,大師前,003150,35.77904,139.78205,1747,unassigned,0,,,
1054,大手町,東京メトロ,11号線半蔵門線,private,13,大手町,003719,35.68692,139.76377,1203,unassigned,0,,,
1054,大手町,東京メトロ,4号線丸ノ内線,private,13,大手町,003717,35.68736,139.76633,1137,unassigned,0,,,
1054,大手町,東京メトロ,5号線東西線,private,13,大手町,003738,35.68498,139.76473,1148,unassigned,0,,,
1054,大手町,東京メトロ,9号線千代田線,private,13,大手町,003730,35.68613,139.76355,1191,unassigned,0,,,
1054,大手町,都営,6号線三田線,public,13,大手町,003742,35.68324,139.76236,1231,unassigned,0,,,
415,大森,JR東日本,東海道線,jr,13,大森,004264,35.58823,139.7277,415,unassigned,0,陈嘉溢队,,2026-10-03
353,大森海岸,京急,本線,private,13,大森海岸,004268,35.58705,139.73524,353,unassigned,0,陈嘉溢队,,2026-10-03
355,大森町,京急,本線,private,13,大森町,004307,35.57279,139.73219,355,unassigned,0,陈嘉溢队,,2026-10-03
341,大泉学園,西武,池袋線,private,13,大泉学園,003263,35.74965,139.58598,341,unassigned,0,罗子傑队,,2026-10-03
1092,大門,都営,12号線大江戸線,public,13,大門,003939,35.65674,139.75498,1257,unassigned,0,,,
1092,大門,都営,1号線浅草線,public,13,大門,003940,35.65738,139.75477,1216,unassigned,0,,,
674,大鳥居,京急,空港線,private,13,大鳥居,004356,35.55209,139.74105,686,unassigned,0,,,
995,天王洲アイル,東京モノレール,東京モノレール羽田線,monorail,13,天王洲アイル,004123,35.62328,139.75065,1050,unassigned,0,,,
995,天王洲アイル,東京臨海高速鉄道,りんかい線,third,13,天王洲アイル,004129,35.62171,139.75095,1282,unassigned,0,,,
675,天空橋,京急,空港線,private,13,天空橋,004374,35.54863,139.75389,687,unassigned,0,,,
675,天空橋,東京モノレール,東京モノレール羽田線,monorail,13,天空橋,004373,35.54753,139.75491,1054,unassigned,0,,,
1246,奥多摩,JR東日本,青梅線,jr,13,奥多摩,003069,35.80968,139.09674,1453,unassigned,0,,,
471,奥沢,東急,目黒線,private,13,奥沢,004223,35.60383,139.67197,471,unassigned,0,陳偉鋒队,,2026-10-03
1116,学習院下,都営,荒川線,tram,13,学習院下,003490,35.71554,139.71221,1273,unassigned,0,,,
461,学芸大学,東急,東横線,private,13,学芸大学,004094,35.62816,139.68487,461,unassigned,0,陳偉鋒队,,2026-10-03
196,宝町,都営,1号線浅草線,public,13,宝町,003796,35.67617,139.77242,196,unassigned,0,甘子杰队,,2026-10-03
40,宮の坂,東急,世田谷線,tram,13,宮の坂,003989,35.64719,139.64481,40,unassigned,0,小川队,,2026-10-03
258,宮ノ前,都営,荒川線,tram,13,宮ノ前,003259,35.74991,139.76564,258,unassigned,0,甘子杰队,,2026-10-03
1253,宮ノ平,JR東日本,青梅線,jr,13,宮ノ平,003127,35.78782,139.23776,1460,unassigned,0,,,
9,富士見ヶ丘,京王,井の頭線,private,13,富士見ヶ丘,003736,35.68504,139.60658,9,unassigned,0,小川队,,2026-10-03
317,富士見台,西武,池袋線,private,13,富士見台,003349,35.73593,139.63063,317,unassigned,0,罗子傑队,,2026-10-03
1030,小伝馬町,東京メトロ,2号線日比谷線,private,13,小伝馬町,003692,35.69112,139.77817,1104,unassigned,0,,,
115,小作,JR東日本,青梅線,jr,13,小作,003168,35.77577,139.30263,115,unassigned,0,汤静队,,2026-10-03
257,小台,都営,荒川線,tram,13,小台,003255,35.75048,139.762,257,unassigned,0,甘子杰队,,2026-10-03
204,小宮,JR東日本,八高線,jr,13,小宮,003726,35.68546,139.36883,204,unassigned,0,甘子杰队,,2026-10-03
111,小岩,JR東日本,総武線,jr,13,小岩,003360,35.73384,139.88259,111,unassigned,0,汤静队,,2026-10-03
294,小川,西武,国分寺線,private,13,小川,003333,35.73699,139.4634,294,unassigned,0,罗子傑队,,2026-10-03
294,小川,西武,拝島線,private,13,小川,003334,35.73699,139.4634,936,unassigned,0,,,
129,小川町,都営,10号線新宿線,public,13,小川町,003659,35.69561,139.76788,129,unassigned,0,汤静队,,2026-10-03
510,小平,西武,拝島線,private,13,小平,003341,35.73648,139.48944,935,unassigned,0,,,
510,小平,西武,新宿線,private,13,小平,003340,35.73648,139.48944,510,unassigned,0,陳偉鋒队,,2026-10-03
119,小村井,東武,亀戸線,private,13,小村井,003525,35.7102,139.82795,119,unassigned,0,汤静队,,2026-10-03
811,小田急多摩センター,小田急,多摩線,private,13,小田急多摩センター,004118,35.62527,139.42533,839,unassigned,0,,,
812,小田急永山,小田急,多摩線,private,13,小田急永山,004090,35.62959,139.44916,840,unassigned,0,,,
320,小竹向原,東京メトロ,13号線副都心線,private,13,小竹向原,003294,35.74388,139.6785,1918,unassigned,0,,,
320,小竹向原,東京メトロ,8号線有楽町線,private,13,小竹向原,003295,35.74388,139.6785,1174,unassigned,0,,,
320,小竹向原,西武,西武有楽町線,private,13,小竹向原,003296,35.74388,139.6785,320,unassigned,0,罗子傑队,,2026-10-03
247,小菅,東武,伊勢崎線,private,13,小菅,003224,35.75814,139.8122,247,unassigned,0,甘子杰队,,2026-10-03
263,尾久,JR東日本,東北線,jr,13,尾久,003278,35.74732,139.75265,263,unassigned,0,甘子杰队,,2026-10-03
456,尾山台,東急,大井町線,private,13,尾山台,004205,35.60678,139.65482,456,unassigned,0,陳偉鋒队,,2026-10-03
41,山下,東急,世田谷線,tram,13,山下,003957,35.65385,139.64647,41,unassigned,0,小川队,,2026-10-03
162,山田,京王,高尾線,private,13,山田,004010,35.64438,139.32036,162,unassigned,0,甘子杰队,,2026-10-03
189,岩本町,都営,10号線新宿線,public,13,岩本町,003655,35.69553,139.77626,189,unassigned,0,甘子杰队,,2026-10-03
1248,川井,JR東日本,青梅線,jr,13,川井,003062,35.81374,139.16468,1455,unassigned,0,,,
1097,巣鴨,都営,6号線三田線,public,13,巣鴨,003354,35.73426,139.73742,1223,unassigned,0,,,
1097,巣鴨,JR東日本,山手線,jr,13,巣鴨,003356,35.73419,139.74144,1388,unassigned,0,,,
1120,巣鴨新田,都営,荒川線,tram,13,巣鴨新田,003351,35.73496,139.72804,1277,unassigned,0,,,
1070,市ヶ谷,東京メトロ,7号線南北線,private,13,市ヶ谷,003670,35.69417,139.73766,1165,unassigned,0,,,
1070,市ヶ谷,東京メトロ,8号線有楽町線,private,13,市ヶ谷,003671,35.69367,139.73763,1177,unassigned,0,,,
1070,市ヶ谷,都営,10号線新宿線,public,13,市ヶ谷,003680,35.69171,139.73828,1239,unassigned,0,,,
1070,市ヶ谷,JR東日本,中央線,jr,13,市ヶ谷,003685,35.69152,139.73593,1541,unassigned,0,,,
528,市場前,ゆりかもめ,東京臨海新交通臨海線,agt,13,市場前,004001,35.64548,139.7853,528,unassigned,0,,,
19,布田,京王,京王線,private,13,布田,003975,35.64993,139.55108,19,unassigned,0,小川队,,2026-10-03
273,幡ヶ谷,京王,京王線,private,13,幡ヶ谷,003791,35.6769,139.67821,273,unassigned,0,罗子傑队,,2026-10-03
109,平井,JR東日本,総武線,jr,13,平井,003561,35.70595,139.84158,109,unassigned,0,汤静队,,2026-10-03
1076,平和台,東京メトロ,8号線有楽町線,private,13,平和台,003228,35.75697,139.65526,1173,unassigned,0,,,
354,平和島,京急,本線,private,13,平和島,004294,35.5795,139.73519,354,unassigned,0,陈嘉溢队,,2026-10-03
363,平山城址公園,京王,京王線,private,13,平山城址公園,003990,35.64794,139.38057,363,unassigned,0,陈嘉溢队,,2026-10-03
1024,広尾,東京メトロ,2号線日比谷線,private,13,広尾,003969,35.6506,139.72226,1098,unassigned,0,,,
100,庚申塚,都営,荒川線,tram,13,庚申塚,003319,35.73892,139.72947,100,unassigned,0,汤静队,,2026-10-03
77,府中,京王,京王線,private,13,府中,003821,35.67204,139.48079,77,unassigned,0,小川队,,2026-10-03
472,府中本町,JR東日本,南武線,jr,13,府中本町,003876,35.66638,139.47698,472,unassigned,0,陳偉鋒队,,2026-10-03
472,府中本町,JR東日本,武蔵野線,jr,13,府中本町,003878,35.6653,139.47722,1710,unassigned,0,,,
20,府中競馬正門前,京王,競馬場線,private,13,府中競馬正門前,003856,35.66833,139.48584,20,unassigned,0,小川队,,2026-10-03
1045,後楽園,東京メトロ,4号線丸ノ内線,private,13,後楽園,003550,35.70734,139.75164,1124,unassigned,0,,,
1045,後楽園,東京メトロ,7号線南北線,private,13,後楽園,003542,35.70928,139.7518,1157,unassigned,0,,,
720,御岳山,御岳登山,ケーブルカー,cable,13,御岳山,003114,35.78977,139.15399,739,unassigned,0,,,
1249,御嶽,JR東日本,青梅線,jr,13,御嶽,003087,35.80145,139.18328,1456,unassigned,0,,,
386,御嶽山,東急,池上線,private,13,御嶽山,004273,35.58491,139.68255,386,unassigned,0,陈嘉溢队,,2026-10-03
402,御徒町,JR東日本,東北線,jr,13,御徒町,003555,35.70632,139.77457,402,unassigned,0,陈嘉溢队,,2026-10-03
1101,御成門,都営,6号線三田線,public,13,御成門,003911,35.66169,139.75183,1232,unassigned,0,,,
1046,御茶ノ水,東京メトロ,4号線丸ノ内線,private,13,御茶ノ水,003605,35.70069,139.76355,1125,unassigned,0,,,
1046,御茶ノ水,JR東日本,中央線,jr,13,御茶ノ水,003616,35.69995,139.76372,1534,unassigned,0,,,
1046,御茶ノ水,JR東日本,総武線,jr,13,御茶ノ水,003615,35.69995,139.76372,1525,unassigned,0,,,
137,志村三丁目,都営,6号線三田線,public,13,志村三丁目,003158,35.77767,139.68673,137,unassigned,0,汤静队,,2026-10-03
138,志村坂上,都営,6号線三田線,public,13,志村坂上,003165,35.77578,139.6953,138,unassigned,0,汤静队,,2026-10-03
150,志茂,東京メトロ,7号線南北線,private,13,志茂,003153,35.77728,139.73303,150,unassigned,0,汤静队,,2026-10-03
292,恋ヶ窪,西武,国分寺線,private,13,恋ヶ窪,003520,35.71096,139.4642,292,unassigned,0,罗子傑队,,2026-10-03
1034,恵比寿,東京メトロ,2号線日比谷線,private,13,恵比寿,003991,35.64646,139.70808,1108,unassigned,0,,,
1034,恵比寿,JR東日本,山手線,jr,13,恵比寿,003992,35.64593,139.71054,1398,unassigned,0,,,
406,成城学園前,小田急,小田原線,private,13,成城学園前,004036,35.63981,139.59796,406,unassigned,0,陈嘉溢队,,2026-10-03
291,成増,東武,東上本線,private,13,成増,003156,35.77702,139.63376,291,unassigned,0,罗子傑队,,2026-10-03
394,成瀬,JR東日本,横浜線,jr,13,成瀬,004414,35.53584,139.47217,394,unassigned,0,陈嘉溢队,,2026-10-03
373,戸越,都営,1号線浅草線,public,13,戸越,004161,35.61374,139.71611,373,unassigned,0,陈嘉溢队,,2026-10-03
447,戸越公園,東急,大井町線,private,13,戸越公園,004186,35.60885,139.71798,447,unassigned,0,陳偉鋒队,,2026-10-03
382,戸越銀座,東急,池上線,private,13,戸越銀座,004155,35.61569,139.71485,382,unassigned,0,陈嘉溢队,,2026-10-03
271,扇大橋,都営,日暮里・舎人ライナー,agt,13,扇大橋,003209,35.76375,139.77086,271,unassigned,0,甘子杰队,,2026-10-03
83,押上,京成,押上線,private,13,押上,003527,35.70972,139.81158,83,unassigned,0,汤静队,,2026-10-03
83,押上,東京メトロ,11号線半蔵門線,private,13,押上,003540,35.70668,139.81415,1196,unassigned,0,,,
83,押上,都営,1号線浅草線,public,13,押上,003526,35.70972,139.81158,1208,unassigned,0,,,
83,押上,東武,伊勢崎線,private,13,押上,003541,35.70668,139.81415,1869,unassigned,0,,,
227,拝島,JR東日本,五日市線,jr,13,拝島,003464,35.72202,139.34285,1359,unassigned,0,,,
227,拝島,JR東日本,八高線,jr,13,拝島,003462,35.72053,139.34438,1682,unassigned,0,,,
227,拝島,JR東日本,青梅線,jr,13,拝島,003465,35.72202,139.34285,1448,unassigned,0,,,
227,拝島,西武,拝島線,private,13,拝島,003466,35.72133,139.34398,227,unassigned,0,甘子杰队,,2026-10-03
999,整備場,東京モノレール,東京モノレール羽田線,monorail,13,整備場,004348,35.55466,139.75336,1055,unassigned,0,,,
266,新三河島,京成,本線,private,13,新三河島,003339,35.73693,139.77348,266,unassigned,0,甘子杰队,,2026-10-03
497,新中野,東京メトロ,4号線丸ノ内線,private,13,新中野,003638,35.6975,139.67029,497,unassigned,0,陳偉鋒队,,2026-10-03
303,新井薬師前,西武,新宿線,private,13,新井薬師前,003489,35.71555,139.67342,303,unassigned,0,罗子傑队,,2026-10-03
3,新代田,京王,井の頭線,private,13,新代田,003901,35.66258,139.66089,3,unassigned,0,小川队,,2026-10-03
325,新大久保,JR東日本,山手線,jr,13,新大久保,003601,35.70175,139.70032,325,unassigned,0,罗子傑队,,2026-10-03
1049,新大塚,東京メトロ,4号線丸ノ内線,private,13,新大塚,003431,35.72652,139.7288,1129,unassigned,0,,,
322,新宿,京王,京王線,private,13,新宿,003700,35.69047,139.69917,322,unassigned,0,罗子傑队,,2026-10-03
322,新宿,小田急,小田原線,private,13,新宿,003683,35.69189,139.69971,811,unassigned,0,,,
322,新宿,東京メトロ,4号線丸ノ内線,private,13,新宿,003672,35.69235,139.7013,1141,unassigned,0,,,
322,新宿,都営,10号線新宿線,public,13,新宿,003708,35.68871,139.69932,1241,unassigned,0,,,
322,新宿,都営,12号線大江戸線,public,13,新宿,003715,35.68716,139.69952,1267,unassigned,0,,,
322,新宿,JR東日本,中央線,jr,13,新宿,003693,35.68931,139.70055,1544,unassigned,0,,,
322,新宿,JR東日本,山手線,jr,13,新宿,003701,35.69167,139.70004,1400,unassigned,0,,,
1055,新宿三丁目,東京メトロ,13号線副都心線,private,13,新宿三丁目,003689,35.6939,139.70673,1874,unassigned,0,,,
1055,新宿三丁目,東京メトロ,4号線丸ノ内線,private,13,新宿三丁目,003684,35.69087,139.70489,1139,unassigned,0,,,
1055,新宿三丁目,都営,10号線新宿線,public,13,新宿三丁目,003687,35.69114,139.70749,1242,unassigned,0,,,
1056,新宿御苑前,東京メトロ,4号線丸ノ内線,private,13,新宿御苑前,003707,35.68834,139.71185,1140,unassigned,0,,,
283,新宿西口,都営,12号線大江戸線,public,13,新宿西口,003669,35.69382,139.69901,283,unassigned,0,罗子傑队,,2026-10-03
177,新富町,東京メトロ,8号線有楽町線,private,13,新富町,003833,35.67016,139.77451,177,unassigned,0,甘子杰队,,2026-10-03
110,新小岩,JR東日本,総武線,jr,13,新小岩,003486,35.71587,139.85625,110,unassigned,0,汤静队,,2026-10-03
287,新小平,JR東日本,武蔵野線,jr,13,新小平,003385,35.73145,139.47071,287,unassigned,0,罗子傑队,,2026-10-03
48,新小金井,西武,多摩川線,private,13,新小金井,003653,35.69623,139.52711,48,unassigned,0,小川队,,2026-10-03
99,新庚申塚,都営,荒川線,tram,13,新庚申塚,003310,35.74092,139.73024,99,unassigned,0,汤静队,,2026-10-03
125,新御徒町,都営,12号線大江戸線,public,13,新御徒町,003556,35.70692,139.78272,1247,unassigned,0,,,
125,新御徒町,つくばEX,常磐新線,third,13,新御徒町,003557,35.70699,139.78118,125,unassigned,0,汤静队,,2026-10-03
1082,新御茶ノ水,東京メトロ,9号線千代田線,private,13,新御茶ノ水,003645,35.69759,139.76576,1183,unassigned,0,,,
1003,新整備場,東京モノレール,東京モノレール羽田線,monorail,13,新整備場,004393,35.54348,139.78714,1059,unassigned,0,,,
220,新日本橋,JR東日本,総武線,jr,13,新日本橋,003703,35.68873,139.7733,220,unassigned,0,甘子杰队,,2026-10-03
200,新木場,東京メトロ,8号線有楽町線,private,13,新木場,003998,35.64564,139.82535,200,unassigned,0,甘子杰队,,2026-10-03
200,新木場,東京臨海高速鉄道,りんかい線,third,13,新木場,003997,35.64592,139.82786,1286,unassigned,0,,,
200,新木場,JR東日本,京葉線,jr,13,新木場,003995,35.6459,139.82584,1357,unassigned,0,,,
418,新板橋,都営,6号線三田線,public,13,新板橋,003268,35.74893,139.71848,418,unassigned,0,陈嘉溢队,,2026-10-03
1544,新柴又,北総,北総線,third,13,新柴又,003244,35.75173,139.88053,1866,unassigned,0,,,
321,新桜台,西武,西武有楽町線,private,13,新桜台,003311,35.74167,139.66964,321,unassigned,0,罗子傑队,,2026-10-03
522,新橋,ゆりかもめ,東京臨海新交通臨海線,agt,13,新橋,003882,35.6648,139.76082,522,unassigned,0,,,
522,新橋,東京メトロ,3号線銀座線,private,13,新橋,003864,35.66709,139.75935,1119,unassigned,0,,,
522,新橋,都営,1号線浅草線,public,13,新橋,003888,35.66432,139.75852,1212,unassigned,0,,,
522,新橋,JR東日本,東海道線,jr,13,新橋,003872,35.6672,139.75814,1567,unassigned,0,,,
330,新江古田,都営,12号線大江戸線,public,13,新江古田,003367,35.73221,139.67133,330,unassigned,0,罗子傑队,,2026-10-03
288,新秋津,JR東日本,武蔵野線,jr,13,新秋津,003152,35.77809,139.49358,288,unassigned,0,罗子傑队,,2026-10-03
527,新豊洲,ゆりかもめ,東京臨海新交通臨海線,agt,13,新豊洲,003981,35.64853,139.78985,527,unassigned,0,,,
349,新馬場,京急,本線,private,13,新馬場,004153,35.61586,139.74166,349,unassigned,0,陈嘉溢队,,2026-10-03
495,新高円寺,東京メトロ,4号線丸ノ内線,private,13,新高円寺,003632,35.69788,139.64926,495,unassigned,0,陳偉鋒队,,2026-10-03
142,新高島平,都営,6号線三田線,public,13,新高島平,003112,35.79004,139.65529,142,unassigned,0,汤静队,,2026-10-03
277,方南町,東京メトロ,4号線丸ノ内線分岐線,private,13,方南町,003751,35.68367,139.65867,277,unassigned,0,罗子傑队,,2026-10-03
450,旗の台,東急,大井町線,private,13,旗の台,004221,35.60485,139.70266,450,unassigned,0,陳偉鋒队,,2026-10-03
450,旗の台,東急,池上線,private,13,旗の台,004219,35.60495,139.70299,1064,unassigned,0,,,
525,日の出,ゆりかもめ,東京臨海新交通臨海線,agt,13,日の出,003979,35.64961,139.75932,525,unassigned,0,,,
1250,日向和田,JR東日本,青梅線,jr,13,日向和田,003121,35.78833,139.22975,1457,unassigned,0,,,
228,日暮里,京成,本線,private,13,日暮里,003414,35.72748,139.77215,228,unassigned,0,甘子杰队,,2026-10-03
228,日暮里,都営,日暮里・舎人ライナー,agt,13,日暮里,003406,35.72854,139.77086,1890,unassigned,0,,,
228,日暮里,JR東日本,常磐線,jr,13,日暮里,003417,35.72734,139.77196,1415,unassigned,0,,,
228,日暮里,JR東日本,東北線,jr,13,日暮里,003420,35.72734,139.77196,1605,unassigned,0,,,
1039,日本橋,東京メトロ,3号線銀座線,private,13,日本橋,003759,35.68156,139.77313,1115,unassigned,0,,,
1039,日本橋,東京メトロ,5号線東西線,private,13,日本橋,003756,35.68277,139.77309,1153,unassigned,0,,,
1039,日本橋,都営,1号線浅草線,public,13,日本橋,003762,35.68209,139.77607,1211,unassigned,0,,,
1033,日比谷,東京メトロ,2号線日比谷線,private,13,日比谷,003802,35.67476,139.75989,1107,unassigned,0,,,
1033,日比谷,東京メトロ,9号線千代田線,private,13,日比谷,003804,35.67469,139.7595,1188,unassigned,0,,,
1033,日比谷,都営,6号線三田線,public,13,日比谷,003793,35.67589,139.75989,1226,unassigned,0,,,
505,日野,JR東日本,中央線,jr,13,日野,003779,35.67931,139.39383,505,unassigned,0,陳偉鋒队,,2026-10-03
1060,早稲田,東京メトロ,5号線東西線,private,13,早稲田,003570,35.70558,139.72333,1147,unassigned,0,,,
1114,早稲田,都営,荒川線,tram,13,早稲田,003514,35.71181,139.71929,1271,unassigned,0,,,
410,明大前,京王,井の頭線,private,13,明大前,003846,35.66863,139.65048,410,unassigned,0,陈嘉溢队,,2026-10-03
410,明大前,京王,京王線,private,13,明大前,003855,35.66852,139.65112,608,unassigned,0,,,
136,明治神宮前,東京メトロ,13号線副都心線,private,13,明治神宮前,003857,35.66907,139.70588,1873,unassigned,0,,,
136,明治神宮前,東京メトロ,9号線千代田線,private,13,明治神宮前,003844,35.66949,139.70307,136,unassigned,0,汤静队,,2026-10-03
1096,春日,都営,12号線大江戸線,public,13,春日,003539,35.7085,139.75136,1244,unassigned,0,,,
1096,春日,都営,6号線三田線,public,13,春日,003529,35.70913,139.75347,1222,unassigned,0,,,
1002,昭和島,東京モノレール,東京モノレール羽田線,monorail,13,昭和島,004312,35.57002,139.74976,1058,unassigned,0,,,
500,昭島,JR東日本,青梅線,jr,13,昭島,003507,35.7136,139.36035,500,unassigned,0,陳偉鋒队,,2026-10-03
481,是政,西武,多摩川線,private,13,是政,003944,35.65616,139.48921,481,unassigned,0,陳偉鋒队,,2026-10-03
1104,曙橋,都営,10号線新宿線,public,13,曙橋,003673,35.6923,139.72357,1238,unassigned,0,,,
253,曳舟,東武,亀戸線,private,13,曳舟,003480,35.71726,139.81658,1744,unassigned,0,,,
253,曳舟,東武,伊勢崎線,private,13,曳舟,003479,35.71726,139.81658,253,unassigned,0,甘子杰队,,2026-10-03
192,月島,東京メトロ,8号線有楽町線,private,13,月島,003889,35.66522,139.78386,192,unassigned,0,甘子杰队,,2026-10-03
192,月島,都営,12号線大江戸線,public,13,月島,003893,35.66441,139.78479,1265,unassigned,0,,,
520,有明,ゆりかもめ,東京臨海新交通臨海線,agt,13,有明,004064,35.63482,139.79313,520,unassigned,0,,,
1079,有楽町,東京メトロ,8号線有楽町線,private,13,有楽町,003795,35.67623,139.76108,1179,unassigned,0,,,
1079,有楽町,JR東日本,東海道線,jr,13,有楽町,003798,35.67448,139.76254,1572,unassigned,0,,,
1061,木場,東京メトロ,5号線東西線,private,13,木場,003840,35.66938,139.80591,1150,unassigned,0,,,
1036,末広町,東京メトロ,3号線銀座線,private,13,末広町,003586,35.70319,139.77181,1112,unassigned,0,,,
94,本所吾妻橋,都営,1号線浅草線,public,13,本所吾妻橋,003538,35.70854,139.80368,94,unassigned,0,汤静队,,2026-10-03
144,本蓮沼,都営,6号線三田線,public,13,本蓮沼,003193,35.76837,139.70253,144,unassigned,0,汤静队,,2026-10-03
1047,本郷三丁目,東京メトロ,4号線丸ノ内線,private,13,本郷三丁目,003559,35.70728,139.7595,1126,unassigned,0,,,
1047,本郷三丁目,都営,12号線大江戸線,public,13,本郷三丁目,003546,35.70754,139.7598,1243,unassigned,0,,,
1065,本駒込,東京メトロ,7号線南北線,private,13,本駒込,003441,35.72517,139.75366,1155,unassigned,0,,,
120,東あずま,東武,亀戸線,private,13,東あずま,003548,35.70706,139.83177,120,unassigned,0,汤静队,,2026-10-03
502,東中神,JR東日本,青梅線,jr,13,東中神,003562,35.70612,139.3851,502,unassigned,0,陳偉鋒队,,2026-10-03
499,東中野,都営,12号線大江戸線,public,13,東中野,003549,35.70672,139.68296,499,unassigned,0,陳偉鋒队,,2026-10-03
499,東中野,JR東日本,中央線,jr,13,東中野,003563,35.70628,139.68626,1536,unassigned,0,,,
513,東久留米,西武,池袋線,private,13,東久留米,003217,35.75994,139.53424,513,unassigned,0,陳偉鋒队,,2026-10-03
994,東京,東京メトロ,4号線丸ノ内線,private,13,東京,003758,35.68273,139.765,1130,unassigned,0,,,
1183,東京,JR東日本,京葉線,jr,13,東京,003785,35.67791,139.76414,1354,unassigned,0,,,
994,東京,JR東日本,東北新幹線,shinkansen,13,東京,003769,35.68296,139.76807,1603,unassigned,0,,,
994,東京,JR東日本,東北線,jr,13,東京,003766,35.68228,139.76716,1637,unassigned,0,,,
994,東京,JR東日本,東海道線,jr,13,東京,003770,35.68294,139.76778,1570,unassigned,0,,,
994,東京,JR東日本,総武線,jr,13,東京,003760,35.68098,139.76491,1530,unassigned,0,,,
994,東京,JR東海,東海道新幹線,shinkansen,13,東京,003768,35.68296,139.76807,1046,unassigned,0,,,
1125,東京テレポート,東京臨海高速鉄道,りんかい線,third,13,東京テレポート,004108,35.62728,139.77844,1283,unassigned,0,,,
521,東京ビッグサイト,ゆりかもめ,東京臨海新交通臨海線,agt,13,東京ビッグサイト,004087,35.63059,139.792,521,unassigned,0,,,
517,東京国際クルーズターミナル,ゆりかもめ,東京臨海新交通臨海線,agt,13,東京国際クルーズターミナル,004128,35.621088,139.773325,517,unassigned,0,,,
310,東伏見,西武,新宿線,private,13,東伏見,003408,35.72868,139.56435,310,unassigned,0,罗子傑队,,2026-10-03
25,東北沢,小田急,小田原線,private,13,東北沢,003880,35.66508,139.67254,25,unassigned,0,小川队,,2026-10-03
148,東十条,JR東日本,東北線,jr,13,東十条,003210,35.76284,139.72748,148,unassigned,0,汤静队,,2026-10-03
252,東向島,東武,伊勢崎線,private,13,東向島,003442,35.72388,139.81926,252,unassigned,0,甘子杰队,,2026-10-03
1067,東大前,東京メトロ,7号線南北線,private,13,東大前,003481,35.71893,139.7574,1159,unassigned,0,,,
301,東大和市,西武,拝島線,private,13,東大和市,003365,35.73323,139.43496,301,unassigned,0,罗子傑队,,2026-10-03
184,東大島,都営,10号線新宿線,public,13,東大島,003695,35.68926,139.84892,184,unassigned,0,甘子杰队,,2026-10-03
67,東小金井,JR東日本,中央線,jr,13,東小金井,003594,35.70152,139.52247,67,unassigned,0,小川队,,2026-10-03
260,東尾久三丁目,都営,荒川線,tram,13,東尾久三丁目,003284,35.74549,139.77405,260,unassigned,0,甘子杰队,,2026-10-03
76,東府中,京王,京王線,private,13,東府中,003850,35.66854,139.49602,76,unassigned,0,小川队,,2026-10-03
76,東府中,京王,競馬場線,private,13,東府中,003851,35.66854,139.49602,613,unassigned,0,,,
1106,東新宿,東京メトロ,13号線副都心線,private,13,東新宿,003612,35.70187,139.70823,1875,unassigned,0,,,
1106,東新宿,都営,12号線大江戸線,public,13,東新宿,003630,35.69779,139.70852,1249,unassigned,0,,,
97,東日本橋,都営,1号線浅草線,public,13,東日本橋,003676,35.69304,139.78497,97,unassigned,0,汤静队,,2026-10-03
509,東村山,西武,国分寺線,private,13,東村山,003220,35.75903,139.46581,509,unassigned,0,陳偉鋒队,,2026-10-03
509,東村山,西武,新宿線,private,13,東村山,003221,35.75903,139.46581,898,unassigned,0,,,
509,東村山,西武,西武園線,private,13,東村山,003222,35.75903,139.46581,906,unassigned,0,,,
4,東松原,京王,井の頭線,private,13,東松原,003899,35.66258,139.65623,4,unassigned,0,小川队,,2026-10-03
289,東武練馬,東武,東上本線,private,13,東武練馬,003194,35.76855,139.66343,289,unassigned,0,罗子傑队,,2026-10-03
1074,東池袋,東京メトロ,8号線有楽町線,private,13,東池袋,003432,35.72659,139.71787,1170,unassigned,0,,,
1117,東池袋四丁目,都営,荒川線,tram,13,東池袋四丁目,003436,35.7254,139.7205,1274,unassigned,0,,,
107,東福生,JR東日本,八高線,jr,13,東福生,003282,35.74537,139.33584,107,unassigned,0,汤静队,,2026-10-03
102,東秋留,JR東日本,五日市線,jr,13,東秋留,003433,35.72594,139.3124,102,unassigned,0,汤静队,,2026-10-03
1025,東銀座,東京メトロ,2号線日比谷線,private,13,東銀座,003843,35.66977,139.76691,1099,unassigned,0,,,
1025,東銀座,都営,1号線浅草線,public,13,東銀座,003838,35.66901,139.76645,1215,unassigned,0,,,
314,東長崎,西武,池袋線,private,13,東長崎,003393,35.72947,139.68383,314,unassigned,0,罗子傑队,,2026-10-03
1064,東陽町,東京メトロ,5号線東西線,private,13,東陽町,003839,35.66966,139.81892,1154,unassigned,0,,,
1127,東雲,東京臨海高速鉄道,りんかい線,third,13,東雲,004034,35.64117,139.80533,1285,unassigned,0,,,
117,東青梅,JR東日本,青梅線,jr,13,東青梅,003113,35.78951,139.27344,117,unassigned,0,汤静队,,2026-10-03
496,東高円寺,東京メトロ,4号線丸ノ内線,private,13,東高円寺,003628,35.69787,139.659,496,unassigned,0,陳偉鋒队,,2026-10-03
366,松が谷,多摩モノレール,多摩都市モノレール線,monorail,13,松が谷,004077,35.63147,139.42215,366,unassigned,0,陈嘉溢队,,2026-10-03
42,松原,東急,世田谷線,tram,13,松原,003915,35.65984,139.6419,42,unassigned,0,小川队,,2026-10-03
37,松陰神社前,東急,世田谷線,tram,13,松陰神社前,004017,35.64395,139.65535,37,unassigned,0,小川队,,2026-10-03
113,板橋,JR東日本,赤羽線,jr,13,板橋,003286,35.74418,139.71865,113,unassigned,0,汤静队,,2026-10-03
146,板橋区役所前,都営,6号線三田線,public,13,板橋区役所前,003245,35.75179,139.70946,146,unassigned,0,汤静队,,2026-10-03
145,板橋本町,都営,6号線三田線,public,13,板橋本町,003216,35.76072,139.70575,145,unassigned,0,汤静队,,2026-10-03
615,柴又,京成,金町線,private,13,柴又,003232,35.75606,139.87503,622,unassigned,0,,,
17,柴崎,京王,京王線,private,13,柴崎,003959,35.65365,139.56589,17,unassigned,0,小川队,,2026-10-03
436,柴崎体育館,多摩モノレール,多摩都市モノレール線,monorail,13,柴崎体育館,003697,35.69006,139.4094,436,unassigned,0,陳偉鋒队,,2026-10-03
1113,栄町,都営,荒川線,tram,13,栄町,003253,35.75082,139.74193,1270,unassigned,0,,,
1083,根津,東京メトロ,9号線千代田線,private,13,根津,003483,35.7179,139.76517,1186,unassigned,0,,,
14,桜上水,京王,京王線,private,13,桜上水,003862,35.66751,139.63231,14,unassigned,0,小川队,,2026-10-03
316,桜台,西武,池袋線,private,13,桜台,003321,35.73884,139.66336,316,unassigned,0,罗子傑队,,2026-10-03
408,桜新町,東急,田園都市線,private,13,桜新町,004078,35.63176,139.64658,408,unassigned,0,陈嘉溢队,,2026-10-03
1080,桜田門,東京メトロ,8号線有楽町線,private,13,桜田門,003787,35.67772,139.75296,1180,unassigned,0,,,
443,桜街道,多摩モノレール,多摩都市モノレール線,monorail,13,桜街道,003320,35.73875,139.41661,443,unassigned,0,陳偉鋒队,,2026-10-03
27,梅ヶ丘,小田急,小田原線,private,13,梅ヶ丘,003945,35.65624,139.65434,27,unassigned,0,小川队,,2026-10-03
356,梅屋敷,京急,本線,private,13,梅屋敷,004319,35.56707,139.7284,356,unassigned,0,陈嘉溢队,,2026-10-03
241,梅島,東武,伊勢崎線,private,13,梅島,003176,35.77143,139.79975,241,unassigned,0,甘子杰队,,2026-10-03
424,梶原,都営,荒川線,tram,13,梶原,003246,35.75107,139.74758,424,unassigned,0,陈嘉溢队,,2026-10-03
190,森下,都営,10号線新宿線,public,13,森下,003711,35.68807,139.79919,190,unassigned,0,甘子杰队,,2026-10-03
190,森下,都営,12号線大江戸線,public,13,森下,003712,35.68726,139.79826,1261,unassigned,0,,,
313,椎名町,西武,池袋線,private,13,椎名町,003426,35.72637,139.69494,313,unassigned,0,罗子傑队,,2026-10-03
106,武蔵五日市,JR東日本,五日市線,jr,13,武蔵五日市,003372,35.73271,139.22876,106,unassigned,0,汤静队,,2026-10-03
332,武蔵境,JR東日本,中央線,jr,13,武蔵境,003590,35.70204,139.54228,1548,unassigned,0,,,
332,武蔵境,西武,多摩川線,private,13,武蔵境,003592,35.70192,139.54474,332,unassigned,0,罗子傑队,,2026-10-03
105,武蔵増戸,JR東日本,五日市線,jr,13,武蔵増戸,003383,35.73089,139.25704,105,unassigned,0,汤静队,,2026-10-03
298,武蔵大和,西武,多摩湖線,private,13,武蔵大和,003231,35.75607,139.44427,298,unassigned,0,罗子傑队,,2026-10-03
468,武蔵小山,東急,目黒線,private,13,武蔵小山,004133,35.6202,139.70392,468,unassigned,0,陳偉鋒队,,2026-10-03
66,武蔵小金井,JR東日本,中央線,jr,13,武蔵小金井,003600,35.70097,139.50481,66,unassigned,0,小川队,,2026-10-03
104,武蔵引田,JR東日本,五日市線,jr,13,武蔵引田,003395,35.72962,139.27072,104,unassigned,0,汤静队,,2026-10-03
380,武蔵新田,東急,東急多摩川線,private,13,武蔵新田,004317,35.56797,139.69212,380,unassigned,0,陈嘉溢队,,2026-10-03
123,武蔵砂川,西武,拝島線,private,13,武蔵砂川,003404,35.7289,139.39298,123,unassigned,0,汤静队,,2026-10-03
607,武蔵野台,京王,京王線,private,13,武蔵野台,003891,35.66431,139.51052,610,unassigned,0,,,
309,武蔵関,西武,新宿線,private,13,武蔵関,003419,35.72754,139.57721,309,unassigned,0,罗子傑队,,2026-10-03
166,水天宮前,東京メトロ,11号線半蔵門線,private,13,水天宮前,003753,35.68231,139.78576,166,unassigned,0,甘子杰队,,2026-10-03
1093,水道橋,都営,6号線三田線,public,13,水道橋,003580,35.70269,139.75541,1219,unassigned,0,,,
1093,水道橋,JR東日本,中央線,jr,13,水道橋,003591,35.70209,139.75255,1532,unassigned,0,,,
281,氷川台,東京メトロ,8号線有楽町線,private,13,氷川台,003261,35.75005,139.6645,281,unassigned,0,罗子傑队,,2026-10-03
1068,永田町,東京メトロ,11号線半蔵門線,private,13,永田町,003781,35.6783,139.73774,1200,unassigned,0,,,
1068,永田町,東京メトロ,7号線南北線,private,13,永田町,003782,35.67878,139.73822,1161,unassigned,0,,,
1068,永田町,東京メトロ,8号線有楽町線,private,13,永田町,003784,35.67845,139.74068,1181,unassigned,0,,,
5,永福町,京王,井の頭線,private,13,永福町,003794,35.67597,139.64331,5,unassigned,0,小川队,,2026-10-03
195,汐留,ゆりかもめ,東京臨海新交通臨海線,agt,13,汐留,003896,35.66328,139.76036,195,unassigned,0,甘子杰队,,2026-10-03
195,汐留,都営,12号線大江戸線,public,13,汐留,003887,35.66625,139.76245,1259,unassigned,0,,,
238,江北,都営,日暮里・舎人ライナー,agt,13,江北,003171,35.77338,139.77037,238,unassigned,0,甘子杰队,,2026-10-03
315,江古田,西武,池袋線,private,13,江古田,003337,35.73723,139.67355,315,unassigned,0,罗子傑队,,2026-10-03
659,江戸川,京成,本線,private,13,江戸川,003331,35.73772,139.89646,669,unassigned,0,,,
1075,江戸川橋,東京メトロ,8号線有楽町線,private,13,江戸川橋,003534,35.70964,139.73315,1172,unassigned,0,,,
2,池ノ上,京王,井の頭線,private,13,池ノ上,003914,35.66028,139.67394,2,unassigned,0,小川队,,2026-10-03
389,池上,東急,池上線,private,13,池上,004309,35.57191,139.70326,389,unassigned,0,陈嘉溢队,,2026-10-03
43,池尻大橋,東急,田園都市線,private,13,池尻大橋,003972,35.65116,139.68555,43,unassigned,0,小川队,,2026-10-03
1073,池袋,東京メトロ,13号線副都心線,private,13,池袋,003379,35.73178,139.70655,1169,unassigned,0,,,
880,池袋,東京メトロ,4号線丸ノ内線,private,13,池袋,003389,35.73061,139.71034,1128,unassigned,0,,,
880,池袋,東京メトロ,8号線有楽町線,private,13,池袋,003400,35.72954,139.7098,1171,unassigned,0,,,
880,池袋,JR東日本,山手線,jr,13,池袋,003390,35.73152,139.71167,1390,unassigned,0,,,
880,池袋,JR東日本,赤羽線,jr,13,池袋,003391,35.72896,139.71071,1463,unassigned,0,,,
880,池袋,東武,東上本線,private,13,池袋,003381,35.73137,139.71128,1748,unassigned,0,,,
880,池袋,西武,池袋線,private,13,池袋,003418,35.72783,139.71091,915,unassigned,0,,,
1247,沢井,JR東日本,青梅線,jr,13,沢井,003076,35.80583,139.19389,1454,unassigned,0,,,
116,河辺,JR東日本,青梅線,jr,13,河辺,003134,35.78439,139.28494,116,unassigned,0,汤静队,,2026-10-03
865,沼袋,西武,新宿線,private,13,沼袋,003475,35.71906,139.66561,896,unassigned,0,,,
377,沼部,東急,東急多摩川線,private,13,沼部,004279,35.58275,139.6729,377,unassigned,0,陈嘉溢队,,2026-10-03
441,泉体育館,多摩モノレール,多摩都市モノレール線,monorail,13,泉体育館,003476,35.71856,139.41972,441,unassigned,0,陳偉鋒队,,2026-10-03
688,泉岳寺,京急,本線,private,13,泉岳寺,004043,35.63746,139.73938,701,unassigned,0,,,
688,泉岳寺,都営,1号線浅草線,public,13,泉岳寺,004042,35.63746,139.73938,1214,unassigned,0,,,
470,洗足,東急,目黒線,private,13,洗足,004180,35.60975,139.69377,470,unassigned,0,陳偉鋒队,,2026-10-03
466,洗足池,東急,池上線,private,13,洗足池,004239,35.59955,139.69051,466,unassigned,0,陳偉鋒队,,2026-10-03
1001,流通センター,東京モノレール,東京モノレール羽田線,monorail,13,流通センター,004285,35.58101,139.74937,1057,unassigned,0,,,
1035,浅草,東京メトロ,3号線銀座線,private,13,浅草,003522,35.71107,139.79803,1111,unassigned,0,,,
1035,浅草,都営,1号線浅草線,public,13,浅草,003537,35.70949,139.79725,1207,unassigned,0,,,
1035,浅草,東武,伊勢崎線,private,13,浅草,003513,35.71157,139.79793,1719,unassigned,0,,,
126,浅草,つくばEX,常磐新線,third,13,浅草,003502,35.71478,139.79261,126,unassigned,0,汤静队,,2026-10-03
96,浅草橋,都営,1号線浅草線,public,13,浅草橋,003636,35.69687,139.78598,96,unassigned,0,汤静队,,2026-10-03
96,浅草橋,JR東日本,総武線,jr,13,浅草橋,003640,35.6975,139.7831,1526,unassigned,0,,,
1325,浜松町,JR東日本,東海道線,jr,13,浜松町,003949,35.65614,139.75728,1568,unassigned,0,,,
7,浜田山,京王,井の頭線,private,13,浜田山,003763,35.68137,139.62814,7,unassigned,0,小川队,,2026-10-03
188,浜町,都営,10号線新宿線,public,13,浜町,003706,35.68839,139.78898,188,unassigned,0,甘子杰队,,2026-10-03
79,浮間舟渡,JR東日本,東北線,jr,13,浮間舟渡,003107,35.79103,139.69251,79,unassigned,0,小川队,,2026-10-03
1051,淡路町,東京メトロ,4号線丸ノ内線,private,13,淡路町,003661,35.69535,139.76746,1132,unassigned,0,,,
738,清滝,高尾登山,高尾鋼索線,cable,13,清滝,004083,35.63107,139.26644,757,unassigned,0,,,
191,清澄白河,東京メトロ,11号線半蔵門線,private,13,清澄白河,003757,35.6822,139.80141,191,unassigned,0,甘子杰队,,2026-10-03
191,清澄白河,都営,12号線大江戸線,public,13,清澄白河,003754,35.68222,139.79875,1264,unassigned,0,,,
512,清瀬,西武,池袋線,private,13,清瀬,003179,35.77166,139.52102,512,unassigned,0,陳偉鋒队,,2026-10-03
128,渋谷,京王,井の頭線,private,13,渋谷,003930,35.658403,139.698906,128,unassigned,0,汤静队,,2026-10-03
128,渋谷,東京メトロ,11号線半蔵門線,private,13,渋谷,003922,35.65945,139.7021,1205,unassigned,0,,,
128,渋谷,東京メトロ,13号線副都心線,private,13,渋谷,003925,35.659955,139.702303,1872,unassigned,0,,,
128,渋谷,東京メトロ,3号線銀座線,private,13,渋谷,003924,35.658869,139.701968,1123,unassigned,0,,,
128,渋谷,東急,東横線,private,13,渋谷,003926,35.658263,139.702926,1085,unassigned,0,,,
128,渋谷,東急,田園都市線,private,13,渋谷,003923,35.65945,139.7021,1065,unassigned,0,,,
128,渋谷,JR東日本,山手線,jr,13,渋谷,003932,35.65723,139.70221,1399,unassigned,0,,,
404,湯島,東京メトロ,9号線千代田線,private,13,湯島,003558,35.70779,139.77002,404,unassigned,0,陈嘉溢队,,2026-10-03
1040,溜池山王,東京メトロ,3号線銀座線,private,13,溜池山王,003826,35.67187,139.74139,1116,unassigned,0,,,
1040,溜池山王,東京メトロ,7号線南北線,private,13,溜池山王,003810,35.67443,139.74133,1164,unassigned,0,,,
721,滝本,御岳登山,ケーブルカー,cable,13,滝本,003099,35.79621,139.16172,740,unassigned,0,,,
420,滝野川一丁目,都営,荒川線,tram,13,滝野川一丁目,003276,35.74742,139.7355,420,unassigned,0,陈嘉溢队,,2026-10-03
199,潮見,JR東日本,京葉線,jr,13,潮見,003928,35.6595,139.81653,199,unassigned,0,甘子杰队,,2026-10-03
101,熊川,JR東日本,五日市線,jr,13,熊川,003411,35.72813,139.33609,101,unassigned,0,汤静队,,2026-10-03
259,熊野前,都営,日暮里・舎人ライナー,agt,13,熊野前,003270,35.74785,139.76988,1889,unassigned,0,,,
259,熊野前,都営,荒川線,tram,13,熊野前,003266,35.74914,139.76955,259,unassigned,0,甘子杰队,,2026-10-03
219,片倉,JR東日本,横浜線,jr,13,片倉,004038,35.64007,139.34192,219,unassigned,0,甘子杰队,,2026-10-03
114,牛浜,JR東日本,青梅線,jr,13,牛浜,003353,35.73502,139.33329,114,unassigned,0,汤静队,,2026-10-03
248,牛田,東武,伊勢崎線,private,13,牛田,003288,35.74461,139.81217,248,unassigned,0,甘子杰队,,2026-10-03
1107,牛込柳町,都営,12号線大江戸線,public,13,牛込柳町,003618,35.6994,139.72599,1250,unassigned,0,,,
1108,牛込神楽坂,都営,12号線大江戸線,public,13,牛込神楽坂,003602,35.70121,139.73677,1252,unassigned,0,,,
32,狛江,小田急,小田原線,private,13,狛江,004076,35.63162,139.57669,32,unassigned,0,小川队,,2026-10-03
164,狭間,京王,高尾線,private,13,狭間,004035,35.64074,139.29295,164,unassigned,0,甘子杰队,,2026-10-03
482,玉川上水,多摩モノレール,多摩都市モノレール線,monorail,13,玉川上水,003371,35.73189,139.41778,989,unassigned,0,,,
482,玉川上水,西武,拝島線,private,13,玉川上水,003377,35.73167,139.41945,482,unassigned,0,陳偉鋒队,,2026-10-03
791,玉川学園前,小田急,小田原線,private,13,玉川学園前,004324,35.56428,139.46393,816,unassigned,0,,,
423,王子,東京メトロ,7号線南北線,private,13,王子,003236,35.75355,139.73779,423,unassigned,0,陈嘉溢队,,2026-10-03
423,王子,JR東日本,東北線,jr,13,王子,003241,35.75302,139.73751,1610,unassigned,0,,,
149,王子神谷,東京メトロ,7号線南北線,private,13,王子神谷,003207,35.76418,139.73597,149,unassigned,0,汤静队,,2026-10-03
422,王子駅前,都営,荒川線,tram,13,王子駅前,003239,35.75256,139.73846,422,unassigned,0,陈嘉溢队,,2026-10-03
181,瑞江,都営,10号線新宿線,public,13,瑞江,003667,35.6941,139.89831,181,unassigned,0,甘子杰队,,2026-10-03
407,用賀,東急,田園都市線,private,13,用賀,004109,35.62721,139.63507,407,unassigned,0,陈嘉溢队,,2026-10-03
90,田原町,東京メトロ,3号線銀座線,private,13,田原町,003530,35.70981,139.79081,90,unassigned,0,汤静队,,2026-10-03
463,田園調布,東急,東横線,private,13,田園調布,004245,35.59795,139.66726,463,unassigned,0,陳偉鋒队,,2026-10-03
463,田園調布,東急,目黒線,private,13,田園調布,004246,35.59795,139.66726,1091,unassigned,0,,,
515,田無,西武,新宿線,private,13,田無,003423,35.72729,139.53987,515,unassigned,0,陳偉鋒队,,2026-10-03
1326,田町,JR東日本,東海道線,jr,13,田町,004000,35.64611,139.74824,1569,unassigned,0,,,
264,田端,JR東日本,山手線,jr,13,田端,003335,35.73826,139.76067,264,unassigned,0,甘子杰队,,2026-10-03
264,田端,JR東日本,東北線,jr,13,田端,003336,35.73826,139.76067,1604,unassigned,0,,,
435,甲州街道,多摩モノレール,多摩都市モノレール線,monorail,13,甲州街道,003783,35.67843,139.40885,435,unassigned,0,陳偉鋒队,,2026-10-03
267,町屋,京成,本線,private,13,町屋,003302,35.74197,139.78108,267,unassigned,0,甘子杰队,,2026-10-03
267,町屋,東京メトロ,9号線千代田線,private,13,町屋,003304,35.74118,139.77946,1184,unassigned,0,,,
261,町屋二丁目,都営,荒川線,tram,13,町屋二丁目,003291,35.74375,139.77665,261,unassigned,0,甘子杰队,,2026-10-03
268,町屋駅前,都営,荒川線,tram,13,町屋駅前,003299,35.7428,139.78067,268,unassigned,0,甘子杰队,,2026-10-03
69,町田,小田急,小田原線,private,13,町田,004387,35.54471,139.44575,69,unassigned,0,小川队,,2026-10-03
69,町田,JR東日本,横浜線,jr,13,町田,004396,35.54203,139.44568,1302,unassigned,0,,,
1245,白丸,JR東日本,青梅線,jr,13,白丸,003065,35.81147,139.11458,1452,unassigned,0,,,
1094,白山,都営,6号線三田線,public,13,白山,003461,35.72204,139.75249,1220,unassigned,0,,,
479,白糸台,西武,多摩川線,private,13,白糸台,003873,35.66579,139.50875,479,unassigned,0,陳偉鋒队,,2026-10-03
1100,白金台,東京メトロ,7号線南北線,private,13,白金台,004045,35.63814,139.72671,1870,unassigned,0,,,
1100,白金台,都営,6号線三田線,public,13,白金台,004044,35.63814,139.72671,1229,unassigned,0,,,
1072,白金高輪,東京メトロ,7号線南北線,private,13,白金高輪,004026,35.64385,139.73469,1167,unassigned,0,,,
1072,白金高輪,都営,6号線三田線,public,13,白金高輪,004025,35.64385,139.73469,1228,unassigned,0,,,
361,百草園,京王,京王線,private,13,百草園,003936,35.65752,139.43082,361,unassigned,0,陈嘉溢队,,2026-10-03
1206,目白,JR東日本,山手線,jr,13,目白,003470,35.72145,139.7066,1392,unassigned,0,,,
1021,目黒,東京メトロ,7号線南北線,private,13,目黒,004073,35.6332,139.71542,1871,unassigned,0,,,
1021,目黒,都営,6号線三田線,public,13,目黒,004072,35.6332,139.71542,1225,unassigned,0,,,
1021,目黒,東急,目黒線,private,13,目黒,004074,35.6332,139.71542,1090,unassigned,0,,,
1021,目黒,JR東日本,山手線,jr,13,目黒,004071,35.63136,139.71636,1397,unassigned,0,,,
217,相原,JR東日本,横浜線,jr,13,相原,004206,35.60751,139.33162,217,unassigned,0,甘子杰队,,2026-10-03
381,矢口渡,東急,東急多摩川線,private,13,矢口渡,004329,35.5626,139.69994,381,unassigned,0,陈嘉溢队,,2026-10-03
475,矢川,JR東日本,南武線,jr,13,矢川,003733,35.68499,139.4322,475,unassigned,0,陳偉鋒队,,2026-10-03
45,矢野口,JR東日本,南武線,jr,13,矢野口,004032,35.6414,139.52103,45,unassigned,0,小川队,,2026-10-03
384,石川台,東急,池上線,private,13,石川台,004247,35.59664,139.68475,384,unassigned,0,陈嘉溢队,,2026-10-03
342,石神井公園,西武,池袋線,private,13,石神井公園,003292,35.74389,139.6055,342,unassigned,0,罗子傑队,,2026-10-03
1254,石神前,JR東日本,青梅線,jr,13,石神前,003096,35.79652,139.22537,1461,unassigned,0,,,
442,砂川七番,多摩モノレール,多摩都市モノレール線,monorail,13,砂川七番,003447,35.7231,139.41811,442,unassigned,0,陳偉鋒队,,2026-10-03
460,祐天寺,東急,東横線,private,13,祐天寺,004050,35.63668,139.69035,460,unassigned,0,陳偉鋒队,,2026-10-03
30,祖師ヶ谷大蔵,小田急,小田原線,private,13,祖師ヶ谷大蔵,004024,35.64302,139.60895,30,unassigned,0,小川队,,2026-10-03
1088,神保町,東京メトロ,11号線半蔵門線,private,13,神保町,003652,35.695949,139.756854,1198,unassigned,0,,,
1088,神保町,都営,10号線新宿線,public,13,神保町,003651,35.695949,139.756854,1236,unassigned,0,,,
1088,神保町,都営,6号線三田線,public,13,神保町,003660,35.69427,139.758459,1230,unassigned,0,,,
1059,神楽坂,東京メトロ,5号線東西線,private,13,神楽坂,003578,35.70367,139.73566,1145,unassigned,0,,,
434,神泉,京王,井の頭線,private,13,神泉,003938,35.6572,139.69357,434,unassigned,0,陳偉鋒队,,2026-10-03
1042,神田,東京メトロ,3号線銀座線,private,13,神田,003666,35.69329,139.77107,1120,unassigned,0,,,
1042,神田,JR東日本,中央線,jr,13,神田,003677,35.69096,139.77054,1539,unassigned,0,,,
1042,神田,JR東日本,東北線,jr,13,神田,003678,35.69096,139.77054,1638,unassigned,0,,,
1022,神谷町,東京メトロ,2号線日比谷線,private,13,神谷町,003900,35.66206,139.74419,1096,unassigned,0,,,
1251,福生,JR東日本,青梅線,jr,13,福生,003300,35.7435,139.32699,1458,unassigned,0,,,
103,秋川,JR東日本,五日市線,jr,13,秋川,003413,35.72795,139.28745,103,unassigned,0,汤静队,,2026-10-03
511,秋津,西武,池袋線,private,13,秋津,003151,35.77818,139.49787,511,unassigned,0,陳偉鋒队,,2026-10-03
403,秋葉原,東京メトロ,2号線日比谷線,private,13,秋葉原,003629,35.69719,139.7755,1094,unassigned,0,,,
403,秋葉原,JR東日本,東北線,jr,13,秋葉原,003625,35.69935,139.77317,1608,unassigned,0,,,
403,秋葉原,JR東日本,総武線,jr,13,秋葉原,003626,35.6982,139.77449,1529,unassigned,0,,,
403,秋葉原,つくばEX,常磐新線,third,13,秋葉原,003624,35.6976,139.77395,403,unassigned,0,陈嘉溢队,,2026-10-03
370,程久保,多摩モノレール,多摩都市モノレール線,monorail,13,程久保,003950,35.65492,139.41057,370,unassigned,0,陈嘉溢队,,2026-10-03
72,稲城,京王,相模原線,private,13,稲城,004056,35.63592,139.49905,72,unassigned,0,小川队,,2026-10-03
46,稲城長沼,JR東日本,南武線,jr,13,稲城長沼,004011,35.64394,139.50338,46,unassigned,0,小川队,,2026-10-03
91,稲荷町,東京メトロ,3号線銀座線,private,13,稲荷町,003519,35.71126,139.78291,91,unassigned,0,汤静队,,2026-10-03
672,穴守稲荷,京急,空港線,private,13,穴守稲荷,004364,35.55022,139.7471,684,unassigned,0,,,
352,立会川,京急,本線,private,13,立会川,004244,35.59817,139.73879,352,unassigned,0,陈嘉溢队,,2026-10-03
504,立川,JR東日本,中央線,jr,13,立川,003634,35.69778,139.41516,1552,unassigned,0,,,
504,立川,JR東日本,南武線,jr,13,立川,003637,35.69751,139.41356,1674,unassigned,0,,,
504,立川,JR東日本,青梅線,jr,13,立川,003627,35.69803,139.41516,504,unassigned,0,陳偉鋒队,,2026-10-03
438,立川北,多摩モノレール,多摩都市モノレール線,monorail,13,立川北,003617,35.69908,139.41264,438,unassigned,0,陳偉鋒队,,2026-10-03
437,立川南,多摩モノレール,多摩都市モノレール線,monorail,13,立川南,003649,35.69647,139.41274,437,unassigned,0,陳偉鋒队,,2026-10-03
440,立飛,多摩モノレール,多摩都市モノレール線,monorail,13,立飛,003499,35.71449,139.41727,440,unassigned,0,陳偉鋒队,,2026-10-03
480,競艇場前,西武,多摩川線,private,13,競艇場前,003943,35.65607,139.49904,480,unassigned,0,陳偉鋒队,,2026-10-03
242,竹ノ塚,東武,伊勢崎線,private,13,竹ノ塚,003101,35.79363,139.79046,242,unassigned,0,甘子杰队,,2026-10-03
1063,竹橋,東京メトロ,5号線東西線,private,13,竹橋,003691,35.69028,139.75852,1152,unassigned,0,,,
523,竹芝,ゆりかもめ,東京臨海新交通臨海線,agt,13,竹芝,003958,35.65378,139.76179,523,unassigned,0,,,
411,笹塚,京王,京王線,private,13,笹塚,003806,35.67388,139.66789,411,unassigned,0,陈嘉溢队,,2026-10-03
457,等々力,東急,大井町線,private,13,等々力,004191,35.60823,139.64849,457,unassigned,0,陳偉鋒队,,2026-10-03
108,箱根ケ崎,JR東日本,八高線,jr,13,箱根ケ崎,003180,35.77112,139.34672,108,unassigned,0,汤静队,,2026-10-03
1032,築地,東京メトロ,2号線日比谷線,private,13,築地,003860,35.66854,139.77326,1106,unassigned,0,,,
194,築地市場,都営,12号線大江戸線,public,13,築地市場,003886,35.66462,139.76718,194,unassigned,0,甘子杰队,,2026-10-03
180,篠崎,都営,10号線新宿線,public,13,篠崎,003565,35.70681,139.90459,180,unassigned,0,甘子杰队,,2026-10-03
673,糀谷,京急,空港線,private,13,糀谷,004349,35.55422,139.72985,685,unassigned,0,,,
409,経堂,小田急,小田原線,private,13,経堂,003970,35.65151,139.63778,409,unassigned,0,陈嘉溢队,,2026-10-03
153,綾瀬,東京メトロ,9号線千代田線,private,13,綾瀬,003214,35.76241,139.82614,153,unassigned,0,汤静队,,2026-10-03
153,綾瀬,JR東日本,常磐線,jr,13,綾瀬,003215,35.76228,139.8262,1419,unassigned,0,,,
453,緑が丘,東急,大井町線,private,13,緑が丘,004210,35.60637,139.67955,453,unassigned,0,陳偉鋒队,,2026-10-03
346,練馬,都営,12号線大江戸線,public,13,練馬,003338,35.73748,139.65551,1251,unassigned,0,,,
346,練馬,西武,池袋線,private,13,練馬,003329,35.73804,139.65557,916,unassigned,0,,,
346,練馬,西武,西武有楽町線,private,13,練馬,003328,35.73804,139.65557,346,unassigned,0,罗子傑队,,2026-10-03
346,練馬,西武,豊島線,private,13,練馬,003330,35.73804,139.65557,937,unassigned,0,,,
344,練馬春日町,都営,12号線大江戸線,public,13,練馬春日町,003243,35.75108,139.64161,344,unassigned,0,罗子傑队,,2026-10-03
882,練馬高野台,西武,池袋線,private,13,練馬高野台,003314,35.74107,139.61599,918,unassigned,0,,,
1255,羽村,JR東日本,青梅線,jr,13,羽村,003226,35.75734,139.31672,1462,unassigned,0,,,
998,羽田空港第1ターミナル,東京モノレール,東京モノレール羽田線,monorail,13,羽田空港第1ターミナル,004372,35.54977,139.78417,1053,unassigned,0,,,
676,羽田空港第1・第2ターミナル,京急,空港線,private,13,羽田空港第1・第2ターミナル,004368,35.54904,139.78448,688,unassigned,0,,,
1000,羽田空港第2ターミナル,東京モノレール,東京モノレール羽田線,monorail,13,羽田空港第2ターミナル,004361,35.55143,139.78778,1056,unassigned,0,,,
1560,羽田空港第3ターミナル,京急,空港線,private,13,羽田空港第3ターミナル,004382,35.545124,139.76606,1897,unassigned,0,,,
1560,羽田空港第3ターミナル,東京モノレール,東京モノレール羽田線,monorail,13,羽田空港第3ターミナル,004388,35.543408,139.768914,1898,unassigned,0,,,
507,聖蹟桜ヶ丘,京王,京王線,private,13,聖蹟桜ヶ丘,003971,35.65068,139.44616,507,unassigned,0,陳偉鋒队,,2026-10-03
454,自由が丘,東急,大井町線,private,13,自由が丘,004196,35.60767,139.66974,454,unassigned,0,陳偉鋒队,,2026-10-03
454,自由が丘,東急,東横線,private,13,自由が丘,004199,35.60665,139.66838,1084,unassigned,0,,,
244,舎人,都営,日暮里・舎人ライナー,agt,13,舎人,003078,35.8055,139.77014,244,unassigned,0,甘子杰队,,2026-10-03
243,舎人公園,都営,日暮里・舎人ライナー,agt,13,舎人公園,003098,35.79621,139.77012,243,unassigned,0,甘子杰队,,2026-10-03
183,船堀,都営,10号線新宿線,public,13,船堀,003745,35.68382,139.86487,183,unassigned,0,甘子杰队,,2026-10-03
1102,芝公園,都営,6号線三田線,public,13,芝公園,003962,35.65416,139.74983,1233,unassigned,0,,,
524,芝浦ふ頭,ゆりかもめ,東京臨海新交通臨海線,agt,13,芝浦ふ頭,004030,35.64249,139.75786,524,unassigned,0,,,
605,芦花公園,京王,京王線,private,13,芦花公園,003832,35.67065,139.60896,607,unassigned,0,,,
68,花小金井,西武,新宿線,private,13,花小金井,003430,35.72588,139.51394,68,unassigned,0,小川队,,2026-10-03
1109,若松河田,都営,12号線大江戸線,public,13,若松河田,003623,35.6994,139.71894,1254,unassigned,0,,,
36,若林,東急,世田谷線,tram,13,若林,003996,35.646,139.6603,36,unassigned,0,小川队,,2026-10-03
1028,茅場町,東京メトロ,2号線日比谷線,private,13,茅場町,003776,35.67976,139.78005,1102,unassigned,0,,,
1028,茅場町,東京メトロ,5号線東西線,private,13,茅場町,003773,35.68061,139.77858,1149,unassigned,0,,,
1048,茗荷谷,東京メトロ,4号線丸ノ内線,private,13,茗荷谷,003484,35.71758,139.73649,1127,unassigned,0,,,
383,荏原中延,東急,池上線,private,13,荏原中延,004181,35.60979,139.71191,383,unassigned,0,陈嘉溢队,,2026-10-03
449,荏原町,東急,大井町線,private,13,荏原町,004225,35.60382,139.70713,449,unassigned,0,陳偉鋒队,,2026-10-03
231,荒川一中前,都営,荒川線,tram,13,荒川一中前,003357,35.73376,139.78868,231,unassigned,0,甘子杰队,,2026-10-03
235,荒川七丁目,都営,荒川線,tram,13,荒川七丁目,003306,35.74205,139.78392,235,unassigned,0,甘子杰队,,2026-10-03
269,荒川二丁目,都営,荒川線,tram,13,荒川二丁目,003322,35.73837,139.78469,269,unassigned,0,甘子杰队,,2026-10-03
230,荒川区役所前,都営,荒川線,tram,13,荒川区役所前,003350,35.73519,139.78617,230,unassigned,0,甘子杰队,,2026-10-03
255,荒川車庫前,都営,荒川線,tram,13,荒川車庫前,003252,35.75087,139.75256,255,unassigned,0,甘子杰队,,2026-10-03
256,荒川遊園地前,都営,荒川線,tram,13,荒川遊園地前,003254,35.75064,139.75775,256,unassigned,0,甘子杰队,,2026-10-03
336,荻窪,東京メトロ,4号線丸ノ内線,private,13,荻窪,003577,35.70419,139.62077,336,unassigned,0,罗子傑队,,2026-10-03
336,荻窪,JR東日本,中央線,jr,13,荻窪,003575,35.7044,139.61898,1538,unassigned,0,,,
187,菊川,都営,10号線新宿線,public,13,菊川,003709,35.68848,139.80708,187,unassigned,0,甘子杰队,,2026-10-03
300,萩山,西武,多摩湖線,private,13,萩山,003312,35.74031,139.47745,300,unassigned,0,罗子傑队,,2026-10-03
300,萩山,西武,拝島線,private,13,萩山,003313,35.74031,139.47745,934,unassigned,0,,,
327,落合,東京メトロ,5号線東西線,private,13,落合,003523,35.7109,139.68706,327,unassigned,0,罗子傑队,,2026-10-03
329,落合南長崎,都営,12号線大江戸線,public,13,落合南長崎,003448,35.72282,139.68387,329,unassigned,0,罗子傑队,,2026-10-03
433,葛西,東京メトロ,5号線東西線,private,13,葛西,003894,35.66354,139.87396,433,unassigned,0,陈嘉溢队,,2026-10-03
201,葛西臨海公園,JR東日本,京葉線,jr,13,葛西臨海公園,004012,35.64382,139.86243,201,unassigned,0,甘子杰队,,2026-10-03
417,蒲田,東急,東急多摩川線,private,13,蒲田,004333,35.56162,139.71419,1089,unassigned,0,,,
417,蒲田,東急,池上線,private,13,蒲田,004330,35.56179,139.71501,417,unassigned,0,陈嘉溢队,,2026-10-03
417,蒲田,JR東日本,東海道線,jr,13,蒲田,004328,35.56335,139.71637,1578,unassigned,0,,,
139,蓮根,都営,6号線三田線,public,13,蓮根,003140,35.78342,139.67898,139,unassigned,0,汤静队,,2026-10-03
390,蓮沼,東急,池上線,private,13,蓮沼,004323,35.56366,139.70876,390,unassigned,0,陈嘉溢队,,2026-10-03
95,蔵前,都営,12号線大江戸線,public,13,蔵前,003571,35.70522,139.793,1246,unassigned,0,,,
95,蔵前,都営,1号線浅草線,public,13,蔵前,003583,35.70268,139.7903,95,unassigned,0,汤静队,,2026-10-03
1037,虎ノ門,東京メトロ,3号線銀座線,private,13,虎ノ門,003835,35.67,139.75056,1113,unassigned,0,,,
1565,虎ノ門ヒルズ,東京メトロ,2号線日比谷線,private,13,虎ノ門ヒルズ,003866,35.66785,139.748,1911,unassigned,0,,,
127,表参道,東京メトロ,11号線半蔵門線,private,13,表参道,003883,35.66441,139.71171,1206,unassigned,0,,,
127,表参道,東京メトロ,3号線銀座線,private,13,表参道,003885,35.66431,139.7118,127,unassigned,0,汤静队,,2026-10-03
127,表参道,東京メトロ,9号線千代田線,private,13,表参道,003879,35.66606,139.7105,1194,unassigned,0,,,
151,西ヶ原,東京メトロ,7号線南北線,private,13,西ヶ原,003279,35.74557,139.74263,151,unassigned,0,汤静队,,2026-10-03
419,西ヶ原四丁目,都営,荒川線,tram,13,西ヶ原四丁目,003289,35.74404,139.73254,419,unassigned,0,陈嘉溢队,,2026-10-03
197,西八王子,JR東日本,中央線,jr,13,西八王子,003942,35.65681,139.31299,197,unassigned,0,甘子杰队,,2026-10-03
140,西台,都営,6号線三田線,public,13,西台,003128,35.78699,139.67367,140,unassigned,0,汤静队,,2026-10-03
64,西国分寺,JR東日本,中央線,jr,13,西国分寺,003614,35.69978,139.4671,64,unassigned,0,小川队,,2026-10-03
64,西国分寺,JR東日本,武蔵野線,jr,13,西国分寺,003611,35.70063,139.46592,1711,unassigned,0,,,
476,西国立,JR東日本,南武線,jr,13,西国立,003665,35.69331,139.42405,476,unassigned,0,陳偉鋒队,,2026-10-03
393,西大井,JR東日本,東海道線,jr,13,西大井,004235,35.60085,139.72124,393,unassigned,0,陈嘉溢队,,2026-10-03
186,西大島,都営,10号線新宿線,public,13,西大島,003702,35.68933,139.82728,186,unassigned,0,甘子杰队,,2026-10-03
35,西太子堂,東急,世田谷線,tram,13,西太子堂,004006,35.64438,139.66672,35,unassigned,0,小川队,,2026-10-03
469,西小山,東急,目黒線,private,13,西小山,004157,35.61513,139.69845,469,unassigned,0,陳偉鋒队,,2026-10-03
1098,西巣鴨,都営,6号線三田線,public,13,西巣鴨,003293,35.74404,139.72814,1224,unassigned,0,,,
473,西府,JR東日本,南武線,jr,13,西府,003831,35.67078,139.45762,473,unassigned,0,陳偉鋒队,,2026-10-03
240,西新井,東武,伊勢崎線,private,13,西新井,003159,35.7767,139.79096,240,unassigned,0,甘子杰队,,2026-10-03
240,西新井,東武,大師線,private,13,西新井,003160,35.7767,139.79096,1746,unassigned,0,,,
237,西新井大師西,都営,日暮里・舎人ライナー,agt,13,西新井大師西,003144,35.78083,139.77014,237,unassigned,0,甘子杰队,,2026-10-03
275,西新宿,東京メトロ,4号線丸ノ内線,private,13,西新宿,003662,35.69428,139.6932,275,unassigned,0,罗子傑队,,2026-10-03
285,西新宿五丁目,都営,12号線大江戸線,public,13,西新宿五丁目,003696,35.6902,139.68535,285,unassigned,0,罗子傑队,,2026-10-03
265,西日暮里,東京メトロ,9号線千代田線,private,13,西日暮里,003368,35.73281,139.76785,265,unassigned,0,甘子杰队,,2026-10-03
265,西日暮里,都営,日暮里・舎人ライナー,agt,13,西日暮里,003358,35.73327,139.76809,1888,unassigned,0,,,
265,西日暮里,JR東日本,東北線,jr,13,西日暮里,003373,35.73289,139.76626,1606,unassigned,0,,,
1547,西早稲田,東京メトロ,13号線副都心線,private,13,西早稲田,003544,35.70892,139.70933,1877,unassigned,0,,,
319,西武園,西武,西武園線,private,13,西武園,003197,35.76791,139.44845,319,unassigned,0,罗子傑队,,2026-10-03
866,西武新宿,西武,新宿線,private,13,西武新宿,003648,35.6953,139.70004,897,unassigned,0,,,
311,西武柳沢,西武,新宿線,private,13,西武柳沢,003409,35.72863,139.55294,311,unassigned,0,罗子傑队,,2026-10-03
124,西武立川,西武,拝島線,private,13,西武立川,003428,35.72625,139.37021,124,unassigned,0,汤静队,,2026-10-03
6,西永福,京王,井の頭線,private,13,西永福,003777,35.67868,139.63572,6,unassigned,0,小川队,,2026-10-03
503,西立川,JR東日本,青梅線,jr,13,西立川,003581,35.70324,139.3944,503,unassigned,0,陳偉鋒队,,2026-10-03
335,西荻窪,JR東日本,中央線,jr,13,西荻窪,003579,35.70373,139.59833,335,unassigned,0,罗子傑队,,2026-10-03
432,西葛西,東京メトロ,5号線東西線,private,13,西葛西,003890,35.66471,139.85786,432,unassigned,0,陈嘉溢队,,2026-10-03
609,西調布,京王,京王線,private,13,西調布,003937,35.65772,139.52866,612,unassigned,0,,,
375,西馬込,都営,1号線浅草線,public,13,西馬込,004270,35.58668,139.70585,375,unassigned,0,陈嘉溢队,,2026-10-03
143,西高島平,都営,6号線三田線,public,13,西高島平,003104,35.79169,139.64682,143,unassigned,0,汤静队,,2026-10-03
274,要町,東京メトロ,13号線副都心線,private,13,要町,003361,35.73342,139.69736,1917,unassigned,0,,,
274,要町,東京メトロ,8号線有楽町線,private,13,要町,003362,35.73342,139.69736,274,unassigned,0,罗子傑队,,2026-10-03
245,見沼代親水公園,都営,日暮里・舎人ライナー,agt,13,見沼代親水公園,003060,35.81442,139.77068,245,unassigned,0,甘子杰队,,2026-10-03
75,調布,京王,京王線,private,13,調布,003966,35.65211,139.54356,75,unassigned,0,小川队,,2026-10-03
75,調布,京王,相模原線,private,13,調布,003967,35.65211,139.54356,619,unassigned,0,,,
1077,護国寺,東京メトロ,8号線有楽町線,private,13,護国寺,003474,35.72003,139.72705,1175,unassigned,0,,,
474,谷保,JR東日本,南武線,jr,13,谷保,003765,35.68111,139.44752,474,unassigned,0,陳偉鋒队,,2026-10-03
236,谷在家,都営,日暮里・舎人ライナー,agt,13,谷在家,003120,35.78843,139.7701,236,unassigned,0,甘子杰队,,2026-10-03
345,豊島園,都営,12号線大江戸線,public,13,豊島園,003309,35.74074,139.64918,1253,unassigned,0,,,
345,豊島園,西武,豊島線,private,13,豊島園,003305,35.74247,139.64804,345,unassigned,0,罗子傑队,,2026-10-03
178,豊洲,ゆりかもめ,東京臨海新交通臨海線,agt,13,豊洲,003961,35.65341,139.79504,178,unassigned,0,甘子杰队,,2026-10-03
178,豊洲,東京メトロ,8号線有楽町線,private,13,豊洲,003951,35.65438,139.79672,1178,unassigned,0,,,
223,豊田,JR東日本,中央線,jr,13,豊田,003921,35.65882,139.38049,223,unassigned,0,甘子杰队,,2026-10-03
28,豪徳寺,小田急,小田原線,private,13,豪徳寺,003960,35.65411,139.6481,28,unassigned,0,小川队,,2026-10-03
262,赤土小学校前,都営,日暮里・舎人ライナー,agt,13,赤土小学校前,003298,35.74275,139.7691,262,unassigned,0,甘子杰队,,2026-10-03
1086,赤坂,東京メトロ,9号線千代田線,private,13,赤坂,003822,35.67267,139.73711,1190,unassigned,0,,,
1043,赤坂見附,東京メトロ,3号線銀座線,private,13,赤坂見附,003788,35.67621,139.73773,1121,unassigned,0,,,
1043,赤坂見附,東京メトロ,4号線丸ノ内線,private,13,赤坂見附,003789,35.67621,139.73773,1138,unassigned,0,,,
82,赤羽,JR東日本,東北線,jr,13,赤羽,003157,35.77687,139.7214,1611,unassigned,0,,,
82,赤羽,JR東日本,赤羽線,jr,13,赤羽,003155,35.77687,139.7214,82,unassigned,0,小川队,,2026-10-03
81,赤羽岩淵,埼玉高速,埼玉高速鉄道線,third,13,赤羽岩淵,003142,35.7831,139.72346,81,unassigned,0,小川队,,2026-10-03
81,赤羽岩淵,東京メトロ,7号線南北線,private,13,赤羽岩淵,003141,35.7831,139.72346,1160,unassigned,0,,,
1110,赤羽橋,都営,12号線大江戸線,public,13,赤羽橋,003954,35.65505,139.74342,1266,unassigned,0,,,
198,越中島,JR東日本,京葉線,jr,13,越中島,003859,35.66732,139.79331,198,unassigned,0,甘子杰队,,2026-10-03
270,足立小台,都営,日暮里・舎人ライナー,agt,13,足立小台,003235,35.75438,139.77017,270,unassigned,0,甘子杰队,,2026-10-03
1244,軍畑,JR東日本,青梅線,jr,13,軍畑,003074,35.80778,139.20798,1451,unassigned,0,,,
179,辰巳,東京メトロ,8号線有楽町線,private,13,辰巳,003999,35.64531,139.81103,179,unassigned,0,甘子杰队,,2026-10-03
284,都庁前,都営,12号線大江戸線,public,13,都庁前,003690,35.69073,139.69345,284,unassigned,0,罗子傑队,,2026-10-03
462,都立大学,東急,東横線,private,13,都立大学,004143,35.61734,139.67596,462,unassigned,0,陳偉鋒队,,2026-10-03
305,都立家政,西武,新宿線,private,13,都立家政,003453,35.72202,139.64604,305,unassigned,0,罗子傑队,,2026-10-03
1121,都電雑司ヶ谷,都営,荒川線,tram,13,都電雑司ヶ谷,003443,35.72433,139.7181,1278,unassigned,0,,,
304,野方,西武,新宿線,private,13,野方,003473,35.71939,139.65415,304,unassigned,0,罗子傑队,,2026-10-03
157,金町,JR東日本,常磐線,jr,13,金町,003191,35.76961,139.87152,157,unassigned,0,汤静队,,2026-10-03
1023,銀座,東京メトロ,2号線日比谷線,private,13,銀座,003823,35.67155,139.76464,1097,unassigned,0,,,
1023,銀座,東京メトロ,3号線銀座線,private,13,銀座,003827,35.67195,139.76583,1117,unassigned,0,,,
1023,銀座,東京メトロ,4号線丸ノ内線,private,13,銀座,003809,35.67358,139.76443,1134,unassigned,0,,,
176,銀座一丁目,東京メトロ,8号線有楽町線,private,13,銀座一丁目,003801,35.67508,139.76591,176,unassigned,0,甘子杰队,,2026-10-03
1087,錦糸町,東京メトロ,11号線半蔵門線,private,13,錦糸町,003639,35.69861,139.81487,1197,unassigned,0,,,
1087,錦糸町,JR東日本,総武線,jr,13,錦糸町,003647,35.69666,139.81294,1527,unassigned,0,,,
251,鐘ヶ淵,東武,伊勢崎線,private,13,鐘ヶ淵,003355,35.73337,139.82002,251,unassigned,0,甘子杰队,,2026-10-03
465,長原,東急,池上線,private,13,長原,004232,35.60205,139.69763,465,unassigned,0,陳偉鋒队,,2026-10-03
159,長沼,京王,京王線,private,13,長沼,004027,35.6428,139.36507,159,unassigned,0,甘子杰队,,2026-10-03
175,門前仲町,東京メトロ,5号線東西線,private,13,門前仲町,003824,35.67146,139.7971,175,unassigned,0,甘子杰队,,2026-10-03
175,門前仲町,都営,12号線大江戸線,public,13,門前仲町,003818,35.67324,139.79542,1260,unassigned,0,,,
493,阿佐ケ谷,JR東日本,中央線,jr,13,阿佐ケ谷,003574,35.70491,139.63722,493,unassigned,0,陳偉鋒队,,2026-10-03
1548,雑司が谷,東京メトロ,13号線副都心線,private,13,雑司が谷,003471,35.72139,139.71558,1878,unassigned,0,,,
358,雑色,京急,本線,private,13,雑色,004367,35.55006,139.7152,358,unassigned,0,陈嘉溢队,,2026-10-03
385,雪が谷大塚,東急,池上線,private,13,雪が谷大塚,004259,35.59162,139.6809,385,unassigned,0,陈嘉溢队,,2026-10-03
1026,霞ヶ関,東京メトロ,2号線日比谷線,private,13,霞ヶ関,003805,35.67452,139.75144,1100,unassigned,0,,,
1026,霞ヶ関,東京メトロ,4号線丸ノ内線,private,13,霞ヶ関,003803,35.67391,139.75346,1135,unassigned,0,,,
1026,霞ヶ関,東京メトロ,9号線千代田線,private,13,霞ヶ関,003820,35.67223,139.7526,1193,unassigned,0,,,
152,青井,つくばEX,常磐新線,third,13,青井,003177,35.77119,139.82021,152,unassigned,0,汤静队,,2026-10-03
1041,青山一丁目,東京メトロ,11号線半蔵門線,private,13,青山一丁目,003812,35.67264,139.72311,1204,unassigned,0,,,
1041,青山一丁目,東京メトロ,3号線銀座線,private,13,青山一丁目,003817,35.67247,139.72318,1118,unassigned,0,,,
1041,青山一丁目,都営,12号線大江戸線,public,13,青山一丁目,003813,35.67216,139.72434,1262,unassigned,0,,,
118,青梅,JR東日本,青梅線,jr,13,青梅,003110,35.7905,139.25884,118,unassigned,0,汤静队,,2026-10-03
296,青梅街道,西武,多摩湖線,private,13,青梅街道,003382,35.73064,139.47654,296,unassigned,0,罗子傑队,,2026-10-03
526,青海,ゆりかもめ,東京臨海新交通臨海線,agt,13,青海,004119,35.62447,139.78072,526,unassigned,0,,,
350,青物横丁,京急,本線,private,13,青物横丁,004184,35.60864,139.74324,350,unassigned,0,陈嘉溢队,,2026-10-03
430,青砥,京成,押上線,private,13,青砥,003280,35.74532,139.85585,430,unassigned,0,陈嘉溢队,,2026-10-03
430,青砥,京成,本線,private,13,青砥,003281,35.74532,139.85585,670,unassigned,0,,,
1115,面影橋,都営,荒川線,tram,13,面影橋,003509,35.71281,139.71492,1272,unassigned,0,,,
606,飛田給,京王,京王線,private,13,飛田給,003916,35.66034,139.52288,609,unassigned,0,,,
421,飛鳥山,都営,荒川線,tram,13,飛鳥山,003256,35.74989,139.73721,421,unassigned,0,陈嘉溢队,,2026-10-03
1058,飯田橋,東京メトロ,5号線東西線,private,13,飯田橋,003596,35.70182,139.74579,1144,unassigned,0,,,
1058,飯田橋,東京メトロ,7号線南北線,private,13,飯田橋,003595,35.70262,139.74454,1156,unassigned,0,,,
1058,飯田橋,東京メトロ,8号線有楽町線,private,13,飯田橋,003598,35.70231,139.74389,1168,unassigned,0,,,
1058,飯田橋,都営,12号線大江戸線,public,13,飯田橋,003585,35.70335,139.74646,1248,unassigned,0,,,
1058,飯田橋,JR東日本,中央線,jr,13,飯田橋,003608,35.6994,139.74303,1533,unassigned,0,,,
92,馬喰横山,都営,10号線新宿線,public,13,馬喰横山,003675,35.69134,139.78369,92,unassigned,0,汤静队,,2026-10-03
112,馬喰町,JR東日本,総武線,jr,13,馬喰町,003668,35.69271,139.78158,112,unassigned,0,汤静队,,2026-10-03
374,馬込,都営,1号線浅草線,public,13,馬込,004248,35.59575,139.71171,374,unassigned,0,陈嘉溢队,,2026-10-03
1,駒場東大前,京王,井の頭線,private,13,駒場東大前,003929,35.65886,139.68317,1,unassigned,0,小川队,,2026-10-03
44,駒沢大学,東急,田園都市線,private,13,駒沢大学,004069,35.63351,139.66177,44,unassigned,0,小川队,,2026-10-03
1066,駒込,東京メトロ,7号線南北線,private,13,駒込,003348,35.73648,139.7466,1158,unassigned,0,,,
1066,駒込,JR東日本,山手線,jr,13,駒込,003343,35.73634,139.74697,1389,unassigned,0,,,
8,高井戸,京王,井の頭線,private,13,高井戸,003752,35.68329,139.61465,8,unassigned,0,小川队,,2026-10-03
494,高円寺,JR東日本,中央線,jr,13,高円寺,003573,35.70536,139.65078,494,unassigned,0,陳偉鋒队,,2026-10-03
610,高尾,京王,高尾線,private,13,高尾,004033,35.64149,139.28094,614,unassigned,0,,,
610,高尾,JR東日本,中央線,jr,13,高尾,004029,35.64283,139.28394,1551,unassigned,0,,,
737,高尾山,高尾登山,高尾鋼索線,cable,13,高尾山,004084,35.63108,139.2558,756,unassigned,0,,,
611,高尾山口,京王,高尾線,private,13,高尾山口,004075,35.63192,139.2695,616,unassigned,0,,,
141,高島平,都営,6号線三田線,public,13,高島平,003117,35.78875,139.66224,141,unassigned,0,汤静队,,2026-10-03
506,高幡不動,京王,京王線,private,13,高幡不動,003904,35.66188,139.41397,506,unassigned,0,陳偉鋒队,,2026-10-03
506,高幡不動,京王,動物園線,private,13,高幡不動,003905,35.66188,139.41397,621,unassigned,0,,,
506,高幡不動,多摩モノレール,多摩都市モノレール線,monorail,13,高幡不動,003910,35.66095,139.41516,987,unassigned,0,,,
439,高松,多摩モノレール,多摩都市モノレール線,monorail,13,高松,003528,35.71025,139.41347,439,unassigned,0,陳偉鋒队,,2026-10-03
326,高田馬場,東京メトロ,5号線東西線,private,13,高田馬場,003506,35.7128,139.70603,1146,unassigned,0,,,
326,高田馬場,JR東日本,山手線,jr,13,高田馬場,003508,35.7141,139.70423,1391,unassigned,0,,,
326,高田馬場,西武,新宿線,private,13,高田馬場,003510,35.71176,139.7037,326,unassigned,0,罗子傑队,,2026-10-03
1567,高輪ゲートウェイ,JR東日本,東海道線,jr,13,高輪ゲートウェイ,004061,35.63443,139.740237,1914,unassigned,0,,,
1090,高輪台,都営,1号線浅草線,public,13,高輪台,004079,35.63122,139.72975,1209,unassigned,0,,,
239,高野,都営,日暮里・舎人ライナー,agt,13,高野,003196,35.76784,139.77075,239,unassigned,0,甘子杰队,,2026-10-03
1122,鬼子母神前,都営,荒川線,tram,13,鬼子母神前,003468,35.7204,139.71502,1279,unassigned,0,,,
351,鮫洲,京急,本線,private,13,鮫洲,004220,35.60469,139.74214,351,unassigned,0,陈嘉溢队,,2026-10-03
1242,鳩ノ巣,JR東日本,青梅線,jr,13,鳩ノ巣,003058,35.81528,139.12931,1449,unassigned,0,,,
378,鵜の木,東急,東急多摩川線,private,13,鵜の木,004299,35.57563,139.68031,378,unassigned,0,陈嘉溢队,,2026-10-03
1344,鶯谷,JR東日本,東北線,jr,13,鶯谷,003460,35.72206,139.77741,1609,unassigned,0,,,
71,鶴川,小田急,小田原線,private,13,鶴川,004278,35.58332,139.48287,71,unassigned,0,小川队,,2026-10-03
293,鷹の台,西武,国分寺線,private,13,鷹の台,003450,35.72258,139.46099,293,unassigned,0,罗子傑队,,2026-10-03
347,鷺ノ宮,西武,新宿線,private,13,鷺ノ宮,003451,35.72261,139.64064,347,unassigned,0,罗子傑队,,2026-10-03
1078,麹町,東京メトロ,8号線有楽町線,private,13,麹町,003737,35.6856,139.73699,1176,unassigned,0,,,
1069,麻布十番,東京メトロ,7号線南北線,private,13,麻布十番,003955,35.65554,139.73715,1163,unassigned,0,,,
1069,麻布十番,都営,12号線大江戸線,public,13,麻布十番,003941,35.65665,139.73539,1263,unassigned,0,,,
665,YRP野比,京急,久里浜線,private,14,YRP野比,005320,35.21195,139.68487,677,unassigned,0,,,
589,あざみ野,東急,田園都市線,private,14,あざみ野,004314,35.56914,139.55362,1079,unassigned,0,,,
589,あざみ野,横浜市営,3号線,public,14,あざみ野,004316,35.56805,139.55354,591,unassigned,0,,,
918,いずみ中央,相鉄,いずみ野線,private,14,いずみ中央,004773,35.41438,139.48707,963,unassigned,0,,,
913,いずみ野,相鉄,いずみ野線,private,14,いずみ野,004745,35.42971,139.49405,957,unassigned,0,,,
930,かしわ台,相鉄,本線,private,14,かしわ台,004626,35.46646,139.41483,976,unassigned,0,,,
1004,こどもの国,東急,こどもの国線,private,14,こどもの国,004341,35.55761,139.48677,1060,unassigned,0,,,
932,さがみ野,相鉄,本線,private,14,さがみ野,004611,35.47153,139.4279,979,unassigned,0,,,
1015,たまプラーザ,東急,田園都市線,private,14,たまプラーザ,004296,35.57763,139.55955,1078,unassigned,0,,,
1013,つきみ野,東急,田園都市線,private,14,つきみ野,004486,35.51036,139.45788,1074,unassigned,0,,,
399,はるひ野,小田急,多摩線,private,14,はるひ野,004141,35.6191,139.46423,399,unassigned,0,陈嘉溢队,,2026-10-03
554,みなとみらい,横浜高速鉄道,みなとみらい21線,third,14,みなとみらい,004656,35.45847,139.63183,554,unassigned,0,,,
916,ゆめが丘,相鉄,いずみ野線,private,14,ゆめが丘,004797,35.40516,139.48192,960,unassigned,0,,,
585,センター北,横浜市営,3号線,public,14,センター北,004353,35.55394,139.57858,586,unassigned,0,,,
585,センター北,横浜市営,4号線,public,14,センター北,004354,35.55219,139.57794,1884,unassigned,0,,,
588,センター南,横浜市営,3号線,public,14,センター南,004380,35.54593,139.5746,590,unassigned,0,,,
588,センター南,横浜市営,4号線,public,14,センター南,004381,35.54452,139.57417,1885,unassigned,0,,,
722,七里ヶ浜,江ノ電,江ノ島電鉄線,private,14,七里ヶ浜,005099,35.30637,139.51024,741,unassigned,0,,,
925,三ツ境,相鉄,本線,private,14,三ツ境,004623,35.46818,139.50155,971,unassigned,0,,,
580,三ツ沢上町,横浜市営,3号線,public,14,三ツ沢上町,004602,35.47643,139.60606,580,unassigned,0,,,
584,三ツ沢下町,横浜市営,3号線,public,14,三ツ沢下町,004601,35.47651,139.61613,584,unassigned,0,,,
663,三崎口,京急,久里浜線,private,14,三崎口,005419,35.17768,139.63286,675,unassigned,0,,,
669,三浦海岸,京急,久里浜線,private,14,三浦海岸,005401,35.1878,139.65274,681,unassigned,0,,,
990,上大井,JR東海,御殿場線,jr,14,上大井,005047,35.32282,139.16253,1042,unassigned,0,,,
564,上大岡,京急,本線,private,14,上大岡,004790,35.41026,139.59658,720,unassigned,0,,,
564,上大岡,横浜市営,1号線,public,14,上大岡,004791,35.40987,139.59601,564,unassigned,0,,,
1520,上強羅,箱根登山,鋼索線,cable,14,上強羅,005245,35.24727,139.0381,1837,unassigned,0,,,
924,上星川,相鉄,本線,private,14,上星川,004624,35.468108,139.579519,970,unassigned,0,,,
571,上永谷,横浜市営,1号線,public,14,上永谷,004815,35.40104,139.57337,571,unassigned,0,,,
1265,上溝,JR東日本,相模線,jr,14,上溝,004342,35.55737,139.36332,1474,unassigned,0,,,
992,下曽我,JR東海,御殿場線,jr,14,下曽我,005105,35.3045,139.1824,1044,unassigned,0,,,
572,下永谷,横浜市営,1号線,public,14,下永谷,004808,35.40261,139.55969,572,unassigned,0,,,
1269,下溝,JR東日本,相模線,jr,14,下溝,004462,35.51876,139.38031,1479,unassigned,0,,,
576,下飯田,横浜市営,1号線,public,14,下飯田,004805,35.40324,139.48251,576,unassigned,0,,,
598,並木中央,シーサイドライン,金沢シーサイドライン,agt,14,並木中央,004930,35.3651,139.64298,600,unassigned,0,,,
595,並木北,シーサイドライン,金沢シーサイドライン,agt,14,並木北,004910,35.37164,139.64277,597,unassigned,0,,,
774,中央林間,小田急,江ノ島線,private,14,中央林間,004498,35.50738,139.44412,795,unassigned,0,,,
774,中央林間,東急,田園都市線,private,14,中央林間,004500,35.50774,139.44429,1076,unassigned,0,,,
209,中山,JR東日本,横浜線,jr,14,中山,004473,35.51435,139.54001,209,unassigned,0,甘子杰队,,2026-10-03
209,中山,横浜市営,4号線,public,14,中山,004474,35.51435,139.54001,1887,unassigned,0,,,
590,中川,横浜市営,3号線,public,14,中川,004325,35.56343,139.56912,592,unassigned,0,,,
1518,中強羅,箱根登山,鋼索線,cable,14,中強羅,005242,35.24821,139.04067,1835,unassigned,0,,,
573,中田,横浜市営,1号線,public,14,中田,004786,35.41088,139.51178,573,unassigned,0,,,
62,中野島,JR東日本,南武線,jr,14,中野島,004089,35.62989,139.5517,62,unassigned,0,小川队,,2026-10-03
59,久地,JR東日本,南武線,jr,14,久地,004179,35.60967,139.59383,59,unassigned,0,小川队,,2026-10-03
1131,久里浜,JR東日本,横須賀線,jr,14,久里浜,005273,35.23215,139.70134,1291,unassigned,0,,,
917,二俣川,相鉄,いずみ野線,private,14,二俣川,004642,35.46278,139.53156,961,unassigned,0,,,
917,二俣川,相鉄,本線,private,14,二俣川,004643,35.46278,139.53156,981,unassigned,0,,,
1007,二子新地,東急,田園都市線,private,14,二子新地,004198,35.60671,139.62212,1068,unassigned,0,,,
1336,二宮,JR東日本,東海道線,jr,14,二宮,005120,35.29917,139.258,1589,unassigned,0,,,
396,五月台,小田急,多摩線,private,14,五月台,004237,35.6,139.49407,396,unassigned,0,陈嘉溢队,,2026-10-03
550,五百羅漢,伊豆箱根鉄道,大雄山線,private,14,五百羅漢,005172,35.27491,139.15595,550,unassigned,0,,,
709,井土ヶ谷,京急,本線,private,14,井土ヶ谷,004724,35.43402,139.60118,727,unassigned,0,,,
547,井細田,伊豆箱根鉄道,大雄山線,private,14,井細田,005183,35.26865,139.15742,547,unassigned,0,,,
671,京急久里浜,京急,久里浜線,private,14,京急久里浜,005277,35.2308,139.7021,683,unassigned,0,,,
718,京急大津,京急,本線,private,14,京急大津,005202,35.26133,139.6946,737,unassigned,0,,,
713,京急富岡,京急,本線,private,14,京急富岡,004927,35.36619,139.62983,732,unassigned,0,,,
680,京急川崎,京急,大師線,private,14,京急川崎,004424,35.53338,139.70132,693,unassigned,0,,,
680,京急川崎,京急,本線,private,14,京急川崎,004425,35.53338,139.70132,704,unassigned,0,,,
695,京急新子安,京急,本線,private,14,京急新子安,004560,35.48703,139.65536,712,unassigned,0,,,
710,京急東神奈川,京急,本線,private,14,京急東神奈川,004598,35.47718,139.63444,728,unassigned,0,,,
716,京急田浦,京急,本線,private,14,京急田浦,005113,35.30146,139.62482,735,unassigned,0,,,
668,京急長沢,京急,久里浜線,private,14,京急長沢,005333,35.20524,139.67352,680,unassigned,0,,,
690,京急鶴見,京急,本線,private,14,京急鶴見,004506,35.50725,139.67811,707,unassigned,0,,,
614,京王稲田堤,京王,相模原線,private,14,京王稲田堤,004066,35.63376,139.53088,620,unassigned,0,,,
577,仲町台,横浜市営,3号線,public,14,仲町台,004416,35.53549,139.58876,577,unassigned,0,,,
563,伊勢佐木長者町,横浜市営,1号線,public,14,伊勢佐木長者町,004708,35.44065,139.63204,563,unassigned,0,,,
806,伊勢原,小田急,小田原線,private,14,伊勢原,004844,35.39638,139.31439,833,unassigned,0,,,
1330,保土ヶ谷,JR東日本,東海道線,jr,14,保土ヶ谷,004685,35.44598,139.59907,1579,unassigned,0,,,
1274,倉見,JR東日本,相模線,jr,14,倉見,004850,35.39466,139.37823,1484,unassigned,0,,,
484,元住吉,東急,東横線,private,14,元住吉,004322,35.5663,139.655,484,unassigned,0,陳偉鋒队,,2026-10-03
555,元町・中華街,横浜高速鉄道,みなとみらい21線,third,14,元町・中華街,004704,35.44296,139.64977,555,unassigned,0,,,
1526,入生田,箱根登山,鉄道線,private,14,入生田,005256,35.24097,139.1214,1844,unassigned,0,,,
1277,入谷,JR東日本,相模線,jr,14,入谷,004593,35.47871,139.3917,1487,unassigned,0,,,
696,八丁畷,京急,本線,private,14,八丁畷,004449,35.52331,139.69172,713,unassigned,0,,,
696,八丁畷,JR東日本,南武線,jr,14,八丁畷,004448,35.52323,139.69099,1672,unassigned,0,,,
591,八景島,シーサイドライン,金沢シーサイドライン,agt,14,八景島,004993,35.3406,139.64106,593,unassigned,0,,,
1515,公園上,箱根登山,鋼索線,cable,14,公園上,005240,35.24925,139.04365,1832,unassigned,0,,,
1517,公園下,箱根登山,鋼索線,cable,14,公園下,005237,35.25019,139.04639,1834,unassigned,0,,,
782,六会日大前,小田急,江ノ島線,private,14,六会日大前,004878,35.38412,139.47061,805,unassigned,0,,,
679,六浦,京急,逗子線,private,14,六浦,005043,35.32255,139.61114,691,unassigned,0,,,
664,北久里浜,京急,久里浜線,private,14,北久里浜,005241,35.24838,139.68639,676,unassigned,0,,,
1552,北山田,横浜市営,4号線,public,14,北山田,004334,35.56119,139.59218,1883,unassigned,0,,,
579,北新横浜,横浜市営,3号線,public,14,北新横浜,004459,35.5189,139.61287,579,unassigned,0,,,
1276,北茅ヶ崎,JR東日本,相模線,jr,14,北茅ヶ崎,004995,35.3392,139.40773,1486,unassigned,0,,,
1136,北鎌倉,JR東日本,横須賀線,jr,14,北鎌倉,004998,35.33721,139.54536,1296,unassigned,0,,,
210,十日市場,JR東日本,横浜線,jr,14,十日市場,004443,35.52604,139.51723,210,unassigned,0,甘子杰队,,2026-10-03
912,南万騎が原,相鉄,いずみ野線,private,14,南万騎が原,004674,35.4522,139.5264,956,unassigned,0,,,
692,南太田,京急,本線,private,14,南太田,004719,35.43699,139.61427,709,unassigned,0,,,
776,南林間,小田急,江ノ島線,private,14,南林間,004537,35.49499,139.44832,797,unassigned,0,,,
1267,南橋本,JR東日本,相模線,jr,14,南橋本,004288,35.57982,139.35238,1476,unassigned,0,,,
601,南部市場,シーサイドライン,金沢シーサイドライン,agt,14,南部市場,004886,35.3801,139.6336,603,unassigned,0,,,
801,厚木,小田急,小田原線,private,14,厚木,004703,35.44297,139.37752,828,unassigned,0,,,
801,厚木,JR東日本,相模線,jr,14,厚木,004701,35.44414,139.37864,1491,unassigned,0,,,
1268,原当麻,JR東日本,相模線,jr,14,原当麻,004437,35.52925,139.37509,1477,unassigned,0,,,
1020,反町,東急,東横線,private,14,反町,004608,35.47491,139.6254,1086,unassigned,0,,,
212,古淵,JR東日本,横浜線,jr,14,古淵,004345,35.55608,139.41905,212,unassigned,0,甘子杰队,,2026-10-03
560,吉野町,横浜市営,1号線,public,14,吉野町,004721,35.43557,139.61924,560,unassigned,0,,,
794,向ヶ丘遊園,小田急,小田原線,private,14,向ヶ丘遊園,004150,35.61683,139.56355,820,unassigned,0,,,
53,向河原,JR東日本,南武線,jr,14,向河原,004308,35.57271,139.66714,53,unassigned,0,小川队,,2026-10-03
729,和田塚,江ノ電,江ノ島電鉄線,private,14,和田塚,005080,35.31381,139.54566,748,unassigned,0,,,
543,和田河原,伊豆箱根鉄道,大雄山線,private,14,和田河原,005064,35.31601,139.11779,543,unassigned,0,,,
921,和田町,相鉄,本線,private,14,和田町,004640,35.46392,139.58594,966,unassigned,0,,,
784,善行,小田急,江ノ島線,private,14,善行,004937,35.36293,139.47324,807,unassigned,0,,,
986,国府津,JR東日本,東海道線,jr,14,国府津,005158,35.28106,139.2129,1580,unassigned,0,,,
986,国府津,JR東海,御殿場線,jr,14,国府津,005157,35.28106,139.2129,1038,unassigned,0,,,
1322,国道,JR東日本,鶴見線,jr,14,国道,004519,35.50057,139.67597,1563,unassigned,0,,,
670,堀ノ内,京急,久里浜線,private,14,堀ノ内,005199,35.26351,139.68635,682,unassigned,0,,,
670,堀ノ内,京急,本線,private,14,堀ノ内,005200,35.26351,139.68635,702,unassigned,0,,,
1525,塔ノ沢,箱根登山,鉄道線,private,14,塔ノ沢,005269,35.2344,139.0943,1843,unassigned,0,,,
551,塚原,伊豆箱根鉄道,大雄山線,private,14,塚原,005112,35.30112,139.12691,551,unassigned,0,,,
487,大倉山,東急,東横線,private,14,大倉山,004452,35.52295,139.62983,487,unassigned,0,陳偉鋒队,,2026-10-03
206,大口,JR東日本,横浜線,jr,14,大口,004546,35.4918,139.64643,206,unassigned,0,甘子杰队,,2026-10-03
781,大和,小田急,江ノ島線,private,14,大和,004618,35.46895,139.46193,804,unassigned,0,,,
781,大和,相鉄,本線,private,14,大和,004617,35.46989,139.46224,977,unassigned,0,,,
939,大山ケーブル,大山観光,大山鋼索線,cable,14,大山ケーブル,004749,35.42782,139.24473,991,unassigned,0,,,
938,大山寺,大山観光,大山鋼索線,cable,14,大山寺,004743,35.42963,139.24127,990,unassigned,0,,,
1318,大川,JR東日本,鶴見線,jr,14,大川,004540,35.49514,139.71157,1559,unassigned,0,,,
685,大師橋,京急,大師線,private,14,大師橋,004407,35.53661,139.74087,698,unassigned,0,,,
1523,大平台,箱根登山,鉄道線,private,14,大平台,005260,35.23889,139.07421,1840,unassigned,0,,,
1332,大磯,JR東日本,東海道線,jr,14,大磯,005085,35.31237,139.31471,1583,unassigned,0,,,
832,大船,JR東日本,東海道線,jr,14,大船,004959,35.35542,139.53164,1588,unassigned,0,,,
832,大船,JR東日本,根岸線,jr,14,大船,004960,35.35561,139.532,1386,unassigned,0,,,
832,大船,JR東日本,横須賀線,jr,14,大船,004961,35.3526,139.53102,1298,unassigned,0,,,
832,大船,湘南モノレール,江の島線,monorail,14,大船,004964,35.3531,139.53155,861,unassigned,0,,,
546,大雄山,伊豆箱根鉄道,大雄山線,private,14,大雄山,005057,35.31913,139.10328,546,unassigned,0,,,
920,天王町,相鉄,本線,private,14,天王町,004668,35.45424,139.60185,965,unassigned,0,,,
489,妙蓮寺,東急,東横線,private,14,妙蓮寺,004528,35.49842,139.63327,489,unassigned,0,陳偉鋒队,,2026-10-03
714,子安,京急,本線,private,14,子安,004569,35.48433,139.64435,733,unassigned,0,,,
1316,安善,JR東日本,鶴見線,jr,14,安善,004522,35.4997,139.70088,1557,unassigned,0,,,
689,安針塚,京急,本線,private,14,安針塚,005144,35.28673,139.64238,706,unassigned,0,,,
1521,宮ノ下,箱根登山,鉄道線,private,14,宮ノ下,005254,35.24223,139.06274,1838,unassigned,0,,,
1011,宮前平,東急,田園都市線,private,14,宮前平,004274,35.5851,139.58347,1072,unassigned,0,,,
1278,宮山,JR東日本,相模線,jr,14,宮山,004880,35.38189,139.3797,1488,unassigned,0,,,
1010,宮崎台,東急,田園都市線,private,14,宮崎台,004271,35.58668,139.58993,1071,unassigned,0,,,
60,宿河原,JR東日本,南武線,jr,14,宿河原,004158,35.61515,139.58022,60,unassigned,0,小川队,,2026-10-03
553,富士フイルム前,伊豆箱根鉄道,大雄山線,private,14,富士フイルム前,005060,35.3178,139.10911,553,unassigned,0,,,
835,富士見町,湘南モノレール,江の島線,monorail,14,富士見町,004978,35.34562,139.52957,864,unassigned,0,,,
807,富水,小田急,小田原線,private,14,富水,005123,35.2974,139.14491,834,unassigned,0,,,
1279,寒川,JR東日本,相模線,jr,14,寒川,004920,35.3674,139.38773,1490,unassigned,0,,,
682,小島新田,京急,大師線,private,14,小島新田,004418,35.53457,139.74795,695,unassigned,0,,,
207,小机,JR東日本,横浜線,jr,14,小机,004495,35.50824,139.60046,207,unassigned,0,甘子杰队,,2026-10-03
1527,小涌谷,箱根登山,鉄道線,private,14,小涌谷,005258,35.24049,139.05281,1846,unassigned,0,,,
544,小田原,伊豆箱根鉄道,大雄山線,private,14,小田原,005214,35.25613,139.15631,544,unassigned,0,,,
544,小田原,小田急,小田原線,private,14,小田原,005215,35.25707,139.15595,821,unassigned,0,,,
544,小田原,JR東日本,東海道線,jr,14,小田原,005218,35.25486,139.15489,1590,unassigned,0,,,
544,小田原,JR東海,東海道新幹線,shinkansen,14,小田原,005217,35.25501,139.15371,1049,unassigned,0,,,
544,小田原,箱根登山,鉄道線,private,14,小田原,005216,35.25707,139.15595,1845,unassigned,0,,,
792,小田急相模原,小田急,小田原線,private,14,小田急相模原,004470,35.51625,139.42363,818,unassigned,0,,,
1562,小田栄,JR東日本,南武線,jr,14,小田栄,004475,35.514863,139.704418,1908,unassigned,0,,,
49,尻手,JR東日本,南武線,jr,14,尻手,004435,35.53158,139.68401,49,unassigned,0,小川队,,2026-10-03
711,屏風浦,京急,本線,private,14,屏風浦,004852,35.39458,139.60997,729,unassigned,0,,,
987,山北,JR東海,御殿場線,jr,14,山北,004941,35.36055,139.079,1039,unassigned,0,,,
1199,山手,JR東日本,根岸線,jr,14,山手,004752,35.42591,139.64685,1376,unassigned,0,,,
545,岩原,伊豆箱根鉄道,大雄山線,private,14,岩原,005117,35.29857,139.12903,545,unassigned,0,,,
582,岸根公園,横浜市営,3号線,public,14,岸根公園,004539,35.49504,139.61631,582,unassigned,0,,,
1553,川和町,横浜市営,4号線,public,14,川和町,004438,35.52817,139.54869,1886,unassigned,0,,,
1327,川崎,JR東日本,南武線,jr,14,川崎,004433,35.532,139.69758,1670,unassigned,0,,,
1327,川崎,JR東日本,東海道線,jr,14,川崎,004432,35.532,139.69758,1573,unassigned,0,,,
686,川崎大師,京急,大師線,private,14,川崎大師,004413,35.53585,139.72641,699,unassigned,0,,,
1395,川崎新町,JR東日本,南武線,jr,14,川崎新町,004461,35.51859,139.69886,1671,unassigned,0,,,
1014,市が尾,東急,田園都市線,private,14,市が尾,004360,35.55172,139.5417,1075,unassigned,0,,,
603,市大医学部,シーサイドライン,金沢シーサイドライン,agt,14,市大医学部,004984,35.34425,139.65012,605,unassigned,0,,,
931,希望ヶ丘,相鉄,本線,private,14,希望ヶ丘,004652,35.46077,139.51255,978,unassigned,0,,,
1331,平塚,JR東日本,東海道線,jr,14,平塚,005034,35.32798,139.35082,1582,unassigned,0,,,
923,平沼橋,相鉄,本線,private,14,平沼橋,004653,35.4595,139.61615,968,unassigned,0,,,
52,平間,JR東日本,南武線,jr,14,平間,004336,35.56098,139.67094,52,unassigned,0,小川队,,2026-10-03
593,幸浦,シーサイドライン,金沢シーサイドライン,agt,14,幸浦,004951,35.35805,139.64369,595,unassigned,0,,,
799,座間,小田急,小田原線,private,14,座間,004584,35.48173,139.39986,826,unassigned,0,,,
1317,弁天橋,JR東日本,鶴見線,jr,14,弁天橋,004536,35.49592,139.69003,1558,unassigned,0,,,
699,弘明寺,京急,本線,private,14,弘明寺,004756,35.42449,139.59679,716,unassigned,0,,,
565,弘明寺,横浜市営,1号線,public,14,弘明寺,004761,35.42359,139.60227,565,unassigned,0,,,
914,弥生台,相鉄,いずみ野線,private,14,弥生台,004742,35.42975,139.50586,958,unassigned,0,,,
1516,強羅,箱根登山,鉄道線,private,14,強羅,005231,35.25124,139.04816,1842,unassigned,0,,,
1516,強羅,箱根登山,鋼索線,cable,14,強羅,005232,35.25087,139.04826,1833,unassigned,0,,,
1524,彫刻の森,箱根登山,鉄道線,private,14,彫刻の森,005246,35.24679,139.05039,1841,unassigned,0,,,
1005,恩田,東急,こどもの国線,private,14,恩田,004377,35.54596,139.49176,1061,unassigned,0,,,
796,愛甲石田,小田急,小田原線,private,14,愛甲石田,004771,35.41817,139.34465,823,unassigned,0,,,
575,戸塚,JR東日本,東海道線,jr,14,戸塚,004824,35.4017,139.53392,1581,unassigned,0,,,
575,戸塚,横浜市営,1号線,public,14,戸塚,004818,35.40113,139.53556,575,unassigned,0,,,
708,戸部,京急,本線,private,14,戸部,004660,35.45619,139.61976,726,unassigned,0,,,
1314,扇町,JR東日本,鶴見線,jr,14,扇町,004518,35.50145,139.7223,1555,unassigned,0,,,
483,新丸子,東急,東横線,private,14,新丸子,004287,35.581,139.6622,483,unassigned,0,陳偉鋒队,,2026-10-03
666,新大津,京急,久里浜線,private,14,新大津,005211,35.25755,139.6904,678,unassigned,0,,,
1329,新子安,JR東日本,東海道線,jr,14,新子安,004562,35.48629,139.65298,1576,unassigned,0,,,
1328,新川崎,JR東日本,東海道線,jr,14,新川崎,004358,35.55309,139.67088,1575,unassigned,0,,,
599,新杉田,JR東日本,根岸線,jr,14,新杉田,004872,35.38754,139.61884,1381,unassigned,0,,,
599,新杉田,シーサイドライン,金沢シーサイドライン,agt,14,新杉田,004876,35.38545,139.62108,601,unassigned,0,,,
797,新松田,小田急,小田原線,private,14,新松田,004981,35.34432,139.13878,824,unassigned,0,,,
586,新横浜,JR東日本,横浜線,jr,14,新横浜,004504,35.50687,139.61849,1299,unassigned,0,,,
586,新横浜,JR東海,東海道新幹線,shinkansen,14,新横浜,004501,35.50592,139.61585,1048,unassigned,0,,,
586,新横浜,横浜市営,3号線,public,14,新横浜,004493,35.5088,139.61753,587,unassigned,0,,,
395,新百合ヶ丘,小田急,多摩線,private,14,新百合ヶ丘,004228,35.60306,139.50667,838,unassigned,0,,,
395,新百合ヶ丘,小田急,小田原線,private,14,新百合ヶ丘,004227,35.60306,139.50667,395,unassigned,0,陈嘉溢队,,2026-10-03
581,新羽,横浜市営,3号線,public,14,新羽,004439,35.52781,139.61194,581,unassigned,0,,,
1319,新芝浦,JR東日本,鶴見線,jr,14,新芝浦,004547,35.4915,139.7004,1560,unassigned,0,,,
556,新高島,横浜高速鉄道,みなとみらい21線,third,14,新高島,004647,35.46196,139.62567,556,unassigned,0,,,
719,日ノ出町,京急,本線,private,14,日ノ出町,004696,35.44591,139.62652,738,unassigned,0,,,
485,日吉,東急,東横線,private,14,日吉,004351,35.55516,139.64737,485,unassigned,0,陳偉鋒队,,2026-10-03
485,日吉,横浜市営,4号線,public,14,日吉,004352,35.55342,139.64646,1879,unassigned,0,,,
1549,日吉本町,横浜市営,4号線,public,14,日吉本町,004366,35.549617,139.632789,1880,unassigned,0,,,
558,日本大通り,横浜高速鉄道,みなとみらい21線,third,14,日本大通り,004686,35.44735,139.64175,558,unassigned,0,,,
1333,早川,JR東日本,東海道線,jr,14,早川,005261,35.24005,139.14558,1584,unassigned,0,,,
1519,早雲山,箱根登山,鋼索線,cable,14,早雲山,005247,35.24661,139.03622,1836,unassigned,0,,,
922,星川,相鉄,本線,private,14,星川,004655,35.45881,139.59467,967,unassigned,0,,,
1320,昭和,JR東日本,鶴見線,jr,14,昭和,004503,35.5072,139.72381,1561,unassigned,0,,,
802,本厚木,小田急,小田原線,private,14,本厚木,004715,35.43856,139.36355,829,unassigned,0,,,
1204,本郷台,JR東日本,根岸線,jr,14,本郷台,004919,35.36811,139.5512,1385,unassigned,0,,,
779,本鵠沼,小田急,江ノ島線,private,14,本鵠沼,005022,35.33134,139.47561,802,unassigned,0,,,
691,杉田,京急,本線,private,14,杉田,004877,35.38427,139.61541,708,unassigned,0,,,
988,東山北,JR東海,御殿場線,jr,14,東山北,004952,35.35792,139.10733,1040,unassigned,0,,,
1551,東山田,横浜市営,4号線,public,14,東山田,004350,35.55425,139.60565,1882,unassigned,0,,,
1335,東戸塚,JR東日本,東海道線,jr,14,東戸塚,004741,35.42876,139.55652,1587,unassigned,0,,,
775,東林間,小田急,江ノ島線,private,14,東林間,004457,35.51938,139.43948,796,unassigned,0,,,
809,東海大学前,小田急,小田原線,private,14,東海大学前,004909,35.37317,139.27125,836,unassigned,0,,,
491,東白楽,東急,東横線,private,14,東白楽,004572,35.4831,139.62963,491,unassigned,0,陳偉鋒队,,2026-10-03
205,東神奈川,JR東日本,東海道線,jr,14,東神奈川,004597,35.47869,139.63393,1906,unassigned,0,,,
205,東神奈川,JR東日本,横浜線,jr,14,東神奈川,004596,35.47706,139.6324,205,unassigned,0,甘子杰队,,2026-10-03
1134,東逗子,JR東日本,横須賀線,jr,14,東逗子,005118,35.29869,139.60243,1294,unassigned,0,,,
683,東門前,京急,大師線,private,14,東門前,004408,35.53659,139.73471,696,unassigned,0,,,
989,松田,JR東海,御殿場線,jr,14,松田,004977,35.34621,139.13852,1041,unassigned,0,,,
724,柳小路,江ノ電,江ノ島電鉄線,private,14,柳小路,005035,35.32752,139.48523,743,unassigned,0,,,
790,柿生,小田急,小田原線,private,14,柿生,004263,35.58891,139.49711,815,unassigned,0,,,
397,栗平,小田急,多摩線,private,14,栗平,004214,35.60545,139.48185,397,unassigned,0,陈嘉溢队,,2026-10-03
800,栢山,小田急,小田原線,private,14,栢山,005088,35.31096,139.14252,827,unassigned,0,,,
1202,根岸,JR東日本,根岸線,jr,14,根岸,004772,35.41615,139.63725,1382,unassigned,0,,,
1337,根府川,JR東日本,東海道線,jr,14,根府川,005342,35.20386,139.13947,1591,unassigned,0,,,
780,桜ヶ丘,小田急,江ノ島線,private,14,桜ヶ丘,004676,35.45,139.4657,803,unassigned,0,,,
587,桜木町,JR東日本,根岸線,jr,14,桜木町,004675,35.45186,139.63005,1384,unassigned,0,,,
587,桜木町,横浜市営,3号線,public,14,桜木町,004682,35.44908,139.63118,588,unassigned,0,,,
1008,梶が谷,東急,田園都市線,private,14,梶が谷,004257,35.59322,139.60513,1069,unassigned,0,,,
730,極楽寺,江ノ電,江ノ島電鉄線,private,14,極楽寺,005091,35.30937,139.52874,749,unassigned,0,,,
559,横浜,京急,本線,private,14,横浜,004631,35.46528,139.62237,731,unassigned,0,,,
559,横浜,東急,東横線,private,14,横浜,004628,35.46687,139.62275,1087,unassigned,0,,,
559,横浜,JR東日本,東海道線,jr,14,横浜,004634,35.46467,139.6217,1574,unassigned,0,,,
559,横浜,JR東日本,根岸線,jr,14,横浜,004635,35.46467,139.6217,1377,unassigned,0,,,
559,横浜,横浜市営,3号線,public,14,横浜,004636,35.46462,139.6205,585,unassigned,0,,,
559,横浜,横浜高速鉄道,みなとみらい21線,third,14,横浜,004629,35.46687,139.62275,559,unassigned,0,,,
559,横浜,相鉄,本線,private,14,横浜,004633,35.46693,139.62313,969,unassigned,0,,,
1132,横須賀,JR東日本,横須賀線,jr,14,横須賀,005149,35.28448,139.65382,1292,unassigned,0,,,
701,横須賀中央,京急,本線,private,14,横須賀中央,005163,35.27902,139.66937,718,unassigned,0,,,
216,橋本,京王,相模原線,private,14,橋本,004250,35.5947,139.34438,216,unassigned,0,甘子杰队,,2026-10-03
216,橋本,JR東日本,横浜線,jr,14,橋本,004253,35.59532,139.34418,1301,unassigned,0,,,
216,橋本,JR東日本,相模線,jr,14,橋本,004254,35.59532,139.34418,1478,unassigned,0,,,
55,武蔵中原,JR東日本,南武線,jr,14,武蔵中原,004286,35.58094,139.64144,55,unassigned,0,小川队,,2026-10-03
54,武蔵小杉,東急,東横線,private,14,武蔵小杉,004298,35.57663,139.66006,54,unassigned,0,小川队,,2026-10-03
54,武蔵小杉,JR東日本,南武線,jr,14,武蔵小杉,004297,35.57658,139.65925,1673,unassigned,0,,,
1558,武蔵小杉,JR東日本,東海道線,jr,14,武蔵小杉,004301,35.576022,139.66332,1895,unassigned,0,,,
56,武蔵新城,JR東日本,南武線,jr,14,武蔵新城,004269,35.58688,139.63035,56,unassigned,0,小川队,,2026-10-03
57,武蔵溝ノ口,JR東日本,南武線,jr,14,武蔵溝ノ口,004242,35.59818,139.6122,57,unassigned,0,小川队,,2026-10-03
1323,武蔵白石,JR東日本,鶴見線,jr,14,武蔵白石,004517,35.50181,139.70619,1564,unassigned,0,,,
693,汐入,京急,本線,private,14,汐入,005161,35.28029,139.66184,710,unassigned,0,,,
736,江ノ島,江ノ電,江ノ島電鉄線,private,14,江ノ島,005087,35.31092,139.48787,755,unassigned,0,,,
1019,江田,東急,田園都市線,private,14,江田,004340,35.55889,139.55163,1083,unassigned,0,,,
1201,洋光台,JR東日本,根岸線,jr,14,洋光台,004894,35.37897,139.59747,1379,unassigned,0,,,
667,津久井浜,京急,久里浜線,private,14,津久井浜,005356,35.19767,139.66428,679,unassigned,0,,,
58,津田山,JR東日本,南武線,jr,14,津田山,004229,35.60328,139.60136,58,unassigned,0,小川队,,2026-10-03
1321,浅野,JR東日本,鶴見線,jr,14,浅野,004531,35.49771,139.69598,1562,unassigned,0,,,
1315,浜川崎,JR東日本,南武線,jr,14,浜川崎,004488,35.51045,139.71343,1669,unassigned,0,,,
1315,浜川崎,JR東日本,鶴見線,jr,14,浜川崎,004489,35.50954,139.71309,1556,unassigned,0,,,
706,浦賀,京急,本線,private,14,浦賀,005227,35.25112,139.71502,724,unassigned,0,,,
600,海の公園南口,シーサイドライン,金沢シーサイドライン,agt,14,海の公園南口,005003,35.33754,139.63217,602,unassigned,0,,,
594,海の公園柴口,シーサイドライン,金沢シーサイドライン,agt,14,海の公園柴口,004988,35.34236,139.63622,596,unassigned,0,,,
795,海老名,小田急,小田原線,private,14,海老名,004672,35.45355,139.39182,822,unassigned,0,,,
795,海老名,JR東日本,相模線,jr,14,海老名,004666,35.45443,139.3897,1489,unassigned,0,,,
795,海老名,相鉄,本線,private,14,海老名,004670,35.45296,139.39167,980,unassigned,0,,,
1324,海芝浦,JR東日本,鶴見線,jr,14,海芝浦,004564,35.48597,139.70029,1565,unassigned,0,,,
213,淵野辺,JR東日本,横浜線,jr,14,淵野辺,004315,35.56897,139.39439,213,unassigned,0,甘子杰队,,2026-10-03
808,渋沢,小田急,小田原線,private,14,渋沢,004906,35.3739,139.1856,835,unassigned,0,,,
562,港南中央,横浜市営,1号線,public,14,港南中央,004816,35.40153,139.59194,562,unassigned,0,,,
1205,港南台,JR東日本,根岸線,jr,14,港南台,004900,35.37534,139.5771,1387,unassigned,0,,,
684,港町,京急,大師線,private,14,港町,004417,35.53503,139.71314,697,unassigned,0,,,
568,湘南台,小田急,江ノ島線,private,14,湘南台,004840,35.39701,139.46632,798,unassigned,0,,,
568,湘南台,横浜市営,1号線,public,14,湘南台,004842,35.39602,139.4652,568,unassigned,0,,,
568,湘南台,相鉄,いずみ野線,private,14,湘南台,004843,35.39602,139.4652,962,unassigned,0,,,
834,湘南江の島,湘南モノレール,江の島線,monorail,14,湘南江の島,005083,35.31202,139.48801,863,unassigned,0,,,
726,湘南海岸公園,江ノ電,江ノ島電鉄線,private,14,湘南海岸公園,005071,35.31506,139.48352,745,unassigned,0,,,
833,湘南深沢,湘南モノレール,江の島線,monorail,14,湘南深沢,005015,35.33279,139.51871,862,unassigned,0,,,
836,湘南町屋,湘南モノレール,江の島線,monorail,14,湘南町屋,004999,35.33816,139.52275,865,unassigned,0,,,
1339,湯河原,JR東日本,東海道線,jr,14,湯河原,005541,35.1469,139.10386,1593,unassigned,0,,,
63,溝の口,東急,田園都市線,private,14,溝の口,004238,35.59929,139.60978,63,unassigned,0,小川队,,2026-10-03
929,瀬谷,相鉄,本線,private,14,瀬谷,004615,35.47037,139.48215,975,unassigned,0,,,
583,片倉町,横浜市営,3号線,public,14,片倉町,004551,35.48947,139.606,583,unassigned,0,,,
837,片瀬山,湘南モノレール,江の島線,monorail,14,片瀬山,005062,35.31729,139.49654,866,unassigned,0,,,
785,片瀬江ノ島,小田急,江ノ島線,private,14,片瀬江ノ島,005090,35.30887,139.4835,808,unassigned,0,,,
788,生田,小田急,小田原線,private,14,生田,004159,35.61482,139.54065,813,unassigned,0,,,
698,生麦,京急,本線,private,14,生麦,004538,35.49524,139.66691,715,unassigned,0,,,
592,産業振興センター,シーサイドライン,金沢シーサイドライン,agt,14,産業振興センター,004962,35.35343,139.6459,594,unassigned,0,,,
1016,田奈,東急,田園都市線,private,14,田奈,004412,35.53633,139.50506,1080,unassigned,0,,,
1133,田浦,JR東日本,横須賀線,jr,14,田浦,005133,35.29276,139.63816,1293,unassigned,0,,,
727,由比ヶ浜,江ノ電,江ノ島電鉄線,private,14,由比ヶ浜,005081,35.31295,139.54184,746,unassigned,0,,,
1266,番田,JR東日本,相模線,jr,14,番田,004379,35.5451,139.36337,1475,unassigned,0,,,
61,登戸,小田急,小田原線,private,14,登戸,004130,35.62007,139.56878,61,unassigned,0,小川队,,2026-10-03
61,登戸,JR東日本,南武線,jr,14,登戸,004131,35.62035,139.57105,1676,unassigned,0,,,
490,白楽,東急,東横線,private,14,白楽,004554,35.48912,139.62779,490,unassigned,0,陳偉鋒队,,2026-10-03
789,百合ヶ丘,小田急,小田原線,private,14,百合ヶ丘,004185,35.60866,139.51514,814,unassigned,0,,,
831,目白山下,湘南モノレール,江の島線,monorail,14,目白山下,005078,35.31422,139.49178,860,unassigned,0,,,
215,相模原,JR東日本,横浜線,jr,14,相模原,004284,35.58097,139.37162,215,unassigned,0,甘子杰队,,2026-10-03
926,相模大塚,相鉄,本線,private,14,相模大塚,004614,35.47065,139.44055,972,unassigned,0,,,
772,相模大野,小田急,小田原線,private,14,相模大野,004427,35.53329,139.43879,817,unassigned,0,,,
772,相模大野,小田急,江ノ島線,private,14,相模大野,004426,35.53111,139.43698,793,unassigned,0,,,
549,相模沼田,伊豆箱根鉄道,大雄山線,private,14,相模沼田,005135,35.292,139.13429,549,unassigned,0,,,
1311,相模湖,JR東日本,中央線,jr,14,相模湖,004148,35.61761,139.18743,1550,unassigned,0,,,
991,相模金子,JR東海,御殿場線,jr,14,相模金子,005013,35.33454,139.14971,1043,unassigned,0,,,
1270,相武台下,JR東日本,相模線,jr,14,相武台下,004544,35.49329,139.38622,1480,unassigned,0,,,
793,相武台前,小田急,小田原線,private,14,相武台前,004525,35.49995,139.40909,819,unassigned,0,,,
715,県立大学,京急,本線,private,14,県立大学,005181,35.27041,139.67611,734,unassigned,0,,,
1340,真鶴,JR東日本,東海道線,jr,14,真鶴,005510,35.15599,139.13102,1595,unassigned,0,,,
50,矢向,JR東日本,南武線,jr,14,矢向,004403,35.53996,139.68017,50,unassigned,0,小川队,,2026-10-03
214,矢部,JR東日本,横浜線,jr,14,矢部,004304,35.5735,139.38577,214,unassigned,0,甘子杰队,,2026-10-03
731,石上,江ノ電,江ノ島電鉄線,private,14,石上,005017,35.33277,139.48565,750,unassigned,0,,,
1200,石川町,JR東日本,根岸線,jr,14,石川町,004716,35.43952,139.64263,1378,unassigned,0,,,
1203,磯子,JR東日本,根岸線,jr,14,磯子,004821,35.40149,139.61909,1383,unassigned,0,,,
1273,社家,JR東日本,相模線,jr,14,社家,004765,35.42074,139.37716,1483,unassigned,0,,,
705,神奈川,京急,本線,private,14,神奈川,004612,35.47099,139.62719,723,unassigned,0,,,
717,神奈川新町,京急,本線,private,14,神奈川新町,004579,35.48104,139.63956,736,unassigned,0,,,
678,神武寺,京急,逗子線,private,14,神武寺,005098,35.30601,139.5926,690,unassigned,0,,,
602,福浦,シーサイドライン,金沢シーサイドライン,agt,14,福浦,004968,35.34995,139.64852,604,unassigned,0,,,
803,秦野,小田急,小田原線,private,14,秦野,004913,35.36956,139.22685,830,unassigned,0,,,
732,稲村ヶ崎,江ノ電,江ノ島電鉄線,private,14,稲村ヶ崎,005103,35.30434,139.52254,751,unassigned,0,,,
1396,稲田堤,JR東日本,南武線,jr,14,稲田堤,004067,35.63322,139.53675,1675,unassigned,0,,,
542,穴部,伊豆箱根鉄道,大雄山線,private,14,穴部,005162,35.27962,139.14904,542,unassigned,0,,,
574,立場,横浜市営,1号線,public,14,立場,004775,35.41447,139.50135,574,unassigned,0,,,
1528,箱根板橋,箱根登山,鉄道線,private,14,箱根板橋,005250,35.24525,139.14479,1847,unassigned,0,,,
1522,箱根湯本,箱根登山,鉄道線,private,14,箱根湯本,005271,35.23374,139.10429,1839,unassigned,0,,,
486,綱島,東急,東横線,private,14,綱島,004406,35.53717,139.6351,486,unassigned,0,陳偉鋒队,,2026-10-03
915,緑園都市,相鉄,いずみ野線,private,14,緑園都市,004714,35.43881,139.52153,959,unassigned,0,,,
548,緑町,伊豆箱根鉄道,大雄山線,private,14,緑町,005208,35.259,139.15844,548,unassigned,0,,,
1566,羽沢横浜国大,JR東日本,東海道線,jr,14,羽沢横浜国大,004581,35.480554,139.585224,1913,unassigned,0,,,
1566,羽沢横浜国大,相鉄,相鉄新横浜線,private,14,羽沢横浜国大,004582,35.480554,139.585224,1912,unassigned,0,,,
702,能見台,京急,本線,private,14,能見台,004944,35.36119,139.62947,719,unassigned,0,,,
735,腰越,江ノ電,江ノ島電鉄線,private,14,腰越,005093,35.30823,139.49359,754,unassigned,0,,,
570,舞岡,横浜市営,1号線,public,14,舞岡,004810,35.40269,139.55201,570,unassigned,0,,,
700,花月総持寺,京急,本線,private,14,花月総持寺,004520,35.50002,139.67252,717,unassigned,0,,,
613,若葉台,京王,相模原線,private,14,若葉台,004139,35.61928,139.47342,618,unassigned,0,,,
1275,茅ヶ崎,JR東日本,東海道線,jr,14,茅ヶ崎,005024,35.33122,139.4096,1586,unassigned,0,,,
1275,茅ヶ崎,JR東日本,相模線,jr,14,茅ヶ崎,005023,35.33035,139.40606,1485,unassigned,0,,,
488,菊名,東急,東横線,private,14,菊名,004487,35.51127,139.63118,488,unassigned,0,陳偉鋒队,,2026-10-03
488,菊名,JR東日本,横浜線,jr,14,菊名,004490,35.50968,139.62893,1300,unassigned,0,,,
566,蒔田,横浜市営,1号線,public,14,蒔田,004737,35.43074,139.61113,566,unassigned,0,,,
1017,藤が丘,東急,田園都市線,private,14,藤が丘,004391,35.54347,139.52805,1081,unassigned,0,,,
734,藤沢,小田急,江ノ島線,private,14,藤沢,004997,35.33858,139.4864,800,unassigned,0,,,
734,藤沢,JR東日本,東海道線,jr,14,藤沢,004996,35.33876,139.48473,1594,unassigned,0,,,
734,藤沢,江ノ電,江ノ島電鉄線,private,14,藤沢,005001,35.33772,139.48743,753,unassigned,0,,,
783,藤沢本町,小田急,江ノ島線,private,14,藤沢本町,004973,35.34854,139.47566,806,unassigned,0,,,
1310,藤野,JR東日本,中央線,jr,14,藤野,004156,35.61607,139.15063,1549,unassigned,0,,,
810,螢田,小田急,小田原線,private,14,螢田,005146,35.28547,139.15154,837,unassigned,0,,,
1130,衣笠,JR東日本,横須賀線,jr,14,衣笠,005210,35.2575,139.65974,1290,unassigned,0,,,
919,西横浜,相鉄,本線,private,14,西横浜,004669,35.45325,139.60835,964,unassigned,0,,,
928,西谷,相鉄,本線,private,14,西谷,004595,35.478112,139.564331,974,unassigned,0,,,
928,西谷,相鉄,相鉄新横浜線,private,14,西谷,004594,35.478112,139.564331,1920,unassigned,0,,,
830,西鎌倉,湘南モノレール,江の島線,monorail,14,西鎌倉,005053,35.31926,139.50405,859,unassigned,0,,,
787,読売ランド前,小田急,小田原線,private,14,読売ランド前,004160,35.61484,139.52706,812,unassigned,0,,,
993,谷峨,JR東海,御殿場線,jr,14,谷峨,004929,35.36694,139.03815,1045,unassigned,0,,,
798,足柄,小田急,小田原線,private,14,足柄,005178,35.27212,139.15447,825,unassigned,0,,,
569,踊場,横浜市営,1号線,public,14,踊場,004796,35.40528,139.51895,569,unassigned,0,,,
1334,辻堂,JR東日本,東海道線,jr,14,辻堂,005004,35.33674,139.44401,1585,unassigned,0,,,
697,追浜,京急,本線,private,14,追浜,005066,35.31632,139.62459,714,unassigned,0,,,
1135,逗子,JR東日本,横須賀線,jr,14,逗子,005121,35.29759,139.57965,1295,unassigned,0,,,
677,逗子・葉山,京急,逗子線,private,14,逗子・葉山,005130,35.29364,139.58036,689,unassigned,0,,,
694,逸見,京急,本線,private,14,逸見,005159,35.28092,139.652,711,unassigned,0,,,
1557,都筑ふれあいの丘,横浜市営,4号線,public,14,都筑ふれあいの丘,004409,35.536346,139.560705,1894,unassigned,0,,,
597,金沢八景,京急,本線,private,14,金沢八景,005021,35.33047,139.62014,703,unassigned,0,,,
597,金沢八景,京急,逗子線,private,14,金沢八景,005020,35.33047,139.62014,692,unassigned,0,,,
597,金沢八景,シーサイドライン,金沢シーサイドライン,agt,14,金沢八景,005019,35.331602,139.620321,599,unassigned,0,,,
703,金沢文庫,京急,本線,private,14,金沢文庫,004986,35.34372,139.62189,721,unassigned,0,,,
681,鈴木町,京急,大師線,private,14,鈴木町,004415,35.5354,139.72109,694,unassigned,0,,,
723,鎌倉,JR東日本,横須賀線,jr,14,鎌倉,005055,35.31826,139.55039,1297,unassigned,0,,,
723,鎌倉,江ノ電,江ノ島電鉄線,private,14,鎌倉,005059,35.31849,139.55009,742,unassigned,0,,,
728,鎌倉高校前,江ノ電,江ノ島電鉄線,private,14,鎌倉高校前,005096,35.30675,139.50076,747,unassigned,0,,,
777,長後,小田急,江ノ島線,private,14,長後,004782,35.4128,139.46538,799,unassigned,0,,,
211,長津田,東急,こどもの国線,private,14,長津田,004429,35.53185,139.49536,211,unassigned,0,甘子杰队,,2026-10-03
211,長津田,東急,田園都市線,private,14,長津田,004430,35.53181,139.49313,1077,unassigned,0,,,
211,長津田,JR東日本,横浜線,jr,14,長津田,004431,35.53159,139.49429,1303,unassigned,0,,,
733,長谷,江ノ電,江ノ島電鉄線,private,14,長谷,005086,35.3114,139.53654,752,unassigned,0,,,
1272,門沢橋,JR東日本,相模線,jr,14,門沢橋,004795,35.40643,139.38022,1482,unassigned,0,,,
805,開成,小田急,小田原線,private,14,開成,005037,35.32681,139.13567,832,unassigned,0,,,
567,関内,JR東日本,根岸線,jr,14,関内,004699,35.44357,139.63686,1380,unassigned,0,,,
567,関内,横浜市営,1号線,public,14,関内,004691,35.44537,139.63673,567,unassigned,0,,,
567,関内,横浜市営,3号線,public,14,関内,004692,35.44537,139.63673,589,unassigned,0,,,
561,阪東橋,横浜市営,1号線,public,14,阪東橋,004718,35.43728,139.6244,561,unassigned,0,,,
940,阿夫利神社,大山観光,大山鋼索線,cable,14,阿夫利神社,004732,35.43167,139.2378,992,unassigned,0,,,
1012,青葉台,東急,田園都市線,private,14,青葉台,004392,35.54289,139.51795,1073,unassigned,0,,,
1529,風祭,箱根登山,鉄道線,private,14,風祭,005248,35.24617,139.12876,1848,unassigned,0,,,
552,飯田岡,伊豆箱根鉄道,大雄山線,private,14,飯田岡,005140,35.28767,139.13962,552,unassigned,0,,,
1271,香川,JR東日本,相模線,jr,14,香川,004953,35.35621,139.39991,1481,unassigned,0,,,
704,馬堀海岸,京急,本線,private,14,馬堀海岸,005206,35.25958,139.70699,722,unassigned,0,,,
557,馬車道,横浜高速鉄道,みなとみらい21線,third,14,馬車道,004679,35.4505,139.63519,557,unassigned,0,,,
578,高島町,横浜市営,3号線,public,14,高島町,004654,35.4581,139.62414,578,unassigned,0,,,
786,高座渋谷,小田急,江ノ島線,private,14,高座渋谷,004729,35.43159,139.4647,809,unassigned,0,,,
1009,高津,東急,田園都市線,private,14,高津,004230,35.60303,139.61681,1070,unassigned,0,,,
1550,高田,横浜市営,4号線,public,14,高田,004370,35.54985,139.61977,1881,unassigned,0,,,
596,鳥浜,シーサイドライン,金沢シーサイドライン,agt,14,鳥浜,004896,35.37691,139.64203,598,unassigned,0,,,
1338,鴨宮,JR東日本,東海道線,jr,14,鴨宮,005170,35.27543,139.17833,1592,unassigned,0,,,
208,鴨居,JR東日本,横浜線,jr,14,鴨居,004485,35.51099,139.56781,208,unassigned,0,甘子杰队,,2026-10-03
725,鵠沼,江ノ電,江ノ島電鉄線,private,14,鵠沼,005048,35.32116,139.48256,744,unassigned,0,,,
778,鵠沼海岸,小田急,江ノ島線,private,14,鵠沼海岸,005049,35.3204,139.47144,801,unassigned,0,,,
927,鶴ヶ峰,相鉄,本線,private,14,鶴ヶ峰,004604,35.47493,139.54941,973,unassigned,0,,,
804,鶴巻温泉,小田急,小田原線,private,14,鶴巻温泉,004885,35.38099,139.2779,831,unassigned,0,,,
1312,鶴見,JR東日本,東海道線,jr,14,鶴見,004496,35.50958,139.67649,1577,unassigned,0,,,
1312,鶴見,JR東日本,鶴見線,jr,14,鶴見,004499,35.50822,139.67583,1553,unassigned,0,,,
1313,鶴見小野,JR東日本,鶴見線,jr,14,鶴見小野,004532,35.49733,139.68097,1554,unassigned,0,,,
712,鶴見市場,京急,本線,private,14,鶴見市場,004465,35.51801,139.68677,730,unassigned,0,,,
773,鶴間,小田急,江ノ島線,private,14,鶴間,004549,35.48991,139.45098,794,unassigned,0,,,
1018,鷺沼,東急,田園都市線,private,14,鷺沼,004290,35.57921,139.57255,1082,unassigned,0,,,
51,鹿島田,JR東日本,南武線,jr,14,鹿島田,004359,35.55183,139.67481,51,unassigned,0,小川队,,2026-10-03
707,黄金町,京急,本線,private,14,黄金町,004712,35.4399,139.62315,725,unassigned,0,,,
398,黒川,小田急,多摩線,private,14,黒川,004168,35.61275,139.47118,398,unassigned,0,陈嘉溢队,,2026-10-03
